[2026-09-01 13:08:37] Production.ERROR: SQLSTATE[42S22]: Column not found: 1054 Unknown column 'spd.known_as' in 'field list' (Connection: mysql, SQL: select coalesce(spd.old_property_id,pm.old_propert_id) as old_property_id, coalesce(spd.known_as, pld.presently_known_as) as known_as, coalesce(spd.area_in_sqm, pld.plot_area_in_sqm) as area_in_sqm, COALESCE(d.balance_aamount, 0) + COALESCE(od.outstanding, 0) as outstanding from `property_masters` as `pm` left join `property_lease_details` as `pld` on `pm`.`id` = `pld`.`property_master_id` left join `splited_property_details` as `spd` on `pm`.`id` = `spd`.`property_master_id` left join (select * from demands where flat_id is null and status in (1497,1499)) as d on `pm`.`id` = `d`.`property_master_id` and ((`pm`.`is_joint_property` is null and `d`.`splited_property_detail_id` is null) or (`pm`.`is_joint_property` is not null and `d`.`splited_property_detail_id` = `spd`.`id`)) left join ( select property_id, sum(outstanding) as outstanding from old_demands group by property_id) as od on `pm`.`old_propert_id` = `od`.`property_id` or `spd`.`old_property_id` = `od`.`property_id` where ((`pm`.`is_joint_property` is not null and `spd`.`property_status` = 951) or (`pm`.`is_joint_property` is null and `pm`.`status` = 951)) limit 15 offset 0) {"userId":37,"exception":"[object] (Illuminate\\Database\\QueryException(code: 42S22): SQLSTATE[42S22]: Column not found: 1054 Unknown column 'spd.known_as' in 'field list' (Connection: mysql, SQL: select coalesce(spd.old_property_id,pm.old_propert_id) as old_property_id, coalesce(spd.known_as, pld.presently_known_as) as known_as, coalesce(spd.area_in_sqm, pld.plot_area_in_sqm) as area_in_sqm, COALESCE(d.balance_aamount, 0) + COALESCE(od.outstanding, 0) as outstanding from `property_masters` as `pm` left join `property_lease_details` as `pld` on `pm`.`id` = `pld`.`property_master_id` left join `splited_property_details` as `spd` on `pm`.`id` = `spd`.`property_master_id` left join (select * from demands where flat_id is null and status in (1497,1499)) as d on `pm`.`id` = `d`.`property_master_id` and ((`pm`.`is_joint_property` is null and `d`.`splited_property_detail_id` is null) or (`pm`.`is_joint_property` is not null and `d`.`splited_property_detail_id` = `spd`.`id`)) left join ( select property_id, sum(outstanding) as outstanding from old_demands group by property_id) as od on `pm`.`old_propert_id` = `od`.`property_id` or `spd`.`old_property_id` = `od`.`property_id` where ((`pm`.`is_joint_property` is not null and `spd`.`property_status` = 951) or (`pm`.`is_joint_property` is null and `pm`.`status` = 951)) limit 15 offset 0) at C:/xampp/htdocs/edhartiMain/vendor/laravel/framework/src/Illuminate/Database/Connection.php:829)
[stacktrace]
#0 C:/xampp/htdocs/edhartiMain/vendor/laravel/framework/src/Illuminate/Database/Connection.php(783): Illuminate/Database/Connection->runQueryCallback('select coalesce...', Array, Object(Closure))
#1 C:/xampp/htdocs/edhartiMain/vendor/laravel/framework/src/Illuminate/Database/Connection.php(414): Illuminate/Database/Connection->run('select coalesce...', Array, Object(Closure))
#2 C:/xampp/htdocs/edhartiMain/vendor/laravel/framework/src/Illuminate/Database/Query/Builder.php(2913): Illuminate/Database/Connection->select('select coalesce...', Array, true)
#3 C:/xampp/htdocs/edhartiMain/vendor/laravel/framework/src/Illuminate/Database/Query/Builder.php(2902): Illuminate/Database/Query/Builder->runSelect()
#4 C:/xampp/htdocs/edhartiMain/vendor/laravel/framework/src/Illuminate/Database/Query/Builder.php(3456): Illuminate/Database/Query/Builder->Illuminate/Database/Query/{closure}()
#5 C:/xampp/htdocs/edhartiMain/vendor/laravel/framework/src/Illuminate/Database/Query/Builder.php(2901): Illuminate/Database/Query/Builder->onceWithColumns(Array, Object(Closure))
#6 C:/xampp/htdocs/edhartiMain/vendor/laravel/framework/src/Illuminate/Database/Query/Builder.php(2936): Illuminate/Database/Query/Builder->get(Array)
#7 C:/xampp/htdocs/edhartiMain/app/Http/Controllers/ReportController.php(1977): Illuminate/Database/Query/Builder->paginate()
#8 C:/xampp/htdocs/edhartiMain/vendor/laravel/framework/src/Illuminate/Routing/Controller.php(54): App/Http/Controllers/ReportController->leaseHoldDemands()
#9 C:/xampp/htdocs/edhartiMain/vendor/laravel/framework/src/Illuminate/Routing/ControllerDispatcher.php(43): Illuminate/Routing/Controller->callAction('leaseHoldDemand...', Array)
#10 C:/xampp/htdocs/edhartiMain/vendor/laravel/framework/src/Illuminate/Routing/Route.php(259): Illuminate/Routing/ControllerDispatcher->dispatch(Object(Illuminate/Routing/Route), Object(App/Http/Controllers/ReportController), 'leaseHoldDemand...')
#11 C:/xampp/htdocs/edhartiMain/vendor/laravel/framework/src/Illuminate/Routing/Route.php(205): Illuminate/Routing/Route->runController()
#12 C:/xampp/htdocs/edhartiMain/vendor/laravel/framework/src/Illuminate/Routing/Router.php(806): Illuminate/Routing/Route->run()
#13 C:/xampp/htdocs/edhartiMain/vendor/laravel/framework/src/Illuminate/Pipeline/Pipeline.php(144): Illuminate/Routing/Router->Illuminate/Routing/{closure}(Object(Illuminate/Http/Request))
#14 C:/xampp/htdocs/edhartiMain/app/Http/Middleware/OldRegistrationsMiddleware.php(140): Illuminate/Pipeline/Pipeline->Illuminate/Pipeline/{closure}(Object(Illuminate/Http/Request))
#15 C:/xampp/htdocs/edhartiMain/vendor/laravel/framework/src/Illuminate/Pipeline/Pipeline.php(183): App/Http/Middleware/OldRegistrationsMiddleware->handle(Object(Illuminate/Http/Request), Object(Closure))
#16 C:/xampp/htdocs/edhartiMain/app/Http/Middleware/VerifySessionIntegrity.php(43): Illuminate/Pipeline/Pipeline->Illuminate/Pipeline/{closure}(Object(Illuminate/Http/Request))
#17 C:/xampp/htdocs/edhartiMain/vendor/laravel/framework/src/Illuminate/Pipeline/Pipeline.php(183): App/Http/Middleware/VerifySessionIntegrity->handle(Object(Illuminate/Http/Request), Object(Closure))
#18 C:/xampp/htdocs/edhartiMain/app/Http/Middleware/SanitizeInput.php(32): Illuminate/Pipeline/Pipeline->Illuminate/Pipeline/{closure}(Object(Illuminate/Http/Request))
#19 C:/xampp/htdocs/edhartiMain/vendor/laravel/framework/src/Illuminate/Pipeline/Pipeline.php(183): App/Http/Middleware/SanitizeInput->handle(Object(Illuminate/Http/Request), Object(Closure))
#20 C:/xampp/htdocs/edhartiMain/vendor/laravel/framework/src/Illuminate/Routing/Middleware/SubstituteBindings.php(50): Illuminate/Pipeline/Pipeline->Illuminate/Pipeline/{closure}(Object(Illuminate/Http/Request))
#21 C:/xampp/htdocs/edhartiMain/vendor/laravel/framework/src/Illuminate/Pipeline/Pipeline.php(183): Illuminate/Routing/Middleware/SubstituteBindings->handle(Object(Illuminate/Http/Request), Object(Closure))
#22 C:/xampp/htdocs/edhartiMain/vendor/laravel/framework/src/Illuminate/Auth/Middleware/Authenticate.php(57): Illuminate/Pipeline/Pipeline->Illuminate/Pipeline/{closure}(Object(Illuminate/Http/Request))
#23 C:/xampp/htdocs/edhartiMain/vendor/laravel/framework/src/Illuminate/Pipeline/Pipeline.php(183): Illuminate/Auth/Middleware/Authenticate->handle(Object(Illuminate/Http/Request), Object(Closure))
#24 C:/xampp/htdocs/edhartiMain/vendor/laravel/framework/src/Illuminate/Foundation/Http/Middleware/VerifyCsrfToken.php(78): Illuminate/Pipeline/Pipeline->Illuminate/Pipeline/{closure}(Object(Illuminate/Http/Request))
#25 C:/xampp/htdocs/edhartiMain/vendor/laravel/framework/src/Illuminate/Pipeline/Pipeline.php(183): Illuminate/Foundation/Http/Middleware/VerifyCsrfToken->handle(Object(Illuminate/Http/Request), Object(Closure))
#26 C:/xampp/htdocs/edhartiMain/vendor/laravel/framework/src/Illuminate/View/Middleware/ShareErrorsFromSession.php(49): Illuminate/Pipeline/Pipeline->Illuminate/Pipeline/{closure}(Object(Illuminate/Http/Request))
#27 C:/xampp/htdocs/edhartiMain/vendor/laravel/framework/src/Illuminate/Pipeline/Pipeline.php(183): Illuminate/View/Middleware/ShareErrorsFromSession->handle(Object(Illuminate/Http/Request), Object(Closure))
#28 C:/xampp/htdocs/edhartiMain/vendor/laravel/framework/src/Illuminate/Session/Middleware/StartSession.php(121): Illuminate/Pipeline/Pipeline->Illuminate/Pipeline/{closure}(Object(Illuminate/Http/Request))
#29 C:/xampp/htdocs/edhartiMain/vendor/laravel/framework/src/Illuminate/Session/Middleware/StartSession.php(64): Illuminate/Session/Middleware/StartSession->handleStatefulRequest(Object(Illuminate/Http/Request), Object(Illuminate/Session/Store), Object(Closure))
#30 C:/xampp/htdocs/edhartiMain/vendor/laravel/framework/src/Illuminate/Pipeline/Pipeline.php(183): Illuminate/Session/Middleware/StartSession->handle(Object(Illuminate/Http/Request), Object(Closure))
#31 C:/xampp/htdocs/edhartiMain/vendor/laravel/framework/src/Illuminate/Cookie/Middleware/AddQueuedCookiesToResponse.php(37): Illuminate/Pipeline/Pipeline->Illuminate/Pipeline/{closure}(Object(Illuminate/Http/Request))
#32 C:/xampp/htdocs/edhartiMain/vendor/laravel/framework/src/Illuminate/Pipeline/Pipeline.php(183): Illuminate/Cookie/Middleware/AddQueuedCookiesToResponse->handle(Object(Illuminate/Http/Request), Object(Closure))
#33 C:/xampp/htdocs/edhartiMain/vendor/laravel/framework/src/Illuminate/Cookie/Middleware/EncryptCookies.php(67): Illuminate/Pipeline/Pipeline->Illuminate/Pipeline/{closure}(Object(Illuminate/Http/Request))
#34 C:/xampp/htdocs/edhartiMain/vendor/laravel/framework/src/Illuminate/Pipeline/Pipeline.php(183): Illuminate/Cookie/Middleware/EncryptCookies->handle(Object(Illuminate/Http/Request), Object(Closure))
#35 C:/xampp/htdocs/edhartiMain/vendor/laravel/framework/src/Illuminate/Pipeline/Pipeline.php(119): Illuminate/Pipeline/Pipeline->Illuminate/Pipeline/{closure}(Object(Illuminate/Http/Request))
#36 C:/xampp/htdocs/edhartiMain/vendor/laravel/framework/src/Illuminate/Routing/Router.php(805): Illuminate/Pipeline/Pipeline->then(Object(Closure))
#37 C:/xampp/htdocs/edhartiMain/vendor/laravel/framework/src/Illuminate/Routing/Router.php(784): Illuminate/Routing/Router->runRouteWithinStack(Object(Illuminate/Routing/Route), Object(Illuminate/Http/Request))
#38 C:/xampp/htdocs/edhartiMain/vendor/laravel/framework/src/Illuminate/Routing/Router.php(748): Illuminate/Routing/Router->runRoute(Object(Illuminate/Http/Request), Object(Illuminate/Routing/Route))
#39 C:/xampp/htdocs/edhartiMain/vendor/laravel/framework/src/Illuminate/Routing/Router.php(737): Illuminate/Routing/Router->dispatchToRoute(Object(Illuminate/Http/Request))
#40 C:/xampp/htdocs/edhartiMain/vendor/laravel/framework/src/Illuminate/Foundation/Http/Kernel.php(200): Illuminate/Routing/Router->dispatch(Object(Illuminate/Http/Request))
#41 C:/xampp/htdocs/edhartiMain/vendor/laravel/framework/src/Illuminate/Pipeline/Pipeline.php(144): Illuminate/Foundation/Http/Kernel->Illuminate/Foundation/Http/{closure}(Object(Illuminate/Http/Request))
#42 C:/xampp/htdocs/edhartiMain/app/Http/Middleware/PreventClickjacking.php(18): Illuminate/Pipeline/Pipeline->Illuminate/Pipeline/{closure}(Object(Illuminate/Http/Request))
#43 C:/xampp/htdocs/edhartiMain/vendor/laravel/framework/src/Illuminate/Pipeline/Pipeline.php(183): App/Http/Middleware/PreventClickjacking->handle(Object(Illuminate/Http/Request), Object(Closure))
#44 C:/xampp/htdocs/edhartiMain/vendor/laravel/framework/src/Illuminate/Foundation/Http/Middleware/TransformsRequest.php(21): Illuminate/Pipeline/Pipeline->Illuminate/Pipeline/{closure}(Object(Illuminate/Http/Request))
#45 C:/xampp/htdocs/edhartiMain/vendor/laravel/framework/src/Illuminate/Foundation/Http/Middleware/ConvertEmptyStringsToNull.php(31): Illuminate/Foundation/Http/Middleware/TransformsRequest->handle(Object(Illuminate/Http/Request), Object(Closure))
#46 C:/xampp/htdocs/edhartiMain/vendor/laravel/framework/src/Illuminate/Pipeline/Pipeline.php(183): Illuminate/Foundation/Http/Middleware/ConvertEmptyStringsToNull->handle(Object(Illuminate/Http/Request), Object(Closure))
#47 C:/xampp/htdocs/edhartiMain/vendor/laravel/framework/src/Illuminate/Foundation/Http/Middleware/TransformsRequest.php(21): Illuminate/Pipeline/Pipeline->Illuminate/Pipeline/{closure}(Object(Illuminate/Http/Request))
#48 C:/xampp/htdocs/edhartiMain/vendor/laravel/framework/src/Illuminate/Foundation/Http/Middleware/TrimStrings.php(40): Illuminate/Foundation/Http/Middleware/TransformsRequest->handle(Object(Illuminate/Http/Request), Object(Closure))
#49 C:/xampp/htdocs/edhartiMain/vendor/laravel/framework/src/Illuminate/Pipeline/Pipeline.php(183): Illuminate/Foundation/Http/Middleware/TrimStrings->handle(Object(Illuminate/Http/Request), Object(Closure))
#50 C:/xampp/htdocs/edhartiMain/vendor/laravel/framework/src/Illuminate/Foundation/Http/Middleware/ValidatePostSize.php(27): Illuminate/Pipeline/Pipeline->Illuminate/Pipeline/{closure}(Object(Illuminate/Http/Request))
#51 C:/xampp/htdocs/edhartiMain/vendor/laravel/framework/src/Illuminate/Pipeline/Pipeline.php(183): Illuminate/Foundation/Http/Middleware/ValidatePostSize->handle(Object(Illuminate/Http/Request), Object(Closure))
#52 C:/xampp/htdocs/edhartiMain/vendor/laravel/framework/src/Illuminate/Foundation/Http/Middleware/PreventRequestsDuringMaintenance.php(99): Illuminate/Pipeline/Pipeline->Illuminate/Pipeline/{closure}(Object(Illuminate/Http/Request))
#53 C:/xampp/htdocs/edhartiMain/vendor/laravel/framework/src/Illuminate/Pipeline/Pipeline.php(183): Illuminate/Foundation/Http/Middleware/PreventRequestsDuringMaintenance->handle(Object(Illuminate/Http/Request), Object(Closure))
#54 C:/xampp/htdocs/edhartiMain/vendor/laravel/framework/src/Illuminate/Http/Middleware/HandleCors.php(49): Illuminate/Pipeline/Pipeline->Illuminate/Pipeline/{closure}(Object(Illuminate/Http/Request))
#55 C:/xampp/htdocs/edhartiMain/vendor/laravel/framework/src/Illuminate/Pipeline/Pipeline.php(183): Illuminate/Http/Middleware/HandleCors->handle(Object(Illuminate/Http/Request), Object(Closure))
#56 C:/xampp/htdocs/edhartiMain/vendor/laravel/framework/src/Illuminate/Http/Middleware/TrustProxies.php(39): Illuminate/Pipeline/Pipeline->Illuminate/Pipeline/{closure}(Object(Illuminate/Http/Request))
#57 C:/xampp/htdocs/edhartiMain/vendor/laravel/framework/src/Illuminate/Pipeline/Pipeline.php(183): Illuminate/Http/Middleware/TrustProxies->handle(Object(Illuminate/Http/Request), Object(Closure))
#58 C:/xampp/htdocs/edhartiMain/vendor/laravel/framework/src/Illuminate/Pipeline/Pipeline.php(119): Illuminate/Pipeline/Pipeline->Illuminate/Pipeline/{closure}(Object(Illuminate/Http/Request))
#59 C:/xampp/htdocs/edhartiMain/vendor/laravel/framework/src/Illuminate/Foundation/Http/Kernel.php(175): Illuminate/Pipeline/Pipeline->then(Object(Closure))
#60 C:/xampp/htdocs/edhartiMain/vendor/laravel/framework/src/Illuminate/Foundation/Http/Kernel.php(144): Illuminate/Foundation/Http/Kernel->sendRequestThroughRouter(Object(Illuminate/Http/Request))
#61 C:/xampp/htdocs/edhartiMain/public/index.php(51): Illuminate/Foundation/Http/Kernel->handle(Object(Illuminate/Http/Request))
#62 C:/xampp/htdocs/edhartiMain/vendor/laravel/framework/src/Illuminate/Foundation/resources/server.php(16): require_once('C://xampp//htdocs...')
#63 {main}

[previous exception] [object] (PDOException(code: 42S22): SQLSTATE[42S22]: Column not found: 1054 Unknown column 'spd.known_as' in 'field list' at C:/xampp/htdocs/edhartiMain/vendor/laravel/framework/src/Illuminate/Database/Connection.php:423)
[stacktrace]
#0 C:/xampp/htdocs/edhartiMain/vendor/laravel/framework/src/Illuminate/Database/Connection.php(423): PDO->prepare('select coalesce...')
#1 C:/xampp/htdocs/edhartiMain/vendor/laravel/framework/src/Illuminate/Database/Connection.php(816): Illuminate/Database/Connection->Illuminate/Database/{closure}('select coalesce...', Array)
#2 C:/xampp/htdocs/edhartiMain/vendor/laravel/framework/src/Illuminate/Database/Connection.php(783): Illuminate/Database/Connection->runQueryCallback('select coalesce...', Array, Object(Closure))
#3 C:/xampp/htdocs/edhartiMain/vendor/laravel/framework/src/Illuminate/Database/Connection.php(414): Illuminate/Database/Connection->run('select coalesce...', Array, Object(Closure))
#4 C:/xampp/htdocs/edhartiMain/vendor/laravel/framework/src/Illuminate/Database/Query/Builder.php(2913): Illuminate/Database/Connection->select('select coalesce...', Array, true)
#5 C:/xampp/htdocs/edhartiMain/vendor/laravel/framework/src/Illuminate/Database/Query/Builder.php(2902): Illuminate/Database/Query/Builder->runSelect()
#6 C:/xampp/htdocs/edhartiMain/vendor/laravel/framework/src/Illuminate/Database/Query/Builder.php(3456): Illuminate/Database/Query/Builder->Illuminate/Database/Query/{closure}()
#7 C:/xampp/htdocs/edhartiMain/vendor/laravel/framework/src/Illuminate/Database/Query/Builder.php(2901): Illuminate/Database/Query/Builder->onceWithColumns(Array, Object(Closure))
#8 C:/xampp/htdocs/edhartiMain/vendor/laravel/framework/src/Illuminate/Database/Query/Builder.php(2936): Illuminate/Database/Query/Builder->get(Array)
#9 C:/xampp/htdocs/edhartiMain/app/Http/Controllers/ReportController.php(1977): Illuminate/Database/Query/Builder->paginate()
#10 C:/xampp/htdocs/edhartiMain/vendor/laravel/framework/src/Illuminate/Routing/Controller.php(54): App/Http/Controllers/ReportController->leaseHoldDemands()
#11 C:/xampp/htdocs/edhartiMain/vendor/laravel/framework/src/Illuminate/Routing/ControllerDispatcher.php(43): Illuminate/Routing/Controller->callAction('leaseHoldDemand...', Array)
#12 C:/xampp/htdocs/edhartiMain/vendor/laravel/framework/src/Illuminate/Routing/Route.php(259): Illuminate/Routing/ControllerDispatcher->dispatch(Object(Illuminate/Routing/Route), Object(App/Http/Controllers/ReportController), 'leaseHoldDemand...')
#13 C:/xampp/htdocs/edhartiMain/vendor/laravel/framework/src/Illuminate/Routing/Route.php(205): Illuminate/Routing/Route->runController()
#14 C:/xampp/htdocs/edhartiMain/vendor/laravel/framework/src/Illuminate/Routing/Router.php(806): Illuminate/Routing/Route->run()
#15 C:/xampp/htdocs/edhartiMain/vendor/laravel/framework/src/Illuminate/Pipeline/Pipeline.php(144): Illuminate/Routing/Router->Illuminate/Routing/{closure}(Object(Illuminate/Http/Request))
#16 C:/xampp/htdocs/edhartiMain/app/Http/Middleware/OldRegistrationsMiddleware.php(140): Illuminate/Pipeline/Pipeline->Illuminate/Pipeline/{closure}(Object(Illuminate/Http/Request))
#17 C:/xampp/htdocs/edhartiMain/vendor/laravel/framework/src/Illuminate/Pipeline/Pipeline.php(183): App/Http/Middleware/OldRegistrationsMiddleware->handle(Object(Illuminate/Http/Request), Object(Closure))
#18 C:/xampp/htdocs/edhartiMain/app/Http/Middleware/VerifySessionIntegrity.php(43): Illuminate/Pipeline/Pipeline->Illuminate/Pipeline/{closure}(Object(Illuminate/Http/Request))
#19 C:/xampp/htdocs/edhartiMain/vendor/laravel/framework/src/Illuminate/Pipeline/Pipeline.php(183): App/Http/Middleware/VerifySessionIntegrity->handle(Object(Illuminate/Http/Request), Object(Closure))
#20 C:/xampp/htdocs/edhartiMain/app/Http/Middleware/SanitizeInput.php(32): Illuminate/Pipeline/Pipeline->Illuminate/Pipeline/{closure}(Object(Illuminate/Http/Request))
#21 C:/xampp/htdocs/edhartiMain/vendor/laravel/framework/src/Illuminate/Pipeline/Pipeline.php(183): App/Http/Middleware/SanitizeInput->handle(Object(Illuminate/Http/Request), Object(Closure))
#22 C:/xampp/htdocs/edhartiMain/vendor/laravel/framework/src/Illuminate/Routing/Middleware/SubstituteBindings.php(50): Illuminate/Pipeline/Pipeline->Illuminate/Pipeline/{closure}(Object(Illuminate/Http/Request))
#23 C:/xampp/htdocs/edhartiMain/vendor/laravel/framework/src/Illuminate/Pipeline/Pipeline.php(183): Illuminate/Routing/Middleware/SubstituteBindings->handle(Object(Illuminate/Http/Request), Object(Closure))
#24 C:/xampp/htdocs/edhartiMain/vendor/laravel/framework/src/Illuminate/Auth/Middleware/Authenticate.php(57): Illuminate/Pipeline/Pipeline->Illuminate/Pipeline/{closure}(Object(Illuminate/Http/Request))
#25 C:/xampp/htdocs/edhartiMain/vendor/laravel/framework/src/Illuminate/Pipeline/Pipeline.php(183): Illuminate/Auth/Middleware/Authenticate->handle(Object(Illuminate/Http/Request), Object(Closure))
#26 C:/xampp/htdocs/edhartiMain/vendor/laravel/framework/src/Illuminate/Foundation/Http/Middleware/VerifyCsrfToken.php(78): Illuminate/Pipeline/Pipeline->Illuminate/Pipeline/{closure}(Object(Illuminate/Http/Request))
#27 C:/xampp/htdocs/edhartiMain/vendor/laravel/framework/src/Illuminate/Pipeline/Pipeline.php(183): Illuminate/Foundation/Http/Middleware/VerifyCsrfToken->handle(Object(Illuminate/Http/Request), Object(Closure))
#28 C:/xampp/htdocs/edhartiMain/vendor/laravel/framework/src/Illuminate/View/Middleware/ShareErrorsFromSession.php(49): Illuminate/Pipeline/Pipeline->Illuminate/Pipeline/{closure}(Object(Illuminate/Http/Request))
#29 C:/xampp/htdocs/edhartiMain/vendor/laravel/framework/src/Illuminate/Pipeline/Pipeline.php(183): Illuminate/View/Middleware/ShareErrorsFromSession->handle(Object(Illuminate/Http/Request), Object(Closure))
#30 C:/xampp/htdocs/edhartiMain/vendor/laravel/framework/src/Illuminate/Session/Middleware/StartSession.php(121): Illuminate/Pipeline/Pipeline->Illuminate/Pipeline/{closure}(Object(Illuminate/Http/Request))
#31 C:/xampp/htdocs/edhartiMain/vendor/laravel/framework/src/Illuminate/Session/Middleware/StartSession.php(64): Illuminate/Session/Middleware/StartSession->handleStatefulRequest(Object(Illuminate/Http/Request), Object(Illuminate/Session/Store), Object(Closure))
#32 C:/xampp/htdocs/edhartiMain/vendor/laravel/framework/src/Illuminate/Pipeline/Pipeline.php(183): Illuminate/Session/Middleware/StartSession->handle(Object(Illuminate/Http/Request), Object(Closure))
#33 C:/xampp/htdocs/edhartiMain/vendor/laravel/framework/src/Illuminate/Cookie/Middleware/AddQueuedCookiesToResponse.php(37): Illuminate/Pipeline/Pipeline->Illuminate/Pipeline/{closure}(Object(Illuminate/Http/Request))
#34 C:/xampp/htdocs/edhartiMain/vendor/laravel/framework/src/Illuminate/Pipeline/Pipeline.php(183): Illuminate/Cookie/Middleware/AddQueuedCookiesToResponse->handle(Object(Illuminate/Http/Request), Object(Closure))
#35 C:/xampp/htdocs/edhartiMain/vendor/laravel/framework/src/Illuminate/Cookie/Middleware/EncryptCookies.php(67): Illuminate/Pipeline/Pipeline->Illuminate/Pipeline/{closure}(Object(Illuminate/Http/Request))
#36 C:/xampp/htdocs/edhartiMain/vendor/laravel/framework/src/Illuminate/Pipeline/Pipeline.php(183): Illuminate/Cookie/Middleware/EncryptCookies->handle(Object(Illuminate/Http/Request), Object(Closure))
#37 C:/xampp/htdocs/edhartiMain/vendor/laravel/framework/src/Illuminate/Pipeline/Pipeline.php(119): Illuminate/Pipeline/Pipeline->Illuminate/Pipeline/{closure}(Object(Illuminate/Http/Request))
#38 C:/xampp/htdocs/edhartiMain/vendor/laravel/framework/src/Illuminate/Routing/Router.php(805): Illuminate/Pipeline/Pipeline->then(Object(Closure))
#39 C:/xampp/htdocs/edhartiMain/vendor/laravel/framework/src/Illuminate/Routing/Router.php(784): Illuminate/Routing/Router->runRouteWithinStack(Object(Illuminate/Routing/Route), Object(Illuminate/Http/Request))
#40 C:/xampp/htdocs/edhartiMain/vendor/laravel/framework/src/Illuminate/Routing/Router.php(748): Illuminate/Routing/Router->runRoute(Object(Illuminate/Http/Request), Object(Illuminate/Routing/Route))
#41 C:/xampp/htdocs/edhartiMain/vendor/laravel/framework/src/Illuminate/Routing/Router.php(737): Illuminate/Routing/Router->dispatchToRoute(Object(Illuminate/Http/Request))
#42 C:/xampp/htdocs/edhartiMain/vendor/laravel/framework/src/Illuminate/Foundation/Http/Kernel.php(200): Illuminate/Routing/Router->dispatch(Object(Illuminate/Http/Request))
#43 C:/xampp/htdocs/edhartiMain/vendor/laravel/framework/src/Illuminate/Pipeline/Pipeline.php(144): Illuminate/Foundation/Http/Kernel->Illuminate/Foundation/Http/{closure}(Object(Illuminate/Http/Request))
#44 C:/xampp/htdocs/edhartiMain/app/Http/Middleware/PreventClickjacking.php(18): Illuminate/Pipeline/Pipeline->Illuminate/Pipeline/{closure}(Object(Illuminate/Http/Request))
#45 C:/xampp/htdocs/edhartiMain/vendor/laravel/framework/src/Illuminate/Pipeline/Pipeline.php(183): App/Http/Middleware/PreventClickjacking->handle(Object(Illuminate/Http/Request), Object(Closure))
#46 C:/xampp/htdocs/edhartiMain/vendor/laravel/framework/src/Illuminate/Foundation/Http/Middleware/TransformsRequest.php(21): Illuminate/Pipeline/Pipeline->Illuminate/Pipeline/{closure}(Object(Illuminate/Http/Request))
#47 C:/xampp/htdocs/edhartiMain/vendor/laravel/framework/src/Illuminate/Foundation/Http/Middleware/ConvertEmptyStringsToNull.php(31): Illuminate/Foundation/Http/Middleware/TransformsRequest->handle(Object(Illuminate/Http/Request), Object(Closure))
#48 C:/xampp/htdocs/edhartiMain/vendor/laravel/framework/src/Illuminate/Pipeline/Pipeline.php(183): Illuminate/Foundation/Http/Middleware/ConvertEmptyStringsToNull->handle(Object(Illuminate/Http/Request), Object(Closure))
#49 C:/xampp/htdocs/edhartiMain/vendor/laravel/framework/src/Illuminate/Foundation/Http/Middleware/TransformsRequest.php(21): Illuminate/Pipeline/Pipeline->Illuminate/Pipeline/{closure}(Object(Illuminate/Http/Request))
#50 C:/xampp/htdocs/edhartiMain/vendor/laravel/framework/src/Illuminate/Foundation/Http/Middleware/TrimStrings.php(40): Illuminate/Foundation/Http/Middleware/TransformsRequest->handle(Object(Illuminate/Http/Request), Object(Closure))
#51 C:/xampp/htdocs/edhartiMain/vendor/laravel/framework/src/Illuminate/Pipeline/Pipeline.php(183): Illuminate/Foundation/Http/Middleware/TrimStrings->handle(Object(Illuminate/Http/Request), Object(Closure))
#52 C:/xampp/htdocs/edhartiMain/vendor/laravel/framework/src/Illuminate/Foundation/Http/Middleware/ValidatePostSize.php(27): Illuminate/Pipeline/Pipeline->Illuminate/Pipeline/{closure}(Object(Illuminate/Http/Request))
#53 C:/xampp/htdocs/edhartiMain/vendor/laravel/framework/src/Illuminate/Pipeline/Pipeline.php(183): Illuminate/Foundation/Http/Middleware/ValidatePostSize->handle(Object(Illuminate/Http/Request), Object(Closure))
#54 C:/xampp/htdocs/edhartiMain/vendor/laravel/framework/src/Illuminate/Foundation/Http/Middleware/PreventRequestsDuringMaintenance.php(99): Illuminate/Pipeline/Pipeline->Illuminate/Pipeline/{closure}(Object(Illuminate/Http/Request))
#55 C:/xampp/htdocs/edhartiMain/vendor/laravel/framework/src/Illuminate/Pipeline/Pipeline.php(183): Illuminate/Foundation/Http/Middleware/PreventRequestsDuringMaintenance->handle(Object(Illuminate/Http/Request), Object(Closure))
#56 C:/xampp/htdocs/edhartiMain/vendor/laravel/framework/src/Illuminate/Http/Middleware/HandleCors.php(49): Illuminate/Pipeline/Pipeline->Illuminate/Pipeline/{closure}(Object(Illuminate/Http/Request))
#57 C:/xampp/htdocs/edhartiMain/vendor/laravel/framework/src/Illuminate/Pipeline/Pipeline.php(183): Illuminate/Http/Middleware/HandleCors->handle(Object(Illuminate/Http/Request), Object(Closure))
#58 C:/xampp/htdocs/edhartiMain/vendor/laravel/framework/src/Illuminate/Http/Middleware/TrustProxies.php(39): Illuminate/Pipeline/Pipeline->Illuminate/Pipeline/{closure}(Object(Illuminate/Http/Request))
#59 C:/xampp/htdocs/edhartiMain/vendor/laravel/framework/src/Illuminate/Pipeline/Pipeline.php(183): Illuminate/Http/Middleware/TrustProxies->handle(Object(Illuminate/Http/Request), Object(Closure))
#60 C:/xampp/htdocs/edhartiMain/vendor/laravel/framework/src/Illuminate/Pipeline/Pipeline.php(119): Illuminate/Pipeline/Pipeline->Illuminate/Pipeline/{closure}(Object(Illuminate/Http/Request))
#61 C:/xampp/htdocs/edhartiMain/vendor/laravel/framework/src/Illuminate/Foundation/Http/Kernel.php(175): Illuminate/Pipeline/Pipeline->then(Object(Closure))
#62 C:/xampp/htdocs/edhartiMain/vendor/laravel/framework/src/Illuminate/Foundation/Http/Kernel.php(144): Illuminate/Foundation/Http/Kernel->sendRequestThroughRouter(Object(Illuminate/Http/Request))
#63 C:/xampp/htdocs/edhartiMain/public/index.php(51): Illuminate/Foundation/Http/Kernel->handle(Object(Illuminate/Http/Request))
#64 C:/xampp/htdocs/edhartiMain/vendor/laravel/framework/src/Illuminate/Foundation/resources/server.php(16): require_once('C://xampp//htdocs...')
#65 {main}
"} 
[2026-09-01 13:10:24] Production.ERROR: SQLSTATE[42S22]: Column not found: 1054 Unknown column 'spd.known_as' in 'field list' (Connection: mysql, SQL: select coalesce(spd.old_property_id,pm.old_propert_id) as old_property_id, coalesce(spd.known_as, pld.presently_known_as) as known_as, coalesce(spd.area_in_sqm, pld.plot_area_in_sqm) as area_in_sqm, COALESCE(d.balance_aamount, 0) + COALESCE(od.outstanding, 0) as outstanding from `property_masters` as `pm` left join `property_lease_details` as `pld` on `pm`.`id` = `pld`.`property_master_id` left join `splited_property_details` as `spd` on `pm`.`id` = `spd`.`property_master_id` left join (select * from demands where flat_id is null and status in (1497,1499)) as d on `pm`.`id` = `d`.`property_master_id` and ((`pm`.`is_joint_property` is null and `d`.`splited_property_detail_id` is null) or (`pm`.`is_joint_property` is not null and `d`.`splited_property_detail_id` = `spd`.`id`)) left join ( select property_id, sum(outstanding) as outstanding from old_demands group by property_id) as od on `pm`.`old_propert_id` = `od`.`property_id` or `spd`.`old_property_id` = `od`.`property_id` where ((`pm`.`is_joint_property` is not null and `spd`.`property_status` = 951) or (`pm`.`is_joint_property` is null and `pm`.`status` = 951)) limit 15 offset 0) {"userId":37,"exception":"[object] (Illuminate\\Database\\QueryException(code: 42S22): SQLSTATE[42S22]: Column not found: 1054 Unknown column 'spd.known_as' in 'field list' (Connection: mysql, SQL: select coalesce(spd.old_property_id,pm.old_propert_id) as old_property_id, coalesce(spd.known_as, pld.presently_known_as) as known_as, coalesce(spd.area_in_sqm, pld.plot_area_in_sqm) as area_in_sqm, COALESCE(d.balance_aamount, 0) + COALESCE(od.outstanding, 0) as outstanding from `property_masters` as `pm` left join `property_lease_details` as `pld` on `pm`.`id` = `pld`.`property_master_id` left join `splited_property_details` as `spd` on `pm`.`id` = `spd`.`property_master_id` left join (select * from demands where flat_id is null and status in (1497,1499)) as d on `pm`.`id` = `d`.`property_master_id` and ((`pm`.`is_joint_property` is null and `d`.`splited_property_detail_id` is null) or (`pm`.`is_joint_property` is not null and `d`.`splited_property_detail_id` = `spd`.`id`)) left join ( select property_id, sum(outstanding) as outstanding from old_demands group by property_id) as od on `pm`.`old_propert_id` = `od`.`property_id` or `spd`.`old_property_id` = `od`.`property_id` where ((`pm`.`is_joint_property` is not null and `spd`.`property_status` = 951) or (`pm`.`is_joint_property` is null and `pm`.`status` = 951)) limit 15 offset 0) at C:/xampp/htdocs/edhartiMain/vendor/laravel/framework/src/Illuminate/Database/Connection.php:829)
[stacktrace]
#0 C:/xampp/htdocs/edhartiMain/vendor/laravel/framework/src/Illuminate/Database/Connection.php(783): Illuminate/Database/Connection->runQueryCallback('select coalesce...', Array, Object(Closure))
#1 C:/xampp/htdocs/edhartiMain/vendor/laravel/framework/src/Illuminate/Database/Connection.php(414): Illuminate/Database/Connection->run('select coalesce...', Array, Object(Closure))
#2 C:/xampp/htdocs/edhartiMain/vendor/laravel/framework/src/Illuminate/Database/Query/Builder.php(2913): Illuminate/Database/Connection->select('select coalesce...', Array, true)
#3 C:/xampp/htdocs/edhartiMain/vendor/laravel/framework/src/Illuminate/Database/Query/Builder.php(2902): Illuminate/Database/Query/Builder->runSelect()
#4 C:/xampp/htdocs/edhartiMain/vendor/laravel/framework/src/Illuminate/Database/Query/Builder.php(3456): Illuminate/Database/Query/Builder->Illuminate/Database/Query/{closure}()
#5 C:/xampp/htdocs/edhartiMain/vendor/laravel/framework/src/Illuminate/Database/Query/Builder.php(2901): Illuminate/Database/Query/Builder->onceWithColumns(Array, Object(Closure))
#6 C:/xampp/htdocs/edhartiMain/vendor/laravel/framework/src/Illuminate/Database/Query/Builder.php(2936): Illuminate/Database/Query/Builder->get(Array)
#7 C:/xampp/htdocs/edhartiMain/app/Http/Controllers/ReportController.php(1977): Illuminate/Database/Query/Builder->paginate()
#8 C:/xampp/htdocs/edhartiMain/vendor/laravel/framework/src/Illuminate/Routing/Controller.php(54): App/Http/Controllers/ReportController->leaseHoldDemands()
#9 C:/xampp/htdocs/edhartiMain/vendor/laravel/framework/src/Illuminate/Routing/ControllerDispatcher.php(43): Illuminate/Routing/Controller->callAction('leaseHoldDemand...', Array)
#10 C:/xampp/htdocs/edhartiMain/vendor/laravel/framework/src/Illuminate/Routing/Route.php(259): Illuminate/Routing/ControllerDispatcher->dispatch(Object(Illuminate/Routing/Route), Object(App/Http/Controllers/ReportController), 'leaseHoldDemand...')
#11 C:/xampp/htdocs/edhartiMain/vendor/laravel/framework/src/Illuminate/Routing/Route.php(205): Illuminate/Routing/Route->runController()
#12 C:/xampp/htdocs/edhartiMain/vendor/laravel/framework/src/Illuminate/Routing/Router.php(806): Illuminate/Routing/Route->run()
#13 C:/xampp/htdocs/edhartiMain/vendor/laravel/framework/src/Illuminate/Pipeline/Pipeline.php(144): Illuminate/Routing/Router->Illuminate/Routing/{closure}(Object(Illuminate/Http/Request))
#14 C:/xampp/htdocs/edhartiMain/app/Http/Middleware/OldRegistrationsMiddleware.php(140): Illuminate/Pipeline/Pipeline->Illuminate/Pipeline/{closure}(Object(Illuminate/Http/Request))
#15 C:/xampp/htdocs/edhartiMain/vendor/laravel/framework/src/Illuminate/Pipeline/Pipeline.php(183): App/Http/Middleware/OldRegistrationsMiddleware->handle(Object(Illuminate/Http/Request), Object(Closure))
#16 C:/xampp/htdocs/edhartiMain/app/Http/Middleware/VerifySessionIntegrity.php(43): Illuminate/Pipeline/Pipeline->Illuminate/Pipeline/{closure}(Object(Illuminate/Http/Request))
#17 C:/xampp/htdocs/edhartiMain/vendor/laravel/framework/src/Illuminate/Pipeline/Pipeline.php(183): App/Http/Middleware/VerifySessionIntegrity->handle(Object(Illuminate/Http/Request), Object(Closure))
#18 C:/xampp/htdocs/edhartiMain/app/Http/Middleware/SanitizeInput.php(32): Illuminate/Pipeline/Pipeline->Illuminate/Pipeline/{closure}(Object(Illuminate/Http/Request))
#19 C:/xampp/htdocs/edhartiMain/vendor/laravel/framework/src/Illuminate/Pipeline/Pipeline.php(183): App/Http/Middleware/SanitizeInput->handle(Object(Illuminate/Http/Request), Object(Closure))
#20 C:/xampp/htdocs/edhartiMain/vendor/laravel/framework/src/Illuminate/Routing/Middleware/SubstituteBindings.php(50): Illuminate/Pipeline/Pipeline->Illuminate/Pipeline/{closure}(Object(Illuminate/Http/Request))
#21 C:/xampp/htdocs/edhartiMain/vendor/laravel/framework/src/Illuminate/Pipeline/Pipeline.php(183): Illuminate/Routing/Middleware/SubstituteBindings->handle(Object(Illuminate/Http/Request), Object(Closure))
#22 C:/xampp/htdocs/edhartiMain/vendor/laravel/framework/src/Illuminate/Auth/Middleware/Authenticate.php(57): Illuminate/Pipeline/Pipeline->Illuminate/Pipeline/{closure}(Object(Illuminate/Http/Request))
#23 C:/xampp/htdocs/edhartiMain/vendor/laravel/framework/src/Illuminate/Pipeline/Pipeline.php(183): Illuminate/Auth/Middleware/Authenticate->handle(Object(Illuminate/Http/Request), Object(Closure))
#24 C:/xampp/htdocs/edhartiMain/vendor/laravel/framework/src/Illuminate/Foundation/Http/Middleware/VerifyCsrfToken.php(78): Illuminate/Pipeline/Pipeline->Illuminate/Pipeline/{closure}(Object(Illuminate/Http/Request))
#25 C:/xampp/htdocs/edhartiMain/vendor/laravel/framework/src/Illuminate/Pipeline/Pipeline.php(183): Illuminate/Foundation/Http/Middleware/VerifyCsrfToken->handle(Object(Illuminate/Http/Request), Object(Closure))
#26 C:/xampp/htdocs/edhartiMain/vendor/laravel/framework/src/Illuminate/View/Middleware/ShareErrorsFromSession.php(49): Illuminate/Pipeline/Pipeline->Illuminate/Pipeline/{closure}(Object(Illuminate/Http/Request))
#27 C:/xampp/htdocs/edhartiMain/vendor/laravel/framework/src/Illuminate/Pipeline/Pipeline.php(183): Illuminate/View/Middleware/ShareErrorsFromSession->handle(Object(Illuminate/Http/Request), Object(Closure))
#28 C:/xampp/htdocs/edhartiMain/vendor/laravel/framework/src/Illuminate/Session/Middleware/StartSession.php(121): Illuminate/Pipeline/Pipeline->Illuminate/Pipeline/{closure}(Object(Illuminate/Http/Request))
#29 C:/xampp/htdocs/edhartiMain/vendor/laravel/framework/src/Illuminate/Session/Middleware/StartSession.php(64): Illuminate/Session/Middleware/StartSession->handleStatefulRequest(Object(Illuminate/Http/Request), Object(Illuminate/Session/Store), Object(Closure))
#30 C:/xampp/htdocs/edhartiMain/vendor/laravel/framework/src/Illuminate/Pipeline/Pipeline.php(183): Illuminate/Session/Middleware/StartSession->handle(Object(Illuminate/Http/Request), Object(Closure))
#31 C:/xampp/htdocs/edhartiMain/vendor/laravel/framework/src/Illuminate/Cookie/Middleware/AddQueuedCookiesToResponse.php(37): Illuminate/Pipeline/Pipeline->Illuminate/Pipeline/{closure}(Object(Illuminate/Http/Request))
#32 C:/xampp/htdocs/edhartiMain/vendor/laravel/framework/src/Illuminate/Pipeline/Pipeline.php(183): Illuminate/Cookie/Middleware/AddQueuedCookiesToResponse->handle(Object(Illuminate/Http/Request), Object(Closure))
#33 C:/xampp/htdocs/edhartiMain/vendor/laravel/framework/src/Illuminate/Cookie/Middleware/EncryptCookies.php(67): Illuminate/Pipeline/Pipeline->Illuminate/Pipeline/{closure}(Object(Illuminate/Http/Request))
#34 C:/xampp/htdocs/edhartiMain/vendor/laravel/framework/src/Illuminate/Pipeline/Pipeline.php(183): Illuminate/Cookie/Middleware/EncryptCookies->handle(Object(Illuminate/Http/Request), Object(Closure))
#35 C:/xampp/htdocs/edhartiMain/vendor/laravel/framework/src/Illuminate/Pipeline/Pipeline.php(119): Illuminate/Pipeline/Pipeline->Illuminate/Pipeline/{closure}(Object(Illuminate/Http/Request))
#36 C:/xampp/htdocs/edhartiMain/vendor/laravel/framework/src/Illuminate/Routing/Router.php(805): Illuminate/Pipeline/Pipeline->then(Object(Closure))
#37 C:/xampp/htdocs/edhartiMain/vendor/laravel/framework/src/Illuminate/Routing/Router.php(784): Illuminate/Routing/Router->runRouteWithinStack(Object(Illuminate/Routing/Route), Object(Illuminate/Http/Request))
#38 C:/xampp/htdocs/edhartiMain/vendor/laravel/framework/src/Illuminate/Routing/Router.php(748): Illuminate/Routing/Router->runRoute(Object(Illuminate/Http/Request), Object(Illuminate/Routing/Route))
#39 C:/xampp/htdocs/edhartiMain/vendor/laravel/framework/src/Illuminate/Routing/Router.php(737): Illuminate/Routing/Router->dispatchToRoute(Object(Illuminate/Http/Request))
#40 C:/xampp/htdocs/edhartiMain/vendor/laravel/framework/src/Illuminate/Foundation/Http/Kernel.php(200): Illuminate/Routing/Router->dispatch(Object(Illuminate/Http/Request))
#41 C:/xampp/htdocs/edhartiMain/vendor/laravel/framework/src/Illuminate/Pipeline/Pipeline.php(144): Illuminate/Foundation/Http/Kernel->Illuminate/Foundation/Http/{closure}(Object(Illuminate/Http/Request))
#42 C:/xampp/htdocs/edhartiMain/app/Http/Middleware/PreventClickjacking.php(18): Illuminate/Pipeline/Pipeline->Illuminate/Pipeline/{closure}(Object(Illuminate/Http/Request))
#43 C:/xampp/htdocs/edhartiMain/vendor/laravel/framework/src/Illuminate/Pipeline/Pipeline.php(183): App/Http/Middleware/PreventClickjacking->handle(Object(Illuminate/Http/Request), Object(Closure))
#44 C:/xampp/htdocs/edhartiMain/vendor/laravel/framework/src/Illuminate/Foundation/Http/Middleware/TransformsRequest.php(21): Illuminate/Pipeline/Pipeline->Illuminate/Pipeline/{closure}(Object(Illuminate/Http/Request))
#45 C:/xampp/htdocs/edhartiMain/vendor/laravel/framework/src/Illuminate/Foundation/Http/Middleware/ConvertEmptyStringsToNull.php(31): Illuminate/Foundation/Http/Middleware/TransformsRequest->handle(Object(Illuminate/Http/Request), Object(Closure))
#46 C:/xampp/htdocs/edhartiMain/vendor/laravel/framework/src/Illuminate/Pipeline/Pipeline.php(183): Illuminate/Foundation/Http/Middleware/ConvertEmptyStringsToNull->handle(Object(Illuminate/Http/Request), Object(Closure))
#47 C:/xampp/htdocs/edhartiMain/vendor/laravel/framework/src/Illuminate/Foundation/Http/Middleware/TransformsRequest.php(21): Illuminate/Pipeline/Pipeline->Illuminate/Pipeline/{closure}(Object(Illuminate/Http/Request))
#48 C:/xampp/htdocs/edhartiMain/vendor/laravel/framework/src/Illuminate/Foundation/Http/Middleware/TrimStrings.php(40): Illuminate/Foundation/Http/Middleware/TransformsRequest->handle(Object(Illuminate/Http/Request), Object(Closure))
#49 C:/xampp/htdocs/edhartiMain/vendor/laravel/framework/src/Illuminate/Pipeline/Pipeline.php(183): Illuminate/Foundation/Http/Middleware/TrimStrings->handle(Object(Illuminate/Http/Request), Object(Closure))
#50 C:/xampp/htdocs/edhartiMain/vendor/laravel/framework/src/Illuminate/Foundation/Http/Middleware/ValidatePostSize.php(27): Illuminate/Pipeline/Pipeline->Illuminate/Pipeline/{closure}(Object(Illuminate/Http/Request))
#51 C:/xampp/htdocs/edhartiMain/vendor/laravel/framework/src/Illuminate/Pipeline/Pipeline.php(183): Illuminate/Foundation/Http/Middleware/ValidatePostSize->handle(Object(Illuminate/Http/Request), Object(Closure))
#52 C:/xampp/htdocs/edhartiMain/vendor/laravel/framework/src/Illuminate/Foundation/Http/Middleware/PreventRequestsDuringMaintenance.php(99): Illuminate/Pipeline/Pipeline->Illuminate/Pipeline/{closure}(Object(Illuminate/Http/Request))
#53 C:/xampp/htdocs/edhartiMain/vendor/laravel/framework/src/Illuminate/Pipeline/Pipeline.php(183): Illuminate/Foundation/Http/Middleware/PreventRequestsDuringMaintenance->handle(Object(Illuminate/Http/Request), Object(Closure))
#54 C:/xampp/htdocs/edhartiMain/vendor/laravel/framework/src/Illuminate/Http/Middleware/HandleCors.php(49): Illuminate/Pipeline/Pipeline->Illuminate/Pipeline/{closure}(Object(Illuminate/Http/Request))
#55 C:/xampp/htdocs/edhartiMain/vendor/laravel/framework/src/Illuminate/Pipeline/Pipeline.php(183): Illuminate/Http/Middleware/HandleCors->handle(Object(Illuminate/Http/Request), Object(Closure))
#56 C:/xampp/htdocs/edhartiMain/vendor/laravel/framework/src/Illuminate/Http/Middleware/TrustProxies.php(39): Illuminate/Pipeline/Pipeline->Illuminate/Pipeline/{closure}(Object(Illuminate/Http/Request))
#57 C:/xampp/htdocs/edhartiMain/vendor/laravel/framework/src/Illuminate/Pipeline/Pipeline.php(183): Illuminate/Http/Middleware/TrustProxies->handle(Object(Illuminate/Http/Request), Object(Closure))
#58 C:/xampp/htdocs/edhartiMain/vendor/laravel/framework/src/Illuminate/Pipeline/Pipeline.php(119): Illuminate/Pipeline/Pipeline->Illuminate/Pipeline/{closure}(Object(Illuminate/Http/Request))
#59 C:/xampp/htdocs/edhartiMain/vendor/laravel/framework/src/Illuminate/Foundation/Http/Kernel.php(175): Illuminate/Pipeline/Pipeline->then(Object(Closure))
#60 C:/xampp/htdocs/edhartiMain/vendor/laravel/framework/src/Illuminate/Foundation/Http/Kernel.php(144): Illuminate/Foundation/Http/Kernel->sendRequestThroughRouter(Object(Illuminate/Http/Request))
#61 C:/xampp/htdocs/edhartiMain/public/index.php(51): Illuminate/Foundation/Http/Kernel->handle(Object(Illuminate/Http/Request))
#62 C:/xampp/htdocs/edhartiMain/vendor/laravel/framework/src/Illuminate/Foundation/resources/server.php(16): require_once('C://xampp//htdocs...')
#63 {main}

[previous exception] [object] (PDOException(code: 42S22): SQLSTATE[42S22]: Column not found: 1054 Unknown column 'spd.known_as' in 'field list' at C:/xampp/htdocs/edhartiMain/vendor/laravel/framework/src/Illuminate/Database/Connection.php:423)
[stacktrace]
#0 C:/xampp/htdocs/edhartiMain/vendor/laravel/framework/src/Illuminate/Database/Connection.php(423): PDO->prepare('select coalesce...')
#1 C:/xampp/htdocs/edhartiMain/vendor/laravel/framework/src/Illuminate/Database/Connection.php(816): Illuminate/Database/Connection->Illuminate/Database/{closure}('select coalesce...', Array)
#2 C:/xampp/htdocs/edhartiMain/vendor/laravel/framework/src/Illuminate/Database/Connection.php(783): Illuminate/Database/Connection->runQueryCallback('select coalesce...', Array, Object(Closure))
#3 C:/xampp/htdocs/edhartiMain/vendor/laravel/framework/src/Illuminate/Database/Connection.php(414): Illuminate/Database/Connection->run('select coalesce...', Array, Object(Closure))
#4 C:/xampp/htdocs/edhartiMain/vendor/laravel/framework/src/Illuminate/Database/Query/Builder.php(2913): Illuminate/Database/Connection->select('select coalesce...', Array, true)
#5 C:/xampp/htdocs/edhartiMain/vendor/laravel/framework/src/Illuminate/Database/Query/Builder.php(2902): Illuminate/Database/Query/Builder->runSelect()
#6 C:/xampp/htdocs/edhartiMain/vendor/laravel/framework/src/Illuminate/Database/Query/Builder.php(3456): Illuminate/Database/Query/Builder->Illuminate/Database/Query/{closure}()
#7 C:/xampp/htdocs/edhartiMain/vendor/laravel/framework/src/Illuminate/Database/Query/Builder.php(2901): Illuminate/Database/Query/Builder->onceWithColumns(Array, Object(Closure))
#8 C:/xampp/htdocs/edhartiMain/vendor/laravel/framework/src/Illuminate/Database/Query/Builder.php(2936): Illuminate/Database/Query/Builder->get(Array)
#9 C:/xampp/htdocs/edhartiMain/app/Http/Controllers/ReportController.php(1977): Illuminate/Database/Query/Builder->paginate()
#10 C:/xampp/htdocs/edhartiMain/vendor/laravel/framework/src/Illuminate/Routing/Controller.php(54): App/Http/Controllers/ReportController->leaseHoldDemands()
#11 C:/xampp/htdocs/edhartiMain/vendor/laravel/framework/src/Illuminate/Routing/ControllerDispatcher.php(43): Illuminate/Routing/Controller->callAction('leaseHoldDemand...', Array)
#12 C:/xampp/htdocs/edhartiMain/vendor/laravel/framework/src/Illuminate/Routing/Route.php(259): Illuminate/Routing/ControllerDispatcher->dispatch(Object(Illuminate/Routing/Route), Object(App/Http/Controllers/ReportController), 'leaseHoldDemand...')
#13 C:/xampp/htdocs/edhartiMain/vendor/laravel/framework/src/Illuminate/Routing/Route.php(205): Illuminate/Routing/Route->runController()
#14 C:/xampp/htdocs/edhartiMain/vendor/laravel/framework/src/Illuminate/Routing/Router.php(806): Illuminate/Routing/Route->run()
#15 C:/xampp/htdocs/edhartiMain/vendor/laravel/framework/src/Illuminate/Pipeline/Pipeline.php(144): Illuminate/Routing/Router->Illuminate/Routing/{closure}(Object(Illuminate/Http/Request))
#16 C:/xampp/htdocs/edhartiMain/app/Http/Middleware/OldRegistrationsMiddleware.php(140): Illuminate/Pipeline/Pipeline->Illuminate/Pipeline/{closure}(Object(Illuminate/Http/Request))
#17 C:/xampp/htdocs/edhartiMain/vendor/laravel/framework/src/Illuminate/Pipeline/Pipeline.php(183): App/Http/Middleware/OldRegistrationsMiddleware->handle(Object(Illuminate/Http/Request), Object(Closure))
#18 C:/xampp/htdocs/edhartiMain/app/Http/Middleware/VerifySessionIntegrity.php(43): Illuminate/Pipeline/Pipeline->Illuminate/Pipeline/{closure}(Object(Illuminate/Http/Request))
#19 C:/xampp/htdocs/edhartiMain/vendor/laravel/framework/src/Illuminate/Pipeline/Pipeline.php(183): App/Http/Middleware/VerifySessionIntegrity->handle(Object(Illuminate/Http/Request), Object(Closure))
#20 C:/xampp/htdocs/edhartiMain/app/Http/Middleware/SanitizeInput.php(32): Illuminate/Pipeline/Pipeline->Illuminate/Pipeline/{closure}(Object(Illuminate/Http/Request))
#21 C:/xampp/htdocs/edhartiMain/vendor/laravel/framework/src/Illuminate/Pipeline/Pipeline.php(183): App/Http/Middleware/SanitizeInput->handle(Object(Illuminate/Http/Request), Object(Closure))
#22 C:/xampp/htdocs/edhartiMain/vendor/laravel/framework/src/Illuminate/Routing/Middleware/SubstituteBindings.php(50): Illuminate/Pipeline/Pipeline->Illuminate/Pipeline/{closure}(Object(Illuminate/Http/Request))
#23 C:/xampp/htdocs/edhartiMain/vendor/laravel/framework/src/Illuminate/Pipeline/Pipeline.php(183): Illuminate/Routing/Middleware/SubstituteBindings->handle(Object(Illuminate/Http/Request), Object(Closure))
#24 C:/xampp/htdocs/edhartiMain/vendor/laravel/framework/src/Illuminate/Auth/Middleware/Authenticate.php(57): Illuminate/Pipeline/Pipeline->Illuminate/Pipeline/{closure}(Object(Illuminate/Http/Request))
#25 C:/xampp/htdocs/edhartiMain/vendor/laravel/framework/src/Illuminate/Pipeline/Pipeline.php(183): Illuminate/Auth/Middleware/Authenticate->handle(Object(Illuminate/Http/Request), Object(Closure))
#26 C:/xampp/htdocs/edhartiMain/vendor/laravel/framework/src/Illuminate/Foundation/Http/Middleware/VerifyCsrfToken.php(78): Illuminate/Pipeline/Pipeline->Illuminate/Pipeline/{closure}(Object(Illuminate/Http/Request))
#27 C:/xampp/htdocs/edhartiMain/vendor/laravel/framework/src/Illuminate/Pipeline/Pipeline.php(183): Illuminate/Foundation/Http/Middleware/VerifyCsrfToken->handle(Object(Illuminate/Http/Request), Object(Closure))
#28 C:/xampp/htdocs/edhartiMain/vendor/laravel/framework/src/Illuminate/View/Middleware/ShareErrorsFromSession.php(49): Illuminate/Pipeline/Pipeline->Illuminate/Pipeline/{closure}(Object(Illuminate/Http/Request))
#29 C:/xampp/htdocs/edhartiMain/vendor/laravel/framework/src/Illuminate/Pipeline/Pipeline.php(183): Illuminate/View/Middleware/ShareErrorsFromSession->handle(Object(Illuminate/Http/Request), Object(Closure))
#30 C:/xampp/htdocs/edhartiMain/vendor/laravel/framework/src/Illuminate/Session/Middleware/StartSession.php(121): Illuminate/Pipeline/Pipeline->Illuminate/Pipeline/{closure}(Object(Illuminate/Http/Request))
#31 C:/xampp/htdocs/edhartiMain/vendor/laravel/framework/src/Illuminate/Session/Middleware/StartSession.php(64): Illuminate/Session/Middleware/StartSession->handleStatefulRequest(Object(Illuminate/Http/Request), Object(Illuminate/Session/Store), Object(Closure))
#32 C:/xampp/htdocs/edhartiMain/vendor/laravel/framework/src/Illuminate/Pipeline/Pipeline.php(183): Illuminate/Session/Middleware/StartSession->handle(Object(Illuminate/Http/Request), Object(Closure))
#33 C:/xampp/htdocs/edhartiMain/vendor/laravel/framework/src/Illuminate/Cookie/Middleware/AddQueuedCookiesToResponse.php(37): Illuminate/Pipeline/Pipeline->Illuminate/Pipeline/{closure}(Object(Illuminate/Http/Request))
#34 C:/xampp/htdocs/edhartiMain/vendor/laravel/framework/src/Illuminate/Pipeline/Pipeline.php(183): Illuminate/Cookie/Middleware/AddQueuedCookiesToResponse->handle(Object(Illuminate/Http/Request), Object(Closure))
#35 C:/xampp/htdocs/edhartiMain/vendor/laravel/framework/src/Illuminate/Cookie/Middleware/EncryptCookies.php(67): Illuminate/Pipeline/Pipeline->Illuminate/Pipeline/{closure}(Object(Illuminate/Http/Request))
#36 C:/xampp/htdocs/edhartiMain/vendor/laravel/framework/src/Illuminate/Pipeline/Pipeline.php(183): Illuminate/Cookie/Middleware/EncryptCookies->handle(Object(Illuminate/Http/Request), Object(Closure))
#37 C:/xampp/htdocs/edhartiMain/vendor/laravel/framework/src/Illuminate/Pipeline/Pipeline.php(119): Illuminate/Pipeline/Pipeline->Illuminate/Pipeline/{closure}(Object(Illuminate/Http/Request))
#38 C:/xampp/htdocs/edhartiMain/vendor/laravel/framework/src/Illuminate/Routing/Router.php(805): Illuminate/Pipeline/Pipeline->then(Object(Closure))
#39 C:/xampp/htdocs/edhartiMain/vendor/laravel/framework/src/Illuminate/Routing/Router.php(784): Illuminate/Routing/Router->runRouteWithinStack(Object(Illuminate/Routing/Route), Object(Illuminate/Http/Request))
#40 C:/xampp/htdocs/edhartiMain/vendor/laravel/framework/src/Illuminate/Routing/Router.php(748): Illuminate/Routing/Router->runRoute(Object(Illuminate/Http/Request), Object(Illuminate/Routing/Route))
#41 C:/xampp/htdocs/edhartiMain/vendor/laravel/framework/src/Illuminate/Routing/Router.php(737): Illuminate/Routing/Router->dispatchToRoute(Object(Illuminate/Http/Request))
#42 C:/xampp/htdocs/edhartiMain/vendor/laravel/framework/src/Illuminate/Foundation/Http/Kernel.php(200): Illuminate/Routing/Router->dispatch(Object(Illuminate/Http/Request))
#43 C:/xampp/htdocs/edhartiMain/vendor/laravel/framework/src/Illuminate/Pipeline/Pipeline.php(144): Illuminate/Foundation/Http/Kernel->Illuminate/Foundation/Http/{closure}(Object(Illuminate/Http/Request))
#44 C:/xampp/htdocs/edhartiMain/app/Http/Middleware/PreventClickjacking.php(18): Illuminate/Pipeline/Pipeline->Illuminate/Pipeline/{closure}(Object(Illuminate/Http/Request))
#45 C:/xampp/htdocs/edhartiMain/vendor/laravel/framework/src/Illuminate/Pipeline/Pipeline.php(183): App/Http/Middleware/PreventClickjacking->handle(Object(Illuminate/Http/Request), Object(Closure))
#46 C:/xampp/htdocs/edhartiMain/vendor/laravel/framework/src/Illuminate/Foundation/Http/Middleware/TransformsRequest.php(21): Illuminate/Pipeline/Pipeline->Illuminate/Pipeline/{closure}(Object(Illuminate/Http/Request))
#47 C:/xampp/htdocs/edhartiMain/vendor/laravel/framework/src/Illuminate/Foundation/Http/Middleware/ConvertEmptyStringsToNull.php(31): Illuminate/Foundation/Http/Middleware/TransformsRequest->handle(Object(Illuminate/Http/Request), Object(Closure))
#48 C:/xampp/htdocs/edhartiMain/vendor/laravel/framework/src/Illuminate/Pipeline/Pipeline.php(183): Illuminate/Foundation/Http/Middleware/ConvertEmptyStringsToNull->handle(Object(Illuminate/Http/Request), Object(Closure))
#49 C:/xampp/htdocs/edhartiMain/vendor/laravel/framework/src/Illuminate/Foundation/Http/Middleware/TransformsRequest.php(21): Illuminate/Pipeline/Pipeline->Illuminate/Pipeline/{closure}(Object(Illuminate/Http/Request))
#50 C:/xampp/htdocs/edhartiMain/vendor/laravel/framework/src/Illuminate/Foundation/Http/Middleware/TrimStrings.php(40): Illuminate/Foundation/Http/Middleware/TransformsRequest->handle(Object(Illuminate/Http/Request), Object(Closure))
#51 C:/xampp/htdocs/edhartiMain/vendor/laravel/framework/src/Illuminate/Pipeline/Pipeline.php(183): Illuminate/Foundation/Http/Middleware/TrimStrings->handle(Object(Illuminate/Http/Request), Object(Closure))
#52 C:/xampp/htdocs/edhartiMain/vendor/laravel/framework/src/Illuminate/Foundation/Http/Middleware/ValidatePostSize.php(27): Illuminate/Pipeline/Pipeline->Illuminate/Pipeline/{closure}(Object(Illuminate/Http/Request))
#53 C:/xampp/htdocs/edhartiMain/vendor/laravel/framework/src/Illuminate/Pipeline/Pipeline.php(183): Illuminate/Foundation/Http/Middleware/ValidatePostSize->handle(Object(Illuminate/Http/Request), Object(Closure))
#54 C:/xampp/htdocs/edhartiMain/vendor/laravel/framework/src/Illuminate/Foundation/Http/Middleware/PreventRequestsDuringMaintenance.php(99): Illuminate/Pipeline/Pipeline->Illuminate/Pipeline/{closure}(Object(Illuminate/Http/Request))
#55 C:/xampp/htdocs/edhartiMain/vendor/laravel/framework/src/Illuminate/Pipeline/Pipeline.php(183): Illuminate/Foundation/Http/Middleware/PreventRequestsDuringMaintenance->handle(Object(Illuminate/Http/Request), Object(Closure))
#56 C:/xampp/htdocs/edhartiMain/vendor/laravel/framework/src/Illuminate/Http/Middleware/HandleCors.php(49): Illuminate/Pipeline/Pipeline->Illuminate/Pipeline/{closure}(Object(Illuminate/Http/Request))
#57 C:/xampp/htdocs/edhartiMain/vendor/laravel/framework/src/Illuminate/Pipeline/Pipeline.php(183): Illuminate/Http/Middleware/HandleCors->handle(Object(Illuminate/Http/Request), Object(Closure))
#58 C:/xampp/htdocs/edhartiMain/vendor/laravel/framework/src/Illuminate/Http/Middleware/TrustProxies.php(39): Illuminate/Pipeline/Pipeline->Illuminate/Pipeline/{closure}(Object(Illuminate/Http/Request))
#59 C:/xampp/htdocs/edhartiMain/vendor/laravel/framework/src/Illuminate/Pipeline/Pipeline.php(183): Illuminate/Http/Middleware/TrustProxies->handle(Object(Illuminate/Http/Request), Object(Closure))
#60 C:/xampp/htdocs/edhartiMain/vendor/laravel/framework/src/Illuminate/Pipeline/Pipeline.php(119): Illuminate/Pipeline/Pipeline->Illuminate/Pipeline/{closure}(Object(Illuminate/Http/Request))
#61 C:/xampp/htdocs/edhartiMain/vendor/laravel/framework/src/Illuminate/Foundation/Http/Kernel.php(175): Illuminate/Pipeline/Pipeline->then(Object(Closure))
#62 C:/xampp/htdocs/edhartiMain/vendor/laravel/framework/src/Illuminate/Foundation/Http/Kernel.php(144): Illuminate/Foundation/Http/Kernel->sendRequestThroughRouter(Object(Illuminate/Http/Request))
#63 C:/xampp/htdocs/edhartiMain/public/index.php(51): Illuminate/Foundation/Http/Kernel->handle(Object(Illuminate/Http/Request))
#64 C:/xampp/htdocs/edhartiMain/vendor/laravel/framework/src/Illuminate/Foundation/resources/server.php(16): require_once('C://xampp//htdocs...')
#65 {main}
"} 
[2026-09-01 13:27:18] Production.ERROR: SQLSTATE[42S22]: Column not found: 1054 Unknown column 'd.balance_aamount' in 'field list' (Connection: mysql, SQL: select coalesce(spd.old_property_id,pm.old_propert_id) as old_property_id, coalesce(spd.presently_known_as, pld.presently_known_as) as known_as, coalesce(spd.area_in_sqm, pld.plot_area_in_sqm) as area_in_sqm, COALESCE(d.balance_aamount, 0) + COALESCE(od.outstanding, 0) as outstanding from `property_masters` as `pm` left join `property_lease_details` as `pld` on `pm`.`id` = `pld`.`property_master_id` left join `splited_property_details` as `spd` on `pm`.`id` = `spd`.`property_master_id` left join (select * from demands where flat_id is null and status in (1497,1499)) as d on `pm`.`id` = `d`.`property_master_id` and ((`pm`.`is_joint_property` is null and `d`.`splited_property_detail_id` is null) or (`pm`.`is_joint_property` is not null and `d`.`splited_property_detail_id` = `spd`.`id`)) left join ( select property_id, sum(outstanding) as outstanding from old_demands group by property_id) as od on `pm`.`old_propert_id` = `od`.`property_id` or `spd`.`old_property_id` = `od`.`property_id` where ((`pm`.`is_joint_property` is not null and `spd`.`property_status` = 951) or (`pm`.`is_joint_property` is null and `pm`.`status` = 951)) order by `outstanding` desc limit 15 offset 0) {"userId":37,"exception":"[object] (Illuminate\\Database\\QueryException(code: 42S22): SQLSTATE[42S22]: Column not found: 1054 Unknown column 'd.balance_aamount' in 'field list' (Connection: mysql, SQL: select coalesce(spd.old_property_id,pm.old_propert_id) as old_property_id, coalesce(spd.presently_known_as, pld.presently_known_as) as known_as, coalesce(spd.area_in_sqm, pld.plot_area_in_sqm) as area_in_sqm, COALESCE(d.balance_aamount, 0) + COALESCE(od.outstanding, 0) as outstanding from `property_masters` as `pm` left join `property_lease_details` as `pld` on `pm`.`id` = `pld`.`property_master_id` left join `splited_property_details` as `spd` on `pm`.`id` = `spd`.`property_master_id` left join (select * from demands where flat_id is null and status in (1497,1499)) as d on `pm`.`id` = `d`.`property_master_id` and ((`pm`.`is_joint_property` is null and `d`.`splited_property_detail_id` is null) or (`pm`.`is_joint_property` is not null and `d`.`splited_property_detail_id` = `spd`.`id`)) left join ( select property_id, sum(outstanding) as outstanding from old_demands group by property_id) as od on `pm`.`old_propert_id` = `od`.`property_id` or `spd`.`old_property_id` = `od`.`property_id` where ((`pm`.`is_joint_property` is not null and `spd`.`property_status` = 951) or (`pm`.`is_joint_property` is null and `pm`.`status` = 951)) order by `outstanding` desc limit 15 offset 0) at C:/xampp/htdocs/edhartiMain/vendor/laravel/framework/src/Illuminate/Database/Connection.php:829)
[stacktrace]
#0 C:/xampp/htdocs/edhartiMain/vendor/laravel/framework/src/Illuminate/Database/Connection.php(783): Illuminate/Database/Connection->runQueryCallback('select coalesce...', Array, Object(Closure))
#1 C:/xampp/htdocs/edhartiMain/vendor/laravel/framework/src/Illuminate/Database/Connection.php(414): Illuminate/Database/Connection->run('select coalesce...', Array, Object(Closure))
#2 C:/xampp/htdocs/edhartiMain/vendor/laravel/framework/src/Illuminate/Database/Query/Builder.php(2913): Illuminate/Database/Connection->select('select coalesce...', Array, true)
#3 C:/xampp/htdocs/edhartiMain/vendor/laravel/framework/src/Illuminate/Database/Query/Builder.php(2902): Illuminate/Database/Query/Builder->runSelect()
#4 C:/xampp/htdocs/edhartiMain/vendor/laravel/framework/src/Illuminate/Database/Query/Builder.php(3456): Illuminate/Database/Query/Builder->Illuminate/Database/Query/{closure}()
#5 C:/xampp/htdocs/edhartiMain/vendor/laravel/framework/src/Illuminate/Database/Query/Builder.php(2901): Illuminate/Database/Query/Builder->onceWithColumns(Array, Object(Closure))
#6 C:/xampp/htdocs/edhartiMain/vendor/laravel/framework/src/Illuminate/Database/Query/Builder.php(2936): Illuminate/Database/Query/Builder->get(Array)
#7 C:/xampp/htdocs/edhartiMain/app/Http/Controllers/ReportController.php(1978): Illuminate/Database/Query/Builder->paginate()
#8 C:/xampp/htdocs/edhartiMain/vendor/laravel/framework/src/Illuminate/Routing/Controller.php(54): App/Http/Controllers/ReportController->leaseHoldDemands()
#9 C:/xampp/htdocs/edhartiMain/vendor/laravel/framework/src/Illuminate/Routing/ControllerDispatcher.php(43): Illuminate/Routing/Controller->callAction('leaseHoldDemand...', Array)
#10 C:/xampp/htdocs/edhartiMain/vendor/laravel/framework/src/Illuminate/Routing/Route.php(259): Illuminate/Routing/ControllerDispatcher->dispatch(Object(Illuminate/Routing/Route), Object(App/Http/Controllers/ReportController), 'leaseHoldDemand...')
#11 C:/xampp/htdocs/edhartiMain/vendor/laravel/framework/src/Illuminate/Routing/Route.php(205): Illuminate/Routing/Route->runController()
#12 C:/xampp/htdocs/edhartiMain/vendor/laravel/framework/src/Illuminate/Routing/Router.php(806): Illuminate/Routing/Route->run()
#13 C:/xampp/htdocs/edhartiMain/vendor/laravel/framework/src/Illuminate/Pipeline/Pipeline.php(144): Illuminate/Routing/Router->Illuminate/Routing/{closure}(Object(Illuminate/Http/Request))
#14 C:/xampp/htdocs/edhartiMain/app/Http/Middleware/OldRegistrationsMiddleware.php(140): Illuminate/Pipeline/Pipeline->Illuminate/Pipeline/{closure}(Object(Illuminate/Http/Request))
#15 C:/xampp/htdocs/edhartiMain/vendor/laravel/framework/src/Illuminate/Pipeline/Pipeline.php(183): App/Http/Middleware/OldRegistrationsMiddleware->handle(Object(Illuminate/Http/Request), Object(Closure))
#16 C:/xampp/htdocs/edhartiMain/app/Http/Middleware/VerifySessionIntegrity.php(43): Illuminate/Pipeline/Pipeline->Illuminate/Pipeline/{closure}(Object(Illuminate/Http/Request))
#17 C:/xampp/htdocs/edhartiMain/vendor/laravel/framework/src/Illuminate/Pipeline/Pipeline.php(183): App/Http/Middleware/VerifySessionIntegrity->handle(Object(Illuminate/Http/Request), Object(Closure))
#18 C:/xampp/htdocs/edhartiMain/app/Http/Middleware/SanitizeInput.php(32): Illuminate/Pipeline/Pipeline->Illuminate/Pipeline/{closure}(Object(Illuminate/Http/Request))
#19 C:/xampp/htdocs/edhartiMain/vendor/laravel/framework/src/Illuminate/Pipeline/Pipeline.php(183): App/Http/Middleware/SanitizeInput->handle(Object(Illuminate/Http/Request), Object(Closure))
#20 C:/xampp/htdocs/edhartiMain/vendor/laravel/framework/src/Illuminate/Routing/Middleware/SubstituteBindings.php(50): Illuminate/Pipeline/Pipeline->Illuminate/Pipeline/{closure}(Object(Illuminate/Http/Request))
#21 C:/xampp/htdocs/edhartiMain/vendor/laravel/framework/src/Illuminate/Pipeline/Pipeline.php(183): Illuminate/Routing/Middleware/SubstituteBindings->handle(Object(Illuminate/Http/Request), Object(Closure))
#22 C:/xampp/htdocs/edhartiMain/vendor/laravel/framework/src/Illuminate/Auth/Middleware/Authenticate.php(57): Illuminate/Pipeline/Pipeline->Illuminate/Pipeline/{closure}(Object(Illuminate/Http/Request))
#23 C:/xampp/htdocs/edhartiMain/vendor/laravel/framework/src/Illuminate/Pipeline/Pipeline.php(183): Illuminate/Auth/Middleware/Authenticate->handle(Object(Illuminate/Http/Request), Object(Closure))
#24 C:/xampp/htdocs/edhartiMain/vendor/laravel/framework/src/Illuminate/Foundation/Http/Middleware/VerifyCsrfToken.php(78): Illuminate/Pipeline/Pipeline->Illuminate/Pipeline/{closure}(Object(Illuminate/Http/Request))
#25 C:/xampp/htdocs/edhartiMain/vendor/laravel/framework/src/Illuminate/Pipeline/Pipeline.php(183): Illuminate/Foundation/Http/Middleware/VerifyCsrfToken->handle(Object(Illuminate/Http/Request), Object(Closure))
#26 C:/xampp/htdocs/edhartiMain/vendor/laravel/framework/src/Illuminate/View/Middleware/ShareErrorsFromSession.php(49): Illuminate/Pipeline/Pipeline->Illuminate/Pipeline/{closure}(Object(Illuminate/Http/Request))
#27 C:/xampp/htdocs/edhartiMain/vendor/laravel/framework/src/Illuminate/Pipeline/Pipeline.php(183): Illuminate/View/Middleware/ShareErrorsFromSession->handle(Object(Illuminate/Http/Request), Object(Closure))
#28 C:/xampp/htdocs/edhartiMain/vendor/laravel/framework/src/Illuminate/Session/Middleware/StartSession.php(121): Illuminate/Pipeline/Pipeline->Illuminate/Pipeline/{closure}(Object(Illuminate/Http/Request))
#29 C:/xampp/htdocs/edhartiMain/vendor/laravel/framework/src/Illuminate/Session/Middleware/StartSession.php(64): Illuminate/Session/Middleware/StartSession->handleStatefulRequest(Object(Illuminate/Http/Request), Object(Illuminate/Session/Store), Object(Closure))
#30 C:/xampp/htdocs/edhartiMain/vendor/laravel/framework/src/Illuminate/Pipeline/Pipeline.php(183): Illuminate/Session/Middleware/StartSession->handle(Object(Illuminate/Http/Request), Object(Closure))
#31 C:/xampp/htdocs/edhartiMain/vendor/laravel/framework/src/Illuminate/Cookie/Middleware/AddQueuedCookiesToResponse.php(37): Illuminate/Pipeline/Pipeline->Illuminate/Pipeline/{closure}(Object(Illuminate/Http/Request))
#32 C:/xampp/htdocs/edhartiMain/vendor/laravel/framework/src/Illuminate/Pipeline/Pipeline.php(183): Illuminate/Cookie/Middleware/AddQueuedCookiesToResponse->handle(Object(Illuminate/Http/Request), Object(Closure))
#33 C:/xampp/htdocs/edhartiMain/vendor/laravel/framework/src/Illuminate/Cookie/Middleware/EncryptCookies.php(67): Illuminate/Pipeline/Pipeline->Illuminate/Pipeline/{closure}(Object(Illuminate/Http/Request))
#34 C:/xampp/htdocs/edhartiMain/vendor/laravel/framework/src/Illuminate/Pipeline/Pipeline.php(183): Illuminate/Cookie/Middleware/EncryptCookies->handle(Object(Illuminate/Http/Request), Object(Closure))
#35 C:/xampp/htdocs/edhartiMain/vendor/laravel/framework/src/Illuminate/Pipeline/Pipeline.php(119): Illuminate/Pipeline/Pipeline->Illuminate/Pipeline/{closure}(Object(Illuminate/Http/Request))
#36 C:/xampp/htdocs/edhartiMain/vendor/laravel/framework/src/Illuminate/Routing/Router.php(805): Illuminate/Pipeline/Pipeline->then(Object(Closure))
#37 C:/xampp/htdocs/edhartiMain/vendor/laravel/framework/src/Illuminate/Routing/Router.php(784): Illuminate/Routing/Router->runRouteWithinStack(Object(Illuminate/Routing/Route), Object(Illuminate/Http/Request))
#38 C:/xampp/htdocs/edhartiMain/vendor/laravel/framework/src/Illuminate/Routing/Router.php(748): Illuminate/Routing/Router->runRoute(Object(Illuminate/Http/Request), Object(Illuminate/Routing/Route))
#39 C:/xampp/htdocs/edhartiMain/vendor/laravel/framework/src/Illuminate/Routing/Router.php(737): Illuminate/Routing/Router->dispatchToRoute(Object(Illuminate/Http/Request))
#40 C:/xampp/htdocs/edhartiMain/vendor/laravel/framework/src/Illuminate/Foundation/Http/Kernel.php(200): Illuminate/Routing/Router->dispatch(Object(Illuminate/Http/Request))
#41 C:/xampp/htdocs/edhartiMain/vendor/laravel/framework/src/Illuminate/Pipeline/Pipeline.php(144): Illuminate/Foundation/Http/Kernel->Illuminate/Foundation/Http/{closure}(Object(Illuminate/Http/Request))
#42 C:/xampp/htdocs/edhartiMain/app/Http/Middleware/PreventClickjacking.php(18): Illuminate/Pipeline/Pipeline->Illuminate/Pipeline/{closure}(Object(Illuminate/Http/Request))
#43 C:/xampp/htdocs/edhartiMain/vendor/laravel/framework/src/Illuminate/Pipeline/Pipeline.php(183): App/Http/Middleware/PreventClickjacking->handle(Object(Illuminate/Http/Request), Object(Closure))
#44 C:/xampp/htdocs/edhartiMain/vendor/laravel/framework/src/Illuminate/Foundation/Http/Middleware/TransformsRequest.php(21): Illuminate/Pipeline/Pipeline->Illuminate/Pipeline/{closure}(Object(Illuminate/Http/Request))
#45 C:/xampp/htdocs/edhartiMain/vendor/laravel/framework/src/Illuminate/Foundation/Http/Middleware/ConvertEmptyStringsToNull.php(31): Illuminate/Foundation/Http/Middleware/TransformsRequest->handle(Object(Illuminate/Http/Request), Object(Closure))
#46 C:/xampp/htdocs/edhartiMain/vendor/laravel/framework/src/Illuminate/Pipeline/Pipeline.php(183): Illuminate/Foundation/Http/Middleware/ConvertEmptyStringsToNull->handle(Object(Illuminate/Http/Request), Object(Closure))
#47 C:/xampp/htdocs/edhartiMain/vendor/laravel/framework/src/Illuminate/Foundation/Http/Middleware/TransformsRequest.php(21): Illuminate/Pipeline/Pipeline->Illuminate/Pipeline/{closure}(Object(Illuminate/Http/Request))
#48 C:/xampp/htdocs/edhartiMain/vendor/laravel/framework/src/Illuminate/Foundation/Http/Middleware/TrimStrings.php(40): Illuminate/Foundation/Http/Middleware/TransformsRequest->handle(Object(Illuminate/Http/Request), Object(Closure))
#49 C:/xampp/htdocs/edhartiMain/vendor/laravel/framework/src/Illuminate/Pipeline/Pipeline.php(183): Illuminate/Foundation/Http/Middleware/TrimStrings->handle(Object(Illuminate/Http/Request), Object(Closure))
#50 C:/xampp/htdocs/edhartiMain/vendor/laravel/framework/src/Illuminate/Foundation/Http/Middleware/ValidatePostSize.php(27): Illuminate/Pipeline/Pipeline->Illuminate/Pipeline/{closure}(Object(Illuminate/Http/Request))
#51 C:/xampp/htdocs/edhartiMain/vendor/laravel/framework/src/Illuminate/Pipeline/Pipeline.php(183): Illuminate/Foundation/Http/Middleware/ValidatePostSize->handle(Object(Illuminate/Http/Request), Object(Closure))
#52 C:/xampp/htdocs/edhartiMain/vendor/laravel/framework/src/Illuminate/Foundation/Http/Middleware/PreventRequestsDuringMaintenance.php(99): Illuminate/Pipeline/Pipeline->Illuminate/Pipeline/{closure}(Object(Illuminate/Http/Request))
#53 C:/xampp/htdocs/edhartiMain/vendor/laravel/framework/src/Illuminate/Pipeline/Pipeline.php(183): Illuminate/Foundation/Http/Middleware/PreventRequestsDuringMaintenance->handle(Object(Illuminate/Http/Request), Object(Closure))
#54 C:/xampp/htdocs/edhartiMain/vendor/laravel/framework/src/Illuminate/Http/Middleware/HandleCors.php(49): Illuminate/Pipeline/Pipeline->Illuminate/Pipeline/{closure}(Object(Illuminate/Http/Request))
#55 C:/xampp/htdocs/edhartiMain/vendor/laravel/framework/src/Illuminate/Pipeline/Pipeline.php(183): Illuminate/Http/Middleware/HandleCors->handle(Object(Illuminate/Http/Request), Object(Closure))
#56 C:/xampp/htdocs/edhartiMain/vendor/laravel/framework/src/Illuminate/Http/Middleware/TrustProxies.php(39): Illuminate/Pipeline/Pipeline->Illuminate/Pipeline/{closure}(Object(Illuminate/Http/Request))
#57 C:/xampp/htdocs/edhartiMain/vendor/laravel/framework/src/Illuminate/Pipeline/Pipeline.php(183): Illuminate/Http/Middleware/TrustProxies->handle(Object(Illuminate/Http/Request), Object(Closure))
#58 C:/xampp/htdocs/edhartiMain/vendor/laravel/framework/src/Illuminate/Pipeline/Pipeline.php(119): Illuminate/Pipeline/Pipeline->Illuminate/Pipeline/{closure}(Object(Illuminate/Http/Request))
#59 C:/xampp/htdocs/edhartiMain/vendor/laravel/framework/src/Illuminate/Foundation/Http/Kernel.php(175): Illuminate/Pipeline/Pipeline->then(Object(Closure))
#60 C:/xampp/htdocs/edhartiMain/vendor/laravel/framework/src/Illuminate/Foundation/Http/Kernel.php(144): Illuminate/Foundation/Http/Kernel->sendRequestThroughRouter(Object(Illuminate/Http/Request))
#61 C:/xampp/htdocs/edhartiMain/public/index.php(51): Illuminate/Foundation/Http/Kernel->handle(Object(Illuminate/Http/Request))
#62 C:/xampp/htdocs/edhartiMain/vendor/laravel/framework/src/Illuminate/Foundation/resources/server.php(16): require_once('C://xampp//htdocs...')
#63 {main}

[previous exception] [object] (PDOException(code: 42S22): SQLSTATE[42S22]: Column not found: 1054 Unknown column 'd.balance_aamount' in 'field list' at C:/xampp/htdocs/edhartiMain/vendor/laravel/framework/src/Illuminate/Database/Connection.php:423)
[stacktrace]
#0 C:/xampp/htdocs/edhartiMain/vendor/laravel/framework/src/Illuminate/Database/Connection.php(423): PDO->prepare('select coalesce...')
#1 C:/xampp/htdocs/edhartiMain/vendor/laravel/framework/src/Illuminate/Database/Connection.php(816): Illuminate/Database/Connection->Illuminate/Database/{closure}('select coalesce...', Array)
#2 C:/xampp/htdocs/edhartiMain/vendor/laravel/framework/src/Illuminate/Database/Connection.php(783): Illuminate/Database/Connection->runQueryCallback('select coalesce...', Array, Object(Closure))
#3 C:/xampp/htdocs/edhartiMain/vendor/laravel/framework/src/Illuminate/Database/Connection.php(414): Illuminate/Database/Connection->run('select coalesce...', Array, Object(Closure))
#4 C:/xampp/htdocs/edhartiMain/vendor/laravel/framework/src/Illuminate/Database/Query/Builder.php(2913): Illuminate/Database/Connection->select('select coalesce...', Array, true)
#5 C:/xampp/htdocs/edhartiMain/vendor/laravel/framework/src/Illuminate/Database/Query/Builder.php(2902): Illuminate/Database/Query/Builder->runSelect()
#6 C:/xampp/htdocs/edhartiMain/vendor/laravel/framework/src/Illuminate/Database/Query/Builder.php(3456): Illuminate/Database/Query/Builder->Illuminate/Database/Query/{closure}()
#7 C:/xampp/htdocs/edhartiMain/vendor/laravel/framework/src/Illuminate/Database/Query/Builder.php(2901): Illuminate/Database/Query/Builder->onceWithColumns(Array, Object(Closure))
#8 C:/xampp/htdocs/edhartiMain/vendor/laravel/framework/src/Illuminate/Database/Query/Builder.php(2936): Illuminate/Database/Query/Builder->get(Array)
#9 C:/xampp/htdocs/edhartiMain/app/Http/Controllers/ReportController.php(1978): Illuminate/Database/Query/Builder->paginate()
#10 C:/xampp/htdocs/edhartiMain/vendor/laravel/framework/src/Illuminate/Routing/Controller.php(54): App/Http/Controllers/ReportController->leaseHoldDemands()
#11 C:/xampp/htdocs/edhartiMain/vendor/laravel/framework/src/Illuminate/Routing/ControllerDispatcher.php(43): Illuminate/Routing/Controller->callAction('leaseHoldDemand...', Array)
#12 C:/xampp/htdocs/edhartiMain/vendor/laravel/framework/src/Illuminate/Routing/Route.php(259): Illuminate/Routing/ControllerDispatcher->dispatch(Object(Illuminate/Routing/Route), Object(App/Http/Controllers/ReportController), 'leaseHoldDemand...')
#13 C:/xampp/htdocs/edhartiMain/vendor/laravel/framework/src/Illuminate/Routing/Route.php(205): Illuminate/Routing/Route->runController()
#14 C:/xampp/htdocs/edhartiMain/vendor/laravel/framework/src/Illuminate/Routing/Router.php(806): Illuminate/Routing/Route->run()
#15 C:/xampp/htdocs/edhartiMain/vendor/laravel/framework/src/Illuminate/Pipeline/Pipeline.php(144): Illuminate/Routing/Router->Illuminate/Routing/{closure}(Object(Illuminate/Http/Request))
#16 C:/xampp/htdocs/edhartiMain/app/Http/Middleware/OldRegistrationsMiddleware.php(140): Illuminate/Pipeline/Pipeline->Illuminate/Pipeline/{closure}(Object(Illuminate/Http/Request))
#17 C:/xampp/htdocs/edhartiMain/vendor/laravel/framework/src/Illuminate/Pipeline/Pipeline.php(183): App/Http/Middleware/OldRegistrationsMiddleware->handle(Object(Illuminate/Http/Request), Object(Closure))
#18 C:/xampp/htdocs/edhartiMain/app/Http/Middleware/VerifySessionIntegrity.php(43): Illuminate/Pipeline/Pipeline->Illuminate/Pipeline/{closure}(Object(Illuminate/Http/Request))
#19 C:/xampp/htdocs/edhartiMain/vendor/laravel/framework/src/Illuminate/Pipeline/Pipeline.php(183): App/Http/Middleware/VerifySessionIntegrity->handle(Object(Illuminate/Http/Request), Object(Closure))
#20 C:/xampp/htdocs/edhartiMain/app/Http/Middleware/SanitizeInput.php(32): Illuminate/Pipeline/Pipeline->Illuminate/Pipeline/{closure}(Object(Illuminate/Http/Request))
#21 C:/xampp/htdocs/edhartiMain/vendor/laravel/framework/src/Illuminate/Pipeline/Pipeline.php(183): App/Http/Middleware/SanitizeInput->handle(Object(Illuminate/Http/Request), Object(Closure))
#22 C:/xampp/htdocs/edhartiMain/vendor/laravel/framework/src/Illuminate/Routing/Middleware/SubstituteBindings.php(50): Illuminate/Pipeline/Pipeline->Illuminate/Pipeline/{closure}(Object(Illuminate/Http/Request))
#23 C:/xampp/htdocs/edhartiMain/vendor/laravel/framework/src/Illuminate/Pipeline/Pipeline.php(183): Illuminate/Routing/Middleware/SubstituteBindings->handle(Object(Illuminate/Http/Request), Object(Closure))
#24 C:/xampp/htdocs/edhartiMain/vendor/laravel/framework/src/Illuminate/Auth/Middleware/Authenticate.php(57): Illuminate/Pipeline/Pipeline->Illuminate/Pipeline/{closure}(Object(Illuminate/Http/Request))
#25 C:/xampp/htdocs/edhartiMain/vendor/laravel/framework/src/Illuminate/Pipeline/Pipeline.php(183): Illuminate/Auth/Middleware/Authenticate->handle(Object(Illuminate/Http/Request), Object(Closure))
#26 C:/xampp/htdocs/edhartiMain/vendor/laravel/framework/src/Illuminate/Foundation/Http/Middleware/VerifyCsrfToken.php(78): Illuminate/Pipeline/Pipeline->Illuminate/Pipeline/{closure}(Object(Illuminate/Http/Request))
#27 C:/xampp/htdocs/edhartiMain/vendor/laravel/framework/src/Illuminate/Pipeline/Pipeline.php(183): Illuminate/Foundation/Http/Middleware/VerifyCsrfToken->handle(Object(Illuminate/Http/Request), Object(Closure))
#28 C:/xampp/htdocs/edhartiMain/vendor/laravel/framework/src/Illuminate/View/Middleware/ShareErrorsFromSession.php(49): Illuminate/Pipeline/Pipeline->Illuminate/Pipeline/{closure}(Object(Illuminate/Http/Request))
#29 C:/xampp/htdocs/edhartiMain/vendor/laravel/framework/src/Illuminate/Pipeline/Pipeline.php(183): Illuminate/View/Middleware/ShareErrorsFromSession->handle(Object(Illuminate/Http/Request), Object(Closure))
#30 C:/xampp/htdocs/edhartiMain/vendor/laravel/framework/src/Illuminate/Session/Middleware/StartSession.php(121): Illuminate/Pipeline/Pipeline->Illuminate/Pipeline/{closure}(Object(Illuminate/Http/Request))
#31 C:/xampp/htdocs/edhartiMain/vendor/laravel/framework/src/Illuminate/Session/Middleware/StartSession.php(64): Illuminate/Session/Middleware/StartSession->handleStatefulRequest(Object(Illuminate/Http/Request), Object(Illuminate/Session/Store), Object(Closure))
#32 C:/xampp/htdocs/edhartiMain/vendor/laravel/framework/src/Illuminate/Pipeline/Pipeline.php(183): Illuminate/Session/Middleware/StartSession->handle(Object(Illuminate/Http/Request), Object(Closure))
#33 C:/xampp/htdocs/edhartiMain/vendor/laravel/framework/src/Illuminate/Cookie/Middleware/AddQueuedCookiesToResponse.php(37): Illuminate/Pipeline/Pipeline->Illuminate/Pipeline/{closure}(Object(Illuminate/Http/Request))
#34 C:/xampp/htdocs/edhartiMain/vendor/laravel/framework/src/Illuminate/Pipeline/Pipeline.php(183): Illuminate/Cookie/Middleware/AddQueuedCookiesToResponse->handle(Object(Illuminate/Http/Request), Object(Closure))
#35 C:/xampp/htdocs/edhartiMain/vendor/laravel/framework/src/Illuminate/Cookie/Middleware/EncryptCookies.php(67): Illuminate/Pipeline/Pipeline->Illuminate/Pipeline/{closure}(Object(Illuminate/Http/Request))
#36 C:/xampp/htdocs/edhartiMain/vendor/laravel/framework/src/Illuminate/Pipeline/Pipeline.php(183): Illuminate/Cookie/Middleware/EncryptCookies->handle(Object(Illuminate/Http/Request), Object(Closure))
#37 C:/xampp/htdocs/edhartiMain/vendor/laravel/framework/src/Illuminate/Pipeline/Pipeline.php(119): Illuminate/Pipeline/Pipeline->Illuminate/Pipeline/{closure}(Object(Illuminate/Http/Request))
#38 C:/xampp/htdocs/edhartiMain/vendor/laravel/framework/src/Illuminate/Routing/Router.php(805): Illuminate/Pipeline/Pipeline->then(Object(Closure))
#39 C:/xampp/htdocs/edhartiMain/vendor/laravel/framework/src/Illuminate/Routing/Router.php(784): Illuminate/Routing/Router->runRouteWithinStack(Object(Illuminate/Routing/Route), Object(Illuminate/Http/Request))
#40 C:/xampp/htdocs/edhartiMain/vendor/laravel/framework/src/Illuminate/Routing/Router.php(748): Illuminate/Routing/Router->runRoute(Object(Illuminate/Http/Request), Object(Illuminate/Routing/Route))
#41 C:/xampp/htdocs/edhartiMain/vendor/laravel/framework/src/Illuminate/Routing/Router.php(737): Illuminate/Routing/Router->dispatchToRoute(Object(Illuminate/Http/Request))
#42 C:/xampp/htdocs/edhartiMain/vendor/laravel/framework/src/Illuminate/Foundation/Http/Kernel.php(200): Illuminate/Routing/Router->dispatch(Object(Illuminate/Http/Request))
#43 C:/xampp/htdocs/edhartiMain/vendor/laravel/framework/src/Illuminate/Pipeline/Pipeline.php(144): Illuminate/Foundation/Http/Kernel->Illuminate/Foundation/Http/{closure}(Object(Illuminate/Http/Request))
#44 C:/xampp/htdocs/edhartiMain/app/Http/Middleware/PreventClickjacking.php(18): Illuminate/Pipeline/Pipeline->Illuminate/Pipeline/{closure}(Object(Illuminate/Http/Request))
#45 C:/xampp/htdocs/edhartiMain/vendor/laravel/framework/src/Illuminate/Pipeline/Pipeline.php(183): App/Http/Middleware/PreventClickjacking->handle(Object(Illuminate/Http/Request), Object(Closure))
#46 C:/xampp/htdocs/edhartiMain/vendor/laravel/framework/src/Illuminate/Foundation/Http/Middleware/TransformsRequest.php(21): Illuminate/Pipeline/Pipeline->Illuminate/Pipeline/{closure}(Object(Illuminate/Http/Request))
#47 C:/xampp/htdocs/edhartiMain/vendor/laravel/framework/src/Illuminate/Foundation/Http/Middleware/ConvertEmptyStringsToNull.php(31): Illuminate/Foundation/Http/Middleware/TransformsRequest->handle(Object(Illuminate/Http/Request), Object(Closure))
#48 C:/xampp/htdocs/edhartiMain/vendor/laravel/framework/src/Illuminate/Pipeline/Pipeline.php(183): Illuminate/Foundation/Http/Middleware/ConvertEmptyStringsToNull->handle(Object(Illuminate/Http/Request), Object(Closure))
#49 C:/xampp/htdocs/edhartiMain/vendor/laravel/framework/src/Illuminate/Foundation/Http/Middleware/TransformsRequest.php(21): Illuminate/Pipeline/Pipeline->Illuminate/Pipeline/{closure}(Object(Illuminate/Http/Request))
#50 C:/xampp/htdocs/edhartiMain/vendor/laravel/framework/src/Illuminate/Foundation/Http/Middleware/TrimStrings.php(40): Illuminate/Foundation/Http/Middleware/TransformsRequest->handle(Object(Illuminate/Http/Request), Object(Closure))
#51 C:/xampp/htdocs/edhartiMain/vendor/laravel/framework/src/Illuminate/Pipeline/Pipeline.php(183): Illuminate/Foundation/Http/Middleware/TrimStrings->handle(Object(Illuminate/Http/Request), Object(Closure))
#52 C:/xampp/htdocs/edhartiMain/vendor/laravel/framework/src/Illuminate/Foundation/Http/Middleware/ValidatePostSize.php(27): Illuminate/Pipeline/Pipeline->Illuminate/Pipeline/{closure}(Object(Illuminate/Http/Request))
#53 C:/xampp/htdocs/edhartiMain/vendor/laravel/framework/src/Illuminate/Pipeline/Pipeline.php(183): Illuminate/Foundation/Http/Middleware/ValidatePostSize->handle(Object(Illuminate/Http/Request), Object(Closure))
#54 C:/xampp/htdocs/edhartiMain/vendor/laravel/framework/src/Illuminate/Foundation/Http/Middleware/PreventRequestsDuringMaintenance.php(99): Illuminate/Pipeline/Pipeline->Illuminate/Pipeline/{closure}(Object(Illuminate/Http/Request))
#55 C:/xampp/htdocs/edhartiMain/vendor/laravel/framework/src/Illuminate/Pipeline/Pipeline.php(183): Illuminate/Foundation/Http/Middleware/PreventRequestsDuringMaintenance->handle(Object(Illuminate/Http/Request), Object(Closure))
#56 C:/xampp/htdocs/edhartiMain/vendor/laravel/framework/src/Illuminate/Http/Middleware/HandleCors.php(49): Illuminate/Pipeline/Pipeline->Illuminate/Pipeline/{closure}(Object(Illuminate/Http/Request))
#57 C:/xampp/htdocs/edhartiMain/vendor/laravel/framework/src/Illuminate/Pipeline/Pipeline.php(183): Illuminate/Http/Middleware/HandleCors->handle(Object(Illuminate/Http/Request), Object(Closure))
#58 C:/xampp/htdocs/edhartiMain/vendor/laravel/framework/src/Illuminate/Http/Middleware/TrustProxies.php(39): Illuminate/Pipeline/Pipeline->Illuminate/Pipeline/{closure}(Object(Illuminate/Http/Request))
#59 C:/xampp/htdocs/edhartiMain/vendor/laravel/framework/src/Illuminate/Pipeline/Pipeline.php(183): Illuminate/Http/Middleware/TrustProxies->handle(Object(Illuminate/Http/Request), Object(Closure))
#60 C:/xampp/htdocs/edhartiMain/vendor/laravel/framework/src/Illuminate/Pipeline/Pipeline.php(119): Illuminate/Pipeline/Pipeline->Illuminate/Pipeline/{closure}(Object(Illuminate/Http/Request))
#61 C:/xampp/htdocs/edhartiMain/vendor/laravel/framework/src/Illuminate/Foundation/Http/Kernel.php(175): Illuminate/Pipeline/Pipeline->then(Object(Closure))
#62 C:/xampp/htdocs/edhartiMain/vendor/laravel/framework/src/Illuminate/Foundation/Http/Kernel.php(144): Illuminate/Foundation/Http/Kernel->sendRequestThroughRouter(Object(Illuminate/Http/Request))
#63 C:/xampp/htdocs/edhartiMain/public/index.php(51): Illuminate/Foundation/Http/Kernel->handle(Object(Illuminate/Http/Request))
#64 C:/xampp/htdocs/edhartiMain/vendor/laravel/framework/src/Illuminate/Foundation/resources/server.php(16): require_once('C://xampp//htdocs...')
#65 {main}
"} 
[2026-09-01 13:29:14] Production.ERROR: View [reports.lease-hold-demand-report] not found. {"userId":37,"exception":"[object] (InvalidArgumentException(code: 0): View [reports.lease-hold-demand-report] not found. at C:/xampp/htdocs/edhartiMain/vendor/laravel/framework/src/Illuminate/View/FileViewFinder.php:137)
[stacktrace]
#0 C:/xampp/htdocs/edhartiMain/vendor/laravel/framework/src/Illuminate/View/FileViewFinder.php(79): Illuminate/View/FileViewFinder->findInPaths('reports.lease-h...', Array)
#1 C:/xampp/htdocs/edhartiMain/vendor/laravel/framework/src/Illuminate/View/Factory.php(137): Illuminate/View/FileViewFinder->find('reports.lease-h...')
#2 C:/xampp/htdocs/edhartiMain/vendor/laravel/framework/src/Illuminate/Foundation/helpers.php(1020): Illuminate/View/Factory->make('reports.lease-h...', Array, Array)
#3 C:/xampp/htdocs/edhartiMain/app/Http/Controllers/ReportController.php(1980): view('reports.lease-h...', Array)
#4 C:/xampp/htdocs/edhartiMain/vendor/laravel/framework/src/Illuminate/Routing/Controller.php(54): App/Http/Controllers/ReportController->leaseHoldDemands()
#5 C:/xampp/htdocs/edhartiMain/vendor/laravel/framework/src/Illuminate/Routing/ControllerDispatcher.php(43): Illuminate/Routing/Controller->callAction('leaseHoldDemand...', Array)
#6 C:/xampp/htdocs/edhartiMain/vendor/laravel/framework/src/Illuminate/Routing/Route.php(259): Illuminate/Routing/ControllerDispatcher->dispatch(Object(Illuminate/Routing/Route), Object(App/Http/Controllers/ReportController), 'leaseHoldDemand...')
#7 C:/xampp/htdocs/edhartiMain/vendor/laravel/framework/src/Illuminate/Routing/Route.php(205): Illuminate/Routing/Route->runController()
#8 C:/xampp/htdocs/edhartiMain/vendor/laravel/framework/src/Illuminate/Routing/Router.php(806): Illuminate/Routing/Route->run()
#9 C:/xampp/htdocs/edhartiMain/vendor/laravel/framework/src/Illuminate/Pipeline/Pipeline.php(144): Illuminate/Routing/Router->Illuminate/Routing/{closure}(Object(Illuminate/Http/Request))
#10 C:/xampp/htdocs/edhartiMain/app/Http/Middleware/OldRegistrationsMiddleware.php(140): Illuminate/Pipeline/Pipeline->Illuminate/Pipeline/{closure}(Object(Illuminate/Http/Request))
#11 C:/xampp/htdocs/edhartiMain/vendor/laravel/framework/src/Illuminate/Pipeline/Pipeline.php(183): App/Http/Middleware/OldRegistrationsMiddleware->handle(Object(Illuminate/Http/Request), Object(Closure))
#12 C:/xampp/htdocs/edhartiMain/app/Http/Middleware/VerifySessionIntegrity.php(43): Illuminate/Pipeline/Pipeline->Illuminate/Pipeline/{closure}(Object(Illuminate/Http/Request))
#13 C:/xampp/htdocs/edhartiMain/vendor/laravel/framework/src/Illuminate/Pipeline/Pipeline.php(183): App/Http/Middleware/VerifySessionIntegrity->handle(Object(Illuminate/Http/Request), Object(Closure))
#14 C:/xampp/htdocs/edhartiMain/app/Http/Middleware/SanitizeInput.php(32): Illuminate/Pipeline/Pipeline->Illuminate/Pipeline/{closure}(Object(Illuminate/Http/Request))
#15 C:/xampp/htdocs/edhartiMain/vendor/laravel/framework/src/Illuminate/Pipeline/Pipeline.php(183): App/Http/Middleware/SanitizeInput->handle(Object(Illuminate/Http/Request), Object(Closure))
#16 C:/xampp/htdocs/edhartiMain/vendor/laravel/framework/src/Illuminate/Routing/Middleware/SubstituteBindings.php(50): Illuminate/Pipeline/Pipeline->Illuminate/Pipeline/{closure}(Object(Illuminate/Http/Request))
#17 C:/xampp/htdocs/edhartiMain/vendor/laravel/framework/src/Illuminate/Pipeline/Pipeline.php(183): Illuminate/Routing/Middleware/SubstituteBindings->handle(Object(Illuminate/Http/Request), Object(Closure))
#18 C:/xampp/htdocs/edhartiMain/vendor/laravel/framework/src/Illuminate/Auth/Middleware/Authenticate.php(57): Illuminate/Pipeline/Pipeline->Illuminate/Pipeline/{closure}(Object(Illuminate/Http/Request))
#19 C:/xampp/htdocs/edhartiMain/vendor/laravel/framework/src/Illuminate/Pipeline/Pipeline.php(183): Illuminate/Auth/Middleware/Authenticate->handle(Object(Illuminate/Http/Request), Object(Closure))
#20 C:/xampp/htdocs/edhartiMain/vendor/laravel/framework/src/Illuminate/Foundation/Http/Middleware/VerifyCsrfToken.php(78): Illuminate/Pipeline/Pipeline->Illuminate/Pipeline/{closure}(Object(Illuminate/Http/Request))
#21 C:/xampp/htdocs/edhartiMain/vendor/laravel/framework/src/Illuminate/Pipeline/Pipeline.php(183): Illuminate/Foundation/Http/Middleware/VerifyCsrfToken->handle(Object(Illuminate/Http/Request), Object(Closure))
#22 C:/xampp/htdocs/edhartiMain/vendor/laravel/framework/src/Illuminate/View/Middleware/ShareErrorsFromSession.php(49): Illuminate/Pipeline/Pipeline->Illuminate/Pipeline/{closure}(Object(Illuminate/Http/Request))
#23 C:/xampp/htdocs/edhartiMain/vendor/laravel/framework/src/Illuminate/Pipeline/Pipeline.php(183): Illuminate/View/Middleware/ShareErrorsFromSession->handle(Object(Illuminate/Http/Request), Object(Closure))
#24 C:/xampp/htdocs/edhartiMain/vendor/laravel/framework/src/Illuminate/Session/Middleware/StartSession.php(121): Illuminate/Pipeline/Pipeline->Illuminate/Pipeline/{closure}(Object(Illuminate/Http/Request))
#25 C:/xampp/htdocs/edhartiMain/vendor/laravel/framework/src/Illuminate/Session/Middleware/StartSession.php(64): Illuminate/Session/Middleware/StartSession->handleStatefulRequest(Object(Illuminate/Http/Request), Object(Illuminate/Session/Store), Object(Closure))
#26 C:/xampp/htdocs/edhartiMain/vendor/laravel/framework/src/Illuminate/Pipeline/Pipeline.php(183): Illuminate/Session/Middleware/StartSession->handle(Object(Illuminate/Http/Request), Object(Closure))
#27 C:/xampp/htdocs/edhartiMain/vendor/laravel/framework/src/Illuminate/Cookie/Middleware/AddQueuedCookiesToResponse.php(37): Illuminate/Pipeline/Pipeline->Illuminate/Pipeline/{closure}(Object(Illuminate/Http/Request))
#28 C:/xampp/htdocs/edhartiMain/vendor/laravel/framework/src/Illuminate/Pipeline/Pipeline.php(183): Illuminate/Cookie/Middleware/AddQueuedCookiesToResponse->handle(Object(Illuminate/Http/Request), Object(Closure))
#29 C:/xampp/htdocs/edhartiMain/vendor/laravel/framework/src/Illuminate/Cookie/Middleware/EncryptCookies.php(67): Illuminate/Pipeline/Pipeline->Illuminate/Pipeline/{closure}(Object(Illuminate/Http/Request))
#30 C:/xampp/htdocs/edhartiMain/vendor/laravel/framework/src/Illuminate/Pipeline/Pipeline.php(183): Illuminate/Cookie/Middleware/EncryptCookies->handle(Object(Illuminate/Http/Request), Object(Closure))
#31 C:/xampp/htdocs/edhartiMain/vendor/laravel/framework/src/Illuminate/Pipeline/Pipeline.php(119): Illuminate/Pipeline/Pipeline->Illuminate/Pipeline/{closure}(Object(Illuminate/Http/Request))
#32 C:/xampp/htdocs/edhartiMain/vendor/laravel/framework/src/Illuminate/Routing/Router.php(805): Illuminate/Pipeline/Pipeline->then(Object(Closure))
#33 C:/xampp/htdocs/edhartiMain/vendor/laravel/framework/src/Illuminate/Routing/Router.php(784): Illuminate/Routing/Router->runRouteWithinStack(Object(Illuminate/Routing/Route), Object(Illuminate/Http/Request))
#34 C:/xampp/htdocs/edhartiMain/vendor/laravel/framework/src/Illuminate/Routing/Router.php(748): Illuminate/Routing/Router->runRoute(Object(Illuminate/Http/Request), Object(Illuminate/Routing/Route))
#35 C:/xampp/htdocs/edhartiMain/vendor/laravel/framework/src/Illuminate/Routing/Router.php(737): Illuminate/Routing/Router->dispatchToRoute(Object(Illuminate/Http/Request))
#36 C:/xampp/htdocs/edhartiMain/vendor/laravel/framework/src/Illuminate/Foundation/Http/Kernel.php(200): Illuminate/Routing/Router->dispatch(Object(Illuminate/Http/Request))
#37 C:/xampp/htdocs/edhartiMain/vendor/laravel/framework/src/Illuminate/Pipeline/Pipeline.php(144): Illuminate/Foundation/Http/Kernel->Illuminate/Foundation/Http/{closure}(Object(Illuminate/Http/Request))
#38 C:/xampp/htdocs/edhartiMain/app/Http/Middleware/PreventClickjacking.php(18): Illuminate/Pipeline/Pipeline->Illuminate/Pipeline/{closure}(Object(Illuminate/Http/Request))
#39 C:/xampp/htdocs/edhartiMain/vendor/laravel/framework/src/Illuminate/Pipeline/Pipeline.php(183): App/Http/Middleware/PreventClickjacking->handle(Object(Illuminate/Http/Request), Object(Closure))
#40 C:/xampp/htdocs/edhartiMain/vendor/laravel/framework/src/Illuminate/Foundation/Http/Middleware/TransformsRequest.php(21): Illuminate/Pipeline/Pipeline->Illuminate/Pipeline/{closure}(Object(Illuminate/Http/Request))
#41 C:/xampp/htdocs/edhartiMain/vendor/laravel/framework/src/Illuminate/Foundation/Http/Middleware/ConvertEmptyStringsToNull.php(31): Illuminate/Foundation/Http/Middleware/TransformsRequest->handle(Object(Illuminate/Http/Request), Object(Closure))
#42 C:/xampp/htdocs/edhartiMain/vendor/laravel/framework/src/Illuminate/Pipeline/Pipeline.php(183): Illuminate/Foundation/Http/Middleware/ConvertEmptyStringsToNull->handle(Object(Illuminate/Http/Request), Object(Closure))
#43 C:/xampp/htdocs/edhartiMain/vendor/laravel/framework/src/Illuminate/Foundation/Http/Middleware/TransformsRequest.php(21): Illuminate/Pipeline/Pipeline->Illuminate/Pipeline/{closure}(Object(Illuminate/Http/Request))
#44 C:/xampp/htdocs/edhartiMain/vendor/laravel/framework/src/Illuminate/Foundation/Http/Middleware/TrimStrings.php(40): Illuminate/Foundation/Http/Middleware/TransformsRequest->handle(Object(Illuminate/Http/Request), Object(Closure))
#45 C:/xampp/htdocs/edhartiMain/vendor/laravel/framework/src/Illuminate/Pipeline/Pipeline.php(183): Illuminate/Foundation/Http/Middleware/TrimStrings->handle(Object(Illuminate/Http/Request), Object(Closure))
#46 C:/xampp/htdocs/edhartiMain/vendor/laravel/framework/src/Illuminate/Foundation/Http/Middleware/ValidatePostSize.php(27): Illuminate/Pipeline/Pipeline->Illuminate/Pipeline/{closure}(Object(Illuminate/Http/Request))
#47 C:/xampp/htdocs/edhartiMain/vendor/laravel/framework/src/Illuminate/Pipeline/Pipeline.php(183): Illuminate/Foundation/Http/Middleware/ValidatePostSize->handle(Object(Illuminate/Http/Request), Object(Closure))
#48 C:/xampp/htdocs/edhartiMain/vendor/laravel/framework/src/Illuminate/Foundation/Http/Middleware/PreventRequestsDuringMaintenance.php(99): Illuminate/Pipeline/Pipeline->Illuminate/Pipeline/{closure}(Object(Illuminate/Http/Request))
#49 C:/xampp/htdocs/edhartiMain/vendor/laravel/framework/src/Illuminate/Pipeline/Pipeline.php(183): Illuminate/Foundation/Http/Middleware/PreventRequestsDuringMaintenance->handle(Object(Illuminate/Http/Request), Object(Closure))
#50 C:/xampp/htdocs/edhartiMain/vendor/laravel/framework/src/Illuminate/Http/Middleware/HandleCors.php(49): Illuminate/Pipeline/Pipeline->Illuminate/Pipeline/{closure}(Object(Illuminate/Http/Request))
#51 C:/xampp/htdocs/edhartiMain/vendor/laravel/framework/src/Illuminate/Pipeline/Pipeline.php(183): Illuminate/Http/Middleware/HandleCors->handle(Object(Illuminate/Http/Request), Object(Closure))
#52 C:/xampp/htdocs/edhartiMain/vendor/laravel/framework/src/Illuminate/Http/Middleware/TrustProxies.php(39): Illuminate/Pipeline/Pipeline->Illuminate/Pipeline/{closure}(Object(Illuminate/Http/Request))
#53 C:/xampp/htdocs/edhartiMain/vendor/laravel/framework/src/Illuminate/Pipeline/Pipeline.php(183): Illuminate/Http/Middleware/TrustProxies->handle(Object(Illuminate/Http/Request), Object(Closure))
#54 C:/xampp/htdocs/edhartiMain/vendor/laravel/framework/src/Illuminate/Pipeline/Pipeline.php(119): Illuminate/Pipeline/Pipeline->Illuminate/Pipeline/{closure}(Object(Illuminate/Http/Request))
#55 C:/xampp/htdocs/edhartiMain/vendor/laravel/framework/src/Illuminate/Foundation/Http/Kernel.php(175): Illuminate/Pipeline/Pipeline->then(Object(Closure))
#56 C:/xampp/htdocs/edhartiMain/vendor/laravel/framework/src/Illuminate/Foundation/Http/Kernel.php(144): Illuminate/Foundation/Http/Kernel->sendRequestThroughRouter(Object(Illuminate/Http/Request))
#57 C:/xampp/htdocs/edhartiMain/public/index.php(51): Illuminate/Foundation/Http/Kernel->handle(Object(Illuminate/Http/Request))
#58 C:/xampp/htdocs/edhartiMain/vendor/laravel/framework/src/Illuminate/Foundation/resources/server.php(16): require_once('C://xampp//htdocs...')
#59 {main}
"} 
[2026-09-01 14:35:14] Production.INFO: Item available for   
[2026-09-01 14:35:14] Production.INFO: Item available for   
[2026-09-01 14:35:14] Production.INFO: Item available for   
[2026-09-01 14:35:14] Production.INFO: Item available for   
[2026-09-01 14:35:14] Production.INFO: Item available for   
[2026-09-01 15:17:18] Production.INFO: Item available for   
[2026-09-01 15:17:18] Production.INFO: Item available for   
[2026-09-01 15:17:18] Production.INFO: Item available for   
[2026-09-01 15:17:18] Production.INFO: Item available for   
[2026-09-01 15:17:18] Production.INFO: Item available for   
[2026-09-01 15:18:29] Production.ERROR: Undefined variable $startNum {"view":{"view":"C:\\xampp\\htdocs\\edhartiMain\\resources\\views\\report\\lease-hold-demand-report.blade.php","data":{"errors":"<pre class=sf-dump id=sf-dump-1909849552 data-indent-pad=\"  \"><span class=sf-dump-note>Illuminate\\Support\\ViewErrorBag</span> {<a class=sf-dump-ref>#1683</a><samp data-depth=1 class=sf-dump-expanded>
  #<span class=sf-dump-protected title=\"Protected property\">bags</span>: []
</samp>}
</pre><script>Sfdump(\"sf-dump-1909849552\", {\"maxDepth\":3,\"maxStringLength\":160})</script>
","properties":"<pre class=sf-dump id=sf-dump-381566098 data-indent-pad=\"  \"><span class=sf-dump-note>Illuminate\\Support\\Collection</span> {<a class=sf-dump-ref>#1759</a><samp data-depth=1 class=sf-dump-expanded>
  #<span class=sf-dump-protected title=\"Protected property\">items</span>: <span class=sf-dump-note>array:21262</span> [<samp data-depth=2 class=sf-dump-compact>
    <span class=sf-dump-index>0</span> => {<a class=sf-dump-ref>#1761</a> &#8230;4}
    <span class=sf-dump-index>1</span> => {<a class=sf-dump-ref>#1762</a> &#8230;4}
    <span class=sf-dump-index>2</span> => {<a class=sf-dump-ref>#1763</a> &#8230;4}
    <span class=sf-dump-index>3</span> => {<a class=sf-dump-ref>#1764</a> &#8230;4}
    <span class=sf-dump-index>4</span> => {<a class=sf-dump-ref>#1768</a> &#8230;4}
    <span class=sf-dump-index>5</span> => {<a class=sf-dump-ref>#1766</a> &#8230;4}
    <span class=sf-dump-index>6</span> => {<a class=sf-dump-ref>#1767</a> &#8230;4}
    <span class=sf-dump-index>7</span> => {<a class=sf-dump-ref>#1771</a> &#8230;4}
    <span class=sf-dump-index>8</span> => {<a class=sf-dump-ref>#1769</a> &#8230;4}
    <span class=sf-dump-index>9</span> => {<a class=sf-dump-ref>#1770</a> &#8230;4}
    <span class=sf-dump-index>10</span> => {<a class=sf-dump-ref>#1772</a> &#8230;4}
    <span class=sf-dump-index>11</span> => {<a class=sf-dump-ref>#1773</a> &#8230;4}
    <span class=sf-dump-index>12</span> => {<a class=sf-dump-ref>#1774</a> &#8230;4}
    <span class=sf-dump-index>13</span> => {<a class=sf-dump-ref>#1776</a> &#8230;4}
    <span class=sf-dump-index>14</span> => {<a class=sf-dump-ref>#1777</a> &#8230;4}
    <span class=sf-dump-index>15</span> => {<a class=sf-dump-ref>#1775</a> &#8230;4}
    <span class=sf-dump-index>16</span> => {<a class=sf-dump-ref>#1778</a> &#8230;4}
    <span class=sf-dump-index>17</span> => {<a class=sf-dump-ref>#1779</a> &#8230;4}
    <span class=sf-dump-index>18</span> => {<a class=sf-dump-ref>#1780</a> &#8230;4}
    <span class=sf-dump-index>19</span> => {<a class=sf-dump-ref>#1781</a> &#8230;4}
    <span class=sf-dump-index>20</span> => {<a class=sf-dump-ref>#1782</a> &#8230;4}
    <span class=sf-dump-index>21</span> => {<a class=sf-dump-ref>#1783</a> &#8230;4}
    <span class=sf-dump-index>22</span> => {<a class=sf-dump-ref>#1784</a> &#8230;4}
    <span class=sf-dump-index>23</span> => {<a class=sf-dump-ref>#1785</a> &#8230;4}
    <span class=sf-dump-index>24</span> => {<a class=sf-dump-ref>#1786</a> &#8230;4}
    <span class=sf-dump-index>25</span> => {<a class=sf-dump-ref>#1787</a> &#8230;4}
    <span class=sf-dump-index>26</span> => {<a class=sf-dump-ref>#1788</a> &#8230;4}
    <span class=sf-dump-index>27</span> => {<a class=sf-dump-ref>#1789</a> &#8230;4}
    <span class=sf-dump-index>28</span> => {<a class=sf-dump-ref>#1790</a> &#8230;4}
    <span class=sf-dump-index>29</span> => {<a class=sf-dump-ref>#1791</a> &#8230;4}
    <span class=sf-dump-index>30</span> => {<a class=sf-dump-ref>#1792</a> &#8230;4}
    <span class=sf-dump-index>31</span> => {<a class=sf-dump-ref>#1793</a> &#8230;4}
    <span class=sf-dump-index>32</span> => {<a class=sf-dump-ref>#1794</a> &#8230;4}
    <span class=sf-dump-index>33</span> => {<a class=sf-dump-ref>#1795</a> &#8230;4}
    <span class=sf-dump-index>34</span> => {<a class=sf-dump-ref>#1796</a> &#8230;4}
    <span class=sf-dump-index>35</span> => {<a class=sf-dump-ref>#1797</a> &#8230;4}
    <span class=sf-dump-index>36</span> => {<a class=sf-dump-ref>#1798</a> &#8230;4}
    <span class=sf-dump-index>37</span> => {<a class=sf-dump-ref>#1799</a> &#8230;4}
    <span class=sf-dump-index>38</span> => {<a class=sf-dump-ref>#1800</a> &#8230;4}
    <span class=sf-dump-index>39</span> => {<a class=sf-dump-ref>#1801</a> &#8230;4}
    <span class=sf-dump-index>40</span> => {<a class=sf-dump-ref>#1802</a> &#8230;4}
    <span class=sf-dump-index>41</span> => {<a class=sf-dump-ref>#1803</a> &#8230;4}
    <span class=sf-dump-index>42</span> => {<a class=sf-dump-ref>#1804</a> &#8230;4}
    <span class=sf-dump-index>43</span> => {<a class=sf-dump-ref>#1805</a> &#8230;4}
    <span class=sf-dump-index>44</span> => {<a class=sf-dump-ref>#1806</a> &#8230;4}
    <span class=sf-dump-index>45</span> => {<a class=sf-dump-ref>#1807</a> &#8230;4}
    <span class=sf-dump-index>46</span> => {<a class=sf-dump-ref>#1808</a> &#8230;4}
    <span class=sf-dump-index>47</span> => {<a class=sf-dump-ref>#1809</a> &#8230;4}
    <span class=sf-dump-index>48</span> => {<a class=sf-dump-ref>#1810</a> &#8230;4}
    <span class=sf-dump-index>49</span> => {<a class=sf-dump-ref>#1811</a> &#8230;4}
    <span class=sf-dump-index>50</span> => {<a class=sf-dump-ref>#1812</a> &#8230;4}
    <span class=sf-dump-index>51</span> => {<a class=sf-dump-ref>#1813</a> &#8230;4}
    <span class=sf-dump-index>52</span> => {<a class=sf-dump-ref>#1814</a> &#8230;4}
    <span class=sf-dump-index>53</span> => {<a class=sf-dump-ref>#1815</a> &#8230;4}
    <span class=sf-dump-index>54</span> => {<a class=sf-dump-ref>#1816</a> &#8230;4}
    <span class=sf-dump-index>55</span> => {<a class=sf-dump-ref>#1817</a> &#8230;4}
    <span class=sf-dump-index>56</span> => {<a class=sf-dump-ref>#1818</a> &#8230;4}
    <span class=sf-dump-index>57</span> => {<a class=sf-dump-ref>#1819</a> &#8230;4}
    <span class=sf-dump-index>58</span> => {<a class=sf-dump-ref>#1820</a> &#8230;4}
    <span class=sf-dump-index>59</span> => {<a class=sf-dump-ref>#1821</a> &#8230;4}
    <span class=sf-dump-index>60</span> => {<a class=sf-dump-ref>#1822</a> &#8230;4}
    <span class=sf-dump-index>61</span> => {<a class=sf-dump-ref>#1823</a> &#8230;4}
    <span class=sf-dump-index>62</span> => {<a class=sf-dump-ref>#1824</a> &#8230;4}
    <span class=sf-dump-index>63</span> => {<a class=sf-dump-ref>#1825</a> &#8230;4}
    <span class=sf-dump-index>64</span> => {<a class=sf-dump-ref>#1826</a> &#8230;4}
    <span class=sf-dump-index>65</span> => {<a class=sf-dump-ref>#1827</a> &#8230;4}
    <span class=sf-dump-index>66</span> => {<a class=sf-dump-ref>#1828</a> &#8230;4}
    <span class=sf-dump-index>67</span> => {<a class=sf-dump-ref>#1829</a> &#8230;4}
    <span class=sf-dump-index>68</span> => {<a class=sf-dump-ref>#1830</a> &#8230;4}
    <span class=sf-dump-index>69</span> => {<a class=sf-dump-ref>#1831</a> &#8230;4}
    <span class=sf-dump-index>70</span> => {<a class=sf-dump-ref>#1832</a> &#8230;4}
    <span class=sf-dump-index>71</span> => {<a class=sf-dump-ref>#1833</a> &#8230;4}
    <span class=sf-dump-index>72</span> => {<a class=sf-dump-ref>#1834</a> &#8230;4}
    <span class=sf-dump-index>73</span> => {<a class=sf-dump-ref>#1835</a> &#8230;4}
    <span class=sf-dump-index>74</span> => {<a class=sf-dump-ref>#1836</a> &#8230;4}
    <span class=sf-dump-index>75</span> => {<a class=sf-dump-ref>#1837</a> &#8230;4}
    <span class=sf-dump-index>76</span> => {<a class=sf-dump-ref>#1838</a> &#8230;4}
    <span class=sf-dump-index>77</span> => {<a class=sf-dump-ref>#1839</a> &#8230;4}
    <span class=sf-dump-index>78</span> => {<a class=sf-dump-ref>#1840</a> &#8230;4}
    <span class=sf-dump-index>79</span> => {<a class=sf-dump-ref>#1841</a> &#8230;4}
    <span class=sf-dump-index>80</span> => {<a class=sf-dump-ref>#1842</a> &#8230;4}
    <span class=sf-dump-index>81</span> => {<a class=sf-dump-ref>#1843</a> &#8230;4}
    <span class=sf-dump-index>82</span> => {<a class=sf-dump-ref>#1844</a> &#8230;4}
    <span class=sf-dump-index>83</span> => {<a class=sf-dump-ref>#1845</a> &#8230;4}
    <span class=sf-dump-index>84</span> => {<a class=sf-dump-ref>#1846</a> &#8230;4}
    <span class=sf-dump-index>85</span> => {<a class=sf-dump-ref>#1847</a> &#8230;4}
    <span class=sf-dump-index>86</span> => {<a class=sf-dump-ref>#1848</a> &#8230;4}
    <span class=sf-dump-index>87</span> => {<a class=sf-dump-ref>#1849</a> &#8230;4}
    <span class=sf-dump-index>88</span> => {<a class=sf-dump-ref>#1850</a> &#8230;4}
    <span class=sf-dump-index>89</span> => {<a class=sf-dump-ref>#1851</a> &#8230;4}
    <span class=sf-dump-index>90</span> => {<a class=sf-dump-ref>#1852</a> &#8230;4}
    <span class=sf-dump-index>91</span> => {<a class=sf-dump-ref>#1853</a> &#8230;4}
    <span class=sf-dump-index>92</span> => {<a class=sf-dump-ref>#1854</a> &#8230;4}
    <span class=sf-dump-index>93</span> => {<a class=sf-dump-ref>#1855</a> &#8230;4}
    <span class=sf-dump-index>94</span> => {<a class=sf-dump-ref>#1856</a> &#8230;4}
    <span class=sf-dump-index>95</span> => {<a class=sf-dump-ref>#1857</a> &#8230;4}
    <span class=sf-dump-index>96</span> => {<a class=sf-dump-ref>#1858</a> &#8230;4}
    <span class=sf-dump-index>97</span> => {<a class=sf-dump-ref>#1859</a> &#8230;4}
    <span class=sf-dump-index>98</span> => {<a class=sf-dump-ref>#1860</a> &#8230;4}
    <span class=sf-dump-index>99</span> => {<a class=sf-dump-ref>#1861</a> &#8230;4}
    <span class=sf-dump-index>100</span> => {<a class=sf-dump-ref>#1862</a> &#8230;4}
    <span class=sf-dump-index>101</span> => {<a class=sf-dump-ref>#1863</a> &#8230;4}
    <span class=sf-dump-index>102</span> => {<a class=sf-dump-ref>#1864</a> &#8230;4}
    <span class=sf-dump-index>103</span> => {<a class=sf-dump-ref>#1865</a> &#8230;4}
    <span class=sf-dump-index>104</span> => {<a class=sf-dump-ref>#1866</a> &#8230;4}
    <span class=sf-dump-index>105</span> => {<a class=sf-dump-ref>#1867</a> &#8230;4}
    <span class=sf-dump-index>106</span> => {<a class=sf-dump-ref>#1868</a> &#8230;4}
    <span class=sf-dump-index>107</span> => {<a class=sf-dump-ref>#1869</a> &#8230;4}
    <span class=sf-dump-index>108</span> => {<a class=sf-dump-ref>#1870</a> &#8230;4}
    <span class=sf-dump-index>109</span> => {<a class=sf-dump-ref>#1871</a> &#8230;4}
    <span class=sf-dump-index>110</span> => {<a class=sf-dump-ref>#1872</a> &#8230;4}
    <span class=sf-dump-index>111</span> => {<a class=sf-dump-ref>#1873</a> &#8230;4}
    <span class=sf-dump-index>112</span> => {<a class=sf-dump-ref>#1874</a> &#8230;4}
    <span class=sf-dump-index>113</span> => {<a class=sf-dump-ref>#1875</a> &#8230;4}
    <span class=sf-dump-index>114</span> => {<a class=sf-dump-ref>#1876</a> &#8230;4}
    <span class=sf-dump-index>115</span> => {<a class=sf-dump-ref>#1877</a> &#8230;4}
    <span class=sf-dump-index>116</span> => {<a class=sf-dump-ref>#1878</a> &#8230;4}
    <span class=sf-dump-index>117</span> => {<a class=sf-dump-ref>#1879</a> &#8230;4}
    <span class=sf-dump-index>118</span> => {<a class=sf-dump-ref>#1880</a> &#8230;4}
    <span class=sf-dump-index>119</span> => {<a class=sf-dump-ref>#1881</a> &#8230;4}
    <span class=sf-dump-index>120</span> => {<a class=sf-dump-ref>#1882</a> &#8230;4}
    <span class=sf-dump-index>121</span> => {<a class=sf-dump-ref>#1883</a> &#8230;4}
    <span class=sf-dump-index>122</span> => {<a class=sf-dump-ref>#1884</a> &#8230;4}
    <span class=sf-dump-index>123</span> => {<a class=sf-dump-ref>#1885</a> &#8230;4}
    <span class=sf-dump-index>124</span> => {<a class=sf-dump-ref>#1886</a> &#8230;4}
    <span class=sf-dump-index>125</span> => {<a class=sf-dump-ref>#1887</a> &#8230;4}
    <span class=sf-dump-index>126</span> => {<a class=sf-dump-ref>#1888</a> &#8230;4}
    <span class=sf-dump-index>127</span> => {<a class=sf-dump-ref>#1889</a> &#8230;4}
    <span class=sf-dump-index>128</span> => {<a class=sf-dump-ref>#1890</a> &#8230;4}
    <span class=sf-dump-index>129</span> => {<a class=sf-dump-ref>#1891</a> &#8230;4}
    <span class=sf-dump-index>130</span> => {<a class=sf-dump-ref>#1892</a> &#8230;4}
    <span class=sf-dump-index>131</span> => {<a class=sf-dump-ref>#1893</a> &#8230;4}
    <span class=sf-dump-index>132</span> => {<a class=sf-dump-ref>#1894</a> &#8230;4}
    <span class=sf-dump-index>133</span> => {<a class=sf-dump-ref>#1895</a> &#8230;4}
    <span class=sf-dump-index>134</span> => {<a class=sf-dump-ref>#1896</a> &#8230;4}
    <span class=sf-dump-index>135</span> => {<a class=sf-dump-ref>#1897</a> &#8230;4}
    <span class=sf-dump-index>136</span> => {<a class=sf-dump-ref>#1898</a> &#8230;4}
    <span class=sf-dump-index>137</span> => {<a class=sf-dump-ref>#1899</a> &#8230;4}
    <span class=sf-dump-index>138</span> => {<a class=sf-dump-ref>#1900</a> &#8230;4}
    <span class=sf-dump-index>139</span> => {<a class=sf-dump-ref>#1901</a> &#8230;4}
    <span class=sf-dump-index>140</span> => {<a class=sf-dump-ref>#1902</a> &#8230;4}
    <span class=sf-dump-index>141</span> => {<a class=sf-dump-ref>#1903</a> &#8230;4}
    <span class=sf-dump-index>142</span> => {<a class=sf-dump-ref>#1904</a> &#8230;4}
    <span class=sf-dump-index>143</span> => {<a class=sf-dump-ref>#1905</a> &#8230;4}
    <span class=sf-dump-index>144</span> => {<a class=sf-dump-ref>#1906</a> &#8230;4}
    <span class=sf-dump-index>145</span> => {<a class=sf-dump-ref>#1907</a> &#8230;4}
    <span class=sf-dump-index>146</span> => {<a class=sf-dump-ref>#1908</a> &#8230;4}
    <span class=sf-dump-index>147</span> => {<a class=sf-dump-ref>#1909</a> &#8230;4}
    <span class=sf-dump-index>148</span> => {<a class=sf-dump-ref>#1910</a> &#8230;4}
    <span class=sf-dump-index>149</span> => {<a class=sf-dump-ref>#1911</a> &#8230;4}
    <span class=sf-dump-index>150</span> => {<a class=sf-dump-ref>#1912</a> &#8230;4}
    <span class=sf-dump-index>151</span> => {<a class=sf-dump-ref>#1913</a> &#8230;4}
    <span class=sf-dump-index>152</span> => {<a class=sf-dump-ref>#1914</a> &#8230;4}
    <span class=sf-dump-index>153</span> => {<a class=sf-dump-ref>#1915</a> &#8230;4}
    <span class=sf-dump-index>154</span> => {<a class=sf-dump-ref>#1916</a> &#8230;4}
    <span class=sf-dump-index>155</span> => {<a class=sf-dump-ref>#1917</a> &#8230;4}
    <span class=sf-dump-index>156</span> => {<a class=sf-dump-ref>#1918</a> &#8230;4}
    <span class=sf-dump-index>157</span> => {<a class=sf-dump-ref>#1919</a> &#8230;4}
    <span class=sf-dump-index>158</span> => {<a class=sf-dump-ref>#1920</a> &#8230;4}
    <span class=sf-dump-index>159</span> => {<a class=sf-dump-ref>#1921</a> &#8230;4}
    <span class=sf-dump-index>160</span> => {<a class=sf-dump-ref>#1922</a> &#8230;4}
    <span class=sf-dump-index>161</span> => {<a class=sf-dump-ref>#1923</a> &#8230;4}
    <span class=sf-dump-index>162</span> => {<a class=sf-dump-ref>#1924</a> &#8230;4}
    <span class=sf-dump-index>163</span> => {<a class=sf-dump-ref>#1925</a> &#8230;4}
    <span class=sf-dump-index>164</span> => {<a class=sf-dump-ref>#1926</a> &#8230;4}
    <span class=sf-dump-index>165</span> => {<a class=sf-dump-ref>#1927</a> &#8230;4}
    <span class=sf-dump-index>166</span> => {<a class=sf-dump-ref>#1928</a> &#8230;4}
    <span class=sf-dump-index>167</span> => {<a class=sf-dump-ref>#1929</a> &#8230;4}
    <span class=sf-dump-index>168</span> => {<a class=sf-dump-ref>#1930</a> &#8230;4}
    <span class=sf-dump-index>169</span> => {<a class=sf-dump-ref>#1931</a> &#8230;4}
    <span class=sf-dump-index>170</span> => {<a class=sf-dump-ref>#1932</a> &#8230;4}
    <span class=sf-dump-index>171</span> => {<a class=sf-dump-ref>#1933</a> &#8230;4}
    <span class=sf-dump-index>172</span> => {<a class=sf-dump-ref>#1934</a> &#8230;4}
    <span class=sf-dump-index>173</span> => {<a class=sf-dump-ref>#1935</a> &#8230;4}
    <span class=sf-dump-index>174</span> => {<a class=sf-dump-ref>#1936</a> &#8230;4}
    <span class=sf-dump-index>175</span> => {<a class=sf-dump-ref>#1937</a> &#8230;4}
    <span class=sf-dump-index>176</span> => {<a class=sf-dump-ref>#1938</a> &#8230;4}
    <span class=sf-dump-index>177</span> => {<a class=sf-dump-ref>#1939</a> &#8230;4}
    <span class=sf-dump-index>178</span> => {<a class=sf-dump-ref>#1940</a> &#8230;4}
    <span class=sf-dump-index>179</span> => {<a class=sf-dump-ref>#1941</a> &#8230;4}
    <span class=sf-dump-index>180</span> => {<a class=sf-dump-ref>#1942</a> &#8230;4}
    <span class=sf-dump-index>181</span> => {<a class=sf-dump-ref>#1943</a> &#8230;4}
    <span class=sf-dump-index>182</span> => {<a class=sf-dump-ref>#1944</a> &#8230;4}
    <span class=sf-dump-index>183</span> => {<a class=sf-dump-ref>#1945</a> &#8230;4}
    <span class=sf-dump-index>184</span> => {<a class=sf-dump-ref>#1946</a> &#8230;4}
    <span class=sf-dump-index>185</span> => {<a class=sf-dump-ref>#1947</a> &#8230;4}
    <span class=sf-dump-index>186</span> => {<a class=sf-dump-ref>#1948</a> &#8230;4}
    <span class=sf-dump-index>187</span> => {<a class=sf-dump-ref>#1949</a> &#8230;4}
    <span class=sf-dump-index>188</span> => {<a class=sf-dump-ref>#1950</a> &#8230;4}
    <span class=sf-dump-index>189</span> => {<a class=sf-dump-ref>#1951</a> &#8230;4}
    <span class=sf-dump-index>190</span> => {<a class=sf-dump-ref>#1952</a> &#8230;4}
    <span class=sf-dump-index>191</span> => {<a class=sf-dump-ref>#1953</a> &#8230;4}
    <span class=sf-dump-index>192</span> => {<a class=sf-dump-ref>#1954</a> &#8230;4}
    <span class=sf-dump-index>193</span> => {<a class=sf-dump-ref>#1955</a> &#8230;4}
    <span class=sf-dump-index>194</span> => {<a class=sf-dump-ref>#1956</a> &#8230;4}
    <span class=sf-dump-index>195</span> => {<a class=sf-dump-ref>#1957</a> &#8230;4}
    <span class=sf-dump-index>196</span> => {<a class=sf-dump-ref>#1958</a> &#8230;4}
    <span class=sf-dump-index>197</span> => {<a class=sf-dump-ref>#1959</a> &#8230;4}
    <span class=sf-dump-index>198</span> => {<a class=sf-dump-ref>#1960</a> &#8230;4}
    <span class=sf-dump-index>199</span> => {<a class=sf-dump-ref>#1961</a> &#8230;4}
    <span class=sf-dump-index>200</span> => {<a class=sf-dump-ref>#1962</a> &#8230;4}
    <span class=sf-dump-index>201</span> => {<a class=sf-dump-ref>#1963</a> &#8230;4}
    <span class=sf-dump-index>202</span> => {<a class=sf-dump-ref>#1964</a> &#8230;4}
    <span class=sf-dump-index>203</span> => {<a class=sf-dump-ref>#1965</a> &#8230;4}
    <span class=sf-dump-index>204</span> => {<a class=sf-dump-ref>#1966</a> &#8230;4}
    <span class=sf-dump-index>205</span> => {<a class=sf-dump-ref>#1967</a> &#8230;4}
    <span class=sf-dump-index>206</span> => {<a class=sf-dump-ref>#1968</a> &#8230;4}
    <span class=sf-dump-index>207</span> => {<a class=sf-dump-ref>#1969</a> &#8230;4}
    <span class=sf-dump-index>208</span> => {<a class=sf-dump-ref>#1970</a> &#8230;4}
    <span class=sf-dump-index>209</span> => {<a class=sf-dump-ref>#1971</a> &#8230;4}
    <span class=sf-dump-index>210</span> => {<a class=sf-dump-ref>#1972</a> &#8230;4}
    <span class=sf-dump-index>211</span> => {<a class=sf-dump-ref>#1973</a> &#8230;4}
    <span class=sf-dump-index>212</span> => {<a class=sf-dump-ref>#1974</a> &#8230;4}
    <span class=sf-dump-index>213</span> => {<a class=sf-dump-ref>#1975</a> &#8230;4}
    <span class=sf-dump-index>214</span> => {<a class=sf-dump-ref>#1976</a> &#8230;4}
    <span class=sf-dump-index>215</span> => {<a class=sf-dump-ref>#1977</a> &#8230;4}
    <span class=sf-dump-index>216</span> => {<a class=sf-dump-ref>#1978</a> &#8230;4}
    <span class=sf-dump-index>217</span> => {<a class=sf-dump-ref>#1979</a> &#8230;4}
    <span class=sf-dump-index>218</span> => {<a class=sf-dump-ref>#1980</a> &#8230;4}
    <span class=sf-dump-index>219</span> => {<a class=sf-dump-ref>#1981</a> &#8230;4}
    <span class=sf-dump-index>220</span> => {<a class=sf-dump-ref>#1982</a> &#8230;4}
    <span class=sf-dump-index>221</span> => {<a class=sf-dump-ref>#1983</a> &#8230;4}
    <span class=sf-dump-index>222</span> => {<a class=sf-dump-ref>#1984</a> &#8230;4}
    <span class=sf-dump-index>223</span> => {<a class=sf-dump-ref>#1985</a> &#8230;4}
    <span class=sf-dump-index>224</span> => {<a class=sf-dump-ref>#1986</a> &#8230;4}
    <span class=sf-dump-index>225</span> => {<a class=sf-dump-ref>#1987</a> &#8230;4}
    <span class=sf-dump-index>226</span> => {<a class=sf-dump-ref>#1988</a> &#8230;4}
    <span class=sf-dump-index>227</span> => {<a class=sf-dump-ref>#1989</a> &#8230;4}
    <span class=sf-dump-index>228</span> => {<a class=sf-dump-ref>#1990</a> &#8230;4}
    <span class=sf-dump-index>229</span> => {<a class=sf-dump-ref>#1991</a> &#8230;4}
    <span class=sf-dump-index>230</span> => {<a class=sf-dump-ref>#1992</a> &#8230;4}
    <span class=sf-dump-index>231</span> => {<a class=sf-dump-ref>#1993</a> &#8230;4}
    <span class=sf-dump-index>232</span> => {<a class=sf-dump-ref>#1994</a> &#8230;4}
    <span class=sf-dump-index>233</span> => {<a class=sf-dump-ref>#1995</a> &#8230;4}
    <span class=sf-dump-index>234</span> => {<a class=sf-dump-ref>#1996</a> &#8230;4}
    <span class=sf-dump-index>235</span> => {<a class=sf-dump-ref>#1997</a> &#8230;4}
    <span class=sf-dump-index>236</span> => {<a class=sf-dump-ref>#1998</a> &#8230;4}
    <span class=sf-dump-index>237</span> => {<a class=sf-dump-ref>#1999</a> &#8230;4}
    <span class=sf-dump-index>238</span> => {<a class=sf-dump-ref>#2000</a> &#8230;4}
    <span class=sf-dump-index>239</span> => {<a class=sf-dump-ref>#2001</a> &#8230;4}
    <span class=sf-dump-index>240</span> => {<a class=sf-dump-ref>#2002</a> &#8230;4}
    <span class=sf-dump-index>241</span> => {<a class=sf-dump-ref>#2003</a> &#8230;4}
    <span class=sf-dump-index>242</span> => {<a class=sf-dump-ref>#2004</a> &#8230;4}
    <span class=sf-dump-index>243</span> => {<a class=sf-dump-ref>#2005</a> &#8230;4}
    <span class=sf-dump-index>244</span> => {<a class=sf-dump-ref>#2006</a> &#8230;4}
    <span class=sf-dump-index>245</span> => {<a class=sf-dump-ref>#2007</a> &#8230;4}
    <span class=sf-dump-index>246</span> => {<a class=sf-dump-ref>#2008</a> &#8230;4}
    <span class=sf-dump-index>247</span> => {<a class=sf-dump-ref>#2009</a> &#8230;4}
    <span class=sf-dump-index>248</span> => {<a class=sf-dump-ref>#2010</a> &#8230;4}
    <span class=sf-dump-index>249</span> => {<a class=sf-dump-ref>#2011</a> &#8230;4}
    <span class=sf-dump-index>250</span> => {<a class=sf-dump-ref>#2012</a> &#8230;4}
    <span class=sf-dump-index>251</span> => {<a class=sf-dump-ref>#2013</a> &#8230;4}
    <span class=sf-dump-index>252</span> => {<a class=sf-dump-ref>#2014</a> &#8230;4}
    <span class=sf-dump-index>253</span> => {<a class=sf-dump-ref>#2015</a> &#8230;4}
    <span class=sf-dump-index>254</span> => {<a class=sf-dump-ref>#2016</a> &#8230;4}
    <span class=sf-dump-index>255</span> => {<a class=sf-dump-ref>#2017</a> &#8230;4}
    <span class=sf-dump-index>256</span> => {<a class=sf-dump-ref>#2018</a> &#8230;4}
    <span class=sf-dump-index>257</span> => {<a class=sf-dump-ref>#2019</a> &#8230;4}
    <span class=sf-dump-index>258</span> => {<a class=sf-dump-ref>#2020</a> &#8230;4}
    <span class=sf-dump-index>259</span> => {<a class=sf-dump-ref>#2021</a> &#8230;4}
    <span class=sf-dump-index>260</span> => {<a class=sf-dump-ref>#2022</a> &#8230;4}
    <span class=sf-dump-index>261</span> => {<a class=sf-dump-ref>#2023</a> &#8230;4}
    <span class=sf-dump-index>262</span> => {<a class=sf-dump-ref>#2024</a> &#8230;4}
    <span class=sf-dump-index>263</span> => {<a class=sf-dump-ref>#2025</a> &#8230;4}
    <span class=sf-dump-index>264</span> => {<a class=sf-dump-ref>#2026</a> &#8230;4}
    <span class=sf-dump-index>265</span> => {<a class=sf-dump-ref>#2027</a> &#8230;4}
    <span class=sf-dump-index>266</span> => {<a class=sf-dump-ref>#2028</a> &#8230;4}
    <span class=sf-dump-index>267</span> => {<a class=sf-dump-ref>#2029</a> &#8230;4}
    <span class=sf-dump-index>268</span> => {<a class=sf-dump-ref>#2030</a> &#8230;4}
    <span class=sf-dump-index>269</span> => {<a class=sf-dump-ref>#2031</a> &#8230;4}
    <span class=sf-dump-index>270</span> => {<a class=sf-dump-ref>#2032</a> &#8230;4}
    <span class=sf-dump-index>271</span> => {<a class=sf-dump-ref>#2033</a> &#8230;4}
    <span class=sf-dump-index>272</span> => {<a class=sf-dump-ref>#2034</a> &#8230;4}
    <span class=sf-dump-index>273</span> => {<a class=sf-dump-ref>#2035</a> &#8230;4}
    <span class=sf-dump-index>274</span> => {<a class=sf-dump-ref>#2036</a> &#8230;4}
    <span class=sf-dump-index>275</span> => {<a class=sf-dump-ref>#2037</a> &#8230;4}
    <span class=sf-dump-index>276</span> => {<a class=sf-dump-ref>#2038</a> &#8230;4}
    <span class=sf-dump-index>277</span> => {<a class=sf-dump-ref>#2039</a> &#8230;4}
    <span class=sf-dump-index>278</span> => {<a class=sf-dump-ref>#2040</a> &#8230;4}
    <span class=sf-dump-index>279</span> => {<a class=sf-dump-ref>#2041</a> &#8230;4}
    <span class=sf-dump-index>280</span> => {<a class=sf-dump-ref>#2042</a> &#8230;4}
    <span class=sf-dump-index>281</span> => {<a class=sf-dump-ref>#2043</a> &#8230;4}
    <span class=sf-dump-index>282</span> => {<a class=sf-dump-ref>#2044</a> &#8230;4}
    <span class=sf-dump-index>283</span> => {<a class=sf-dump-ref>#2045</a> &#8230;4}
    <span class=sf-dump-index>284</span> => {<a class=sf-dump-ref>#2046</a> &#8230;4}
    <span class=sf-dump-index>285</span> => {<a class=sf-dump-ref>#2047</a> &#8230;4}
    <span class=sf-dump-index>286</span> => {<a class=sf-dump-ref>#2048</a> &#8230;4}
    <span class=sf-dump-index>287</span> => {<a class=sf-dump-ref>#2049</a> &#8230;4}
    <span class=sf-dump-index>288</span> => {<a class=sf-dump-ref>#2050</a> &#8230;4}
    <span class=sf-dump-index>289</span> => {<a class=sf-dump-ref>#2051</a> &#8230;4}
    <span class=sf-dump-index>290</span> => {<a class=sf-dump-ref>#2052</a> &#8230;4}
    <span class=sf-dump-index>291</span> => {<a class=sf-dump-ref>#2053</a> &#8230;4}
    <span class=sf-dump-index>292</span> => {<a class=sf-dump-ref>#2054</a> &#8230;4}
    <span class=sf-dump-index>293</span> => {<a class=sf-dump-ref>#2055</a> &#8230;4}
    <span class=sf-dump-index>294</span> => {<a class=sf-dump-ref>#2056</a> &#8230;4}
    <span class=sf-dump-index>295</span> => {<a class=sf-dump-ref>#2057</a> &#8230;4}
    <span class=sf-dump-index>296</span> => {<a class=sf-dump-ref>#2058</a> &#8230;4}
    <span class=sf-dump-index>297</span> => {<a class=sf-dump-ref>#2059</a> &#8230;4}
    <span class=sf-dump-index>298</span> => {<a class=sf-dump-ref>#2060</a> &#8230;4}
    <span class=sf-dump-index>299</span> => {<a class=sf-dump-ref>#2061</a> &#8230;4}
    <span class=sf-dump-index>300</span> => {<a class=sf-dump-ref>#2062</a> &#8230;4}
    <span class=sf-dump-index>301</span> => {<a class=sf-dump-ref>#2063</a> &#8230;4}
    <span class=sf-dump-index>302</span> => {<a class=sf-dump-ref>#2064</a> &#8230;4}
    <span class=sf-dump-index>303</span> => {<a class=sf-dump-ref>#2065</a> &#8230;4}
    <span class=sf-dump-index>304</span> => {<a class=sf-dump-ref>#2066</a> &#8230;4}
    <span class=sf-dump-index>305</span> => {<a class=sf-dump-ref>#2067</a> &#8230;4}
    <span class=sf-dump-index>306</span> => {<a class=sf-dump-ref>#2068</a> &#8230;4}
    <span class=sf-dump-index>307</span> => {<a class=sf-dump-ref>#2069</a> &#8230;4}
    <span class=sf-dump-index>308</span> => {<a class=sf-dump-ref>#2070</a> &#8230;4}
    <span class=sf-dump-index>309</span> => {<a class=sf-dump-ref>#2071</a> &#8230;4}
    <span class=sf-dump-index>310</span> => {<a class=sf-dump-ref>#2072</a> &#8230;4}
    <span class=sf-dump-index>311</span> => {<a class=sf-dump-ref>#2073</a> &#8230;4}
    <span class=sf-dump-index>312</span> => {<a class=sf-dump-ref>#2074</a> &#8230;4}
    <span class=sf-dump-index>313</span> => {<a class=sf-dump-ref>#2075</a> &#8230;4}
    <span class=sf-dump-index>314</span> => {<a class=sf-dump-ref>#2076</a> &#8230;4}
    <span class=sf-dump-index>315</span> => {<a class=sf-dump-ref>#2077</a> &#8230;4}
    <span class=sf-dump-index>316</span> => {<a class=sf-dump-ref>#2078</a> &#8230;4}
    <span class=sf-dump-index>317</span> => {<a class=sf-dump-ref>#2079</a> &#8230;4}
    <span class=sf-dump-index>318</span> => {<a class=sf-dump-ref>#2080</a> &#8230;4}
    <span class=sf-dump-index>319</span> => {<a class=sf-dump-ref>#2081</a> &#8230;4}
    <span class=sf-dump-index>320</span> => {<a class=sf-dump-ref>#2082</a> &#8230;4}
    <span class=sf-dump-index>321</span> => {<a class=sf-dump-ref>#2083</a> &#8230;4}
    <span class=sf-dump-index>322</span> => {<a class=sf-dump-ref>#2084</a> &#8230;4}
    <span class=sf-dump-index>323</span> => {<a class=sf-dump-ref>#2085</a> &#8230;4}
    <span class=sf-dump-index>324</span> => {<a class=sf-dump-ref>#2086</a> &#8230;4}
    <span class=sf-dump-index>325</span> => {<a class=sf-dump-ref>#2087</a> &#8230;4}
    <span class=sf-dump-index>326</span> => {<a class=sf-dump-ref>#2088</a> &#8230;4}
    <span class=sf-dump-index>327</span> => {<a class=sf-dump-ref>#2089</a> &#8230;4}
    <span class=sf-dump-index>328</span> => {<a class=sf-dump-ref>#2090</a> &#8230;4}
    <span class=sf-dump-index>329</span> => {<a class=sf-dump-ref>#2091</a> &#8230;4}
    <span class=sf-dump-index>330</span> => {<a class=sf-dump-ref>#2092</a> &#8230;4}
    <span class=sf-dump-index>331</span> => {<a class=sf-dump-ref>#2093</a> &#8230;4}
    <span class=sf-dump-index>332</span> => {<a class=sf-dump-ref>#2094</a> &#8230;4}
    <span class=sf-dump-index>333</span> => {<a class=sf-dump-ref>#2095</a> &#8230;4}
    <span class=sf-dump-index>334</span> => {<a class=sf-dump-ref>#2096</a> &#8230;4}
    <span class=sf-dump-index>335</span> => {<a class=sf-dump-ref>#2097</a> &#8230;4}
    <span class=sf-dump-index>336</span> => {<a class=sf-dump-ref>#2098</a> &#8230;4}
    <span class=sf-dump-index>337</span> => {<a class=sf-dump-ref>#2099</a> &#8230;4}
    <span class=sf-dump-index>338</span> => {<a class=sf-dump-ref>#2100</a> &#8230;4}
    <span class=sf-dump-index>339</span> => {<a class=sf-dump-ref>#2101</a> &#8230;4}
    <span class=sf-dump-index>340</span> => {<a class=sf-dump-ref>#2102</a> &#8230;4}
    <span class=sf-dump-index>341</span> => {<a class=sf-dump-ref>#2103</a> &#8230;4}
    <span class=sf-dump-index>342</span> => {<a class=sf-dump-ref>#2104</a> &#8230;4}
    <span class=sf-dump-index>343</span> => {<a class=sf-dump-ref>#2105</a> &#8230;4}
    <span class=sf-dump-index>344</span> => {<a class=sf-dump-ref>#2106</a> &#8230;4}
    <span class=sf-dump-index>345</span> => {<a class=sf-dump-ref>#2107</a> &#8230;4}
    <span class=sf-dump-index>346</span> => {<a class=sf-dump-ref>#2108</a> &#8230;4}
    <span class=sf-dump-index>347</span> => {<a class=sf-dump-ref>#2109</a> &#8230;4}
    <span class=sf-dump-index>348</span> => {<a class=sf-dump-ref>#2110</a> &#8230;4}
    <span class=sf-dump-index>349</span> => {<a class=sf-dump-ref>#2111</a> &#8230;4}
    <span class=sf-dump-index>350</span> => {<a class=sf-dump-ref>#2112</a> &#8230;4}
    <span class=sf-dump-index>351</span> => {<a class=sf-dump-ref>#2113</a> &#8230;4}
    <span class=sf-dump-index>352</span> => {<a class=sf-dump-ref>#2114</a> &#8230;4}
    <span class=sf-dump-index>353</span> => {<a class=sf-dump-ref>#2115</a> &#8230;4}
    <span class=sf-dump-index>354</span> => {<a class=sf-dump-ref>#2116</a> &#8230;4}
    <span class=sf-dump-index>355</span> => {<a class=sf-dump-ref>#2117</a> &#8230;4}
    <span class=sf-dump-index>356</span> => {<a class=sf-dump-ref>#2118</a> &#8230;4}
    <span class=sf-dump-index>357</span> => {<a class=sf-dump-ref>#2119</a> &#8230;4}
    <span class=sf-dump-index>358</span> => {<a class=sf-dump-ref>#2120</a> &#8230;4}
    <span class=sf-dump-index>359</span> => {<a class=sf-dump-ref>#2121</a> &#8230;4}
    <span class=sf-dump-index>360</span> => {<a class=sf-dump-ref>#2122</a> &#8230;4}
    <span class=sf-dump-index>361</span> => {<a class=sf-dump-ref>#2123</a> &#8230;4}
    <span class=sf-dump-index>362</span> => {<a class=sf-dump-ref>#2124</a> &#8230;4}
    <span class=sf-dump-index>363</span> => {<a class=sf-dump-ref>#2125</a> &#8230;4}
    <span class=sf-dump-index>364</span> => {<a class=sf-dump-ref>#2126</a> &#8230;4}
    <span class=sf-dump-index>365</span> => {<a class=sf-dump-ref>#2127</a> &#8230;4}
    <span class=sf-dump-index>366</span> => {<a class=sf-dump-ref>#2128</a> &#8230;4}
    <span class=sf-dump-index>367</span> => {<a class=sf-dump-ref>#2129</a> &#8230;4}
    <span class=sf-dump-index>368</span> => {<a class=sf-dump-ref>#2130</a> &#8230;4}
    <span class=sf-dump-index>369</span> => {<a class=sf-dump-ref>#2131</a> &#8230;4}
    <span class=sf-dump-index>370</span> => {<a class=sf-dump-ref>#2132</a> &#8230;4}
    <span class=sf-dump-index>371</span> => {<a class=sf-dump-ref>#2133</a> &#8230;4}
    <span class=sf-dump-index>372</span> => {<a class=sf-dump-ref>#2134</a> &#8230;4}
    <span class=sf-dump-index>373</span> => {<a class=sf-dump-ref>#2135</a> &#8230;4}
    <span class=sf-dump-index>374</span> => {<a class=sf-dump-ref>#2136</a> &#8230;4}
    <span class=sf-dump-index>375</span> => {<a class=sf-dump-ref>#2137</a> &#8230;4}
    <span class=sf-dump-index>376</span> => {<a class=sf-dump-ref>#2138</a> &#8230;4}
    <span class=sf-dump-index>377</span> => {<a class=sf-dump-ref>#2139</a> &#8230;4}
    <span class=sf-dump-index>378</span> => {<a class=sf-dump-ref>#2140</a> &#8230;4}
    <span class=sf-dump-index>379</span> => {<a class=sf-dump-ref>#2141</a> &#8230;4}
    <span class=sf-dump-index>380</span> => {<a class=sf-dump-ref>#2142</a> &#8230;4}
    <span class=sf-dump-index>381</span> => {<a class=sf-dump-ref>#2143</a> &#8230;4}
    <span class=sf-dump-index>382</span> => {<a class=sf-dump-ref>#2144</a> &#8230;4}
    <span class=sf-dump-index>383</span> => {<a class=sf-dump-ref>#2145</a> &#8230;4}
    <span class=sf-dump-index>384</span> => {<a class=sf-dump-ref>#2146</a> &#8230;4}
    <span class=sf-dump-index>385</span> => {<a class=sf-dump-ref>#2147</a> &#8230;4}
    <span class=sf-dump-index>386</span> => {<a class=sf-dump-ref>#2148</a> &#8230;4}
    <span class=sf-dump-index>387</span> => {<a class=sf-dump-ref>#2149</a> &#8230;4}
    <span class=sf-dump-index>388</span> => {<a class=sf-dump-ref>#2150</a> &#8230;4}
    <span class=sf-dump-index>389</span> => {<a class=sf-dump-ref>#2151</a> &#8230;4}
    <span class=sf-dump-index>390</span> => {<a class=sf-dump-ref>#2152</a> &#8230;4}
    <span class=sf-dump-index>391</span> => {<a class=sf-dump-ref>#2153</a> &#8230;4}
    <span class=sf-dump-index>392</span> => {<a class=sf-dump-ref>#2154</a> &#8230;4}
    <span class=sf-dump-index>393</span> => {<a class=sf-dump-ref>#2155</a> &#8230;4}
    <span class=sf-dump-index>394</span> => {<a class=sf-dump-ref>#2156</a> &#8230;4}
    <span class=sf-dump-index>395</span> => {<a class=sf-dump-ref>#2157</a> &#8230;4}
    <span class=sf-dump-index>396</span> => {<a class=sf-dump-ref>#2158</a> &#8230;4}
    <span class=sf-dump-index>397</span> => {<a class=sf-dump-ref>#2159</a> &#8230;4}
    <span class=sf-dump-index>398</span> => {<a class=sf-dump-ref>#2160</a> &#8230;4}
    <span class=sf-dump-index>399</span> => {<a class=sf-dump-ref>#2161</a> &#8230;4}
    <span class=sf-dump-index>400</span> => {<a class=sf-dump-ref>#2162</a> &#8230;4}
    <span class=sf-dump-index>401</span> => {<a class=sf-dump-ref>#2163</a> &#8230;4}
    <span class=sf-dump-index>402</span> => {<a class=sf-dump-ref>#2164</a> &#8230;4}
    <span class=sf-dump-index>403</span> => {<a class=sf-dump-ref>#2165</a> &#8230;4}
    <span class=sf-dump-index>404</span> => {<a class=sf-dump-ref>#2166</a> &#8230;4}
    <span class=sf-dump-index>405</span> => {<a class=sf-dump-ref>#2167</a> &#8230;4}
    <span class=sf-dump-index>406</span> => {<a class=sf-dump-ref>#2168</a> &#8230;4}
    <span class=sf-dump-index>407</span> => {<a class=sf-dump-ref>#2169</a> &#8230;4}
    <span class=sf-dump-index>408</span> => {<a class=sf-dump-ref>#2170</a> &#8230;4}
    <span class=sf-dump-index>409</span> => {<a class=sf-dump-ref>#2171</a> &#8230;4}
    <span class=sf-dump-index>410</span> => {<a class=sf-dump-ref>#2172</a> &#8230;4}
    <span class=sf-dump-index>411</span> => {<a class=sf-dump-ref>#2173</a> &#8230;4}
    <span class=sf-dump-index>412</span> => {<a class=sf-dump-ref>#2174</a> &#8230;4}
    <span class=sf-dump-index>413</span> => {<a class=sf-dump-ref>#2175</a> &#8230;4}
    <span class=sf-dump-index>414</span> => {<a class=sf-dump-ref>#2176</a> &#8230;4}
    <span class=sf-dump-index>415</span> => {<a class=sf-dump-ref>#2177</a> &#8230;4}
    <span class=sf-dump-index>416</span> => {<a class=sf-dump-ref>#2178</a> &#8230;4}
    <span class=sf-dump-index>417</span> => {<a class=sf-dump-ref>#2179</a> &#8230;4}
    <span class=sf-dump-index>418</span> => {<a class=sf-dump-ref>#2180</a> &#8230;4}
    <span class=sf-dump-index>419</span> => {<a class=sf-dump-ref>#2181</a> &#8230;4}
    <span class=sf-dump-index>420</span> => {<a class=sf-dump-ref>#2182</a> &#8230;4}
    <span class=sf-dump-index>421</span> => {<a class=sf-dump-ref>#2183</a> &#8230;4}
    <span class=sf-dump-index>422</span> => {<a class=sf-dump-ref>#2184</a> &#8230;4}
    <span class=sf-dump-index>423</span> => {<a class=sf-dump-ref>#2185</a> &#8230;4}
    <span class=sf-dump-index>424</span> => {<a class=sf-dump-ref>#2186</a> &#8230;4}
    <span class=sf-dump-index>425</span> => {<a class=sf-dump-ref>#2187</a> &#8230;4}
    <span class=sf-dump-index>426</span> => {<a class=sf-dump-ref>#2188</a> &#8230;4}
    <span class=sf-dump-index>427</span> => {<a class=sf-dump-ref>#2189</a> &#8230;4}
    <span class=sf-dump-index>428</span> => {<a class=sf-dump-ref>#2190</a> &#8230;4}
    <span class=sf-dump-index>429</span> => {<a class=sf-dump-ref>#2191</a> &#8230;4}
    <span class=sf-dump-index>430</span> => {<a class=sf-dump-ref>#2192</a> &#8230;4}
    <span class=sf-dump-index>431</span> => {<a class=sf-dump-ref>#2193</a> &#8230;4}
    <span class=sf-dump-index>432</span> => {<a class=sf-dump-ref>#2194</a> &#8230;4}
    <span class=sf-dump-index>433</span> => {<a class=sf-dump-ref>#2195</a> &#8230;4}
    <span class=sf-dump-index>434</span> => {<a class=sf-dump-ref>#2196</a> &#8230;4}
    <span class=sf-dump-index>435</span> => {<a class=sf-dump-ref>#2197</a> &#8230;4}
    <span class=sf-dump-index>436</span> => {<a class=sf-dump-ref>#2198</a> &#8230;4}
    <span class=sf-dump-index>437</span> => {<a class=sf-dump-ref>#2199</a> &#8230;4}
    <span class=sf-dump-index>438</span> => {<a class=sf-dump-ref>#2200</a> &#8230;4}
    <span class=sf-dump-index>439</span> => {<a class=sf-dump-ref>#2201</a> &#8230;4}
    <span class=sf-dump-index>440</span> => {<a class=sf-dump-ref>#2202</a> &#8230;4}
    <span class=sf-dump-index>441</span> => {<a class=sf-dump-ref>#2203</a> &#8230;4}
    <span class=sf-dump-index>442</span> => {<a class=sf-dump-ref>#2204</a> &#8230;4}
    <span class=sf-dump-index>443</span> => {<a class=sf-dump-ref>#2205</a> &#8230;4}
    <span class=sf-dump-index>444</span> => {<a class=sf-dump-ref>#2206</a> &#8230;4}
    <span class=sf-dump-index>445</span> => {<a class=sf-dump-ref>#2207</a> &#8230;4}
    <span class=sf-dump-index>446</span> => {<a class=sf-dump-ref>#2208</a> &#8230;4}
    <span class=sf-dump-index>447</span> => {<a class=sf-dump-ref>#2209</a> &#8230;4}
    <span class=sf-dump-index>448</span> => {<a class=sf-dump-ref>#2210</a> &#8230;4}
    <span class=sf-dump-index>449</span> => {<a class=sf-dump-ref>#2211</a> &#8230;4}
    <span class=sf-dump-index>450</span> => {<a class=sf-dump-ref>#2212</a> &#8230;4}
    <span class=sf-dump-index>451</span> => {<a class=sf-dump-ref>#2213</a> &#8230;4}
    <span class=sf-dump-index>452</span> => {<a class=sf-dump-ref>#2214</a> &#8230;4}
    <span class=sf-dump-index>453</span> => {<a class=sf-dump-ref>#2215</a> &#8230;4}
    <span class=sf-dump-index>454</span> => {<a class=sf-dump-ref>#2216</a> &#8230;4}
    <span class=sf-dump-index>455</span> => {<a class=sf-dump-ref>#2217</a> &#8230;4}
    <span class=sf-dump-index>456</span> => {<a class=sf-dump-ref>#2218</a> &#8230;4}
    <span class=sf-dump-index>457</span> => {<a class=sf-dump-ref>#2219</a> &#8230;4}
    <span class=sf-dump-index>458</span> => {<a class=sf-dump-ref>#2220</a> &#8230;4}
    <span class=sf-dump-index>459</span> => {<a class=sf-dump-ref>#2221</a> &#8230;4}
    <span class=sf-dump-index>460</span> => {<a class=sf-dump-ref>#2222</a> &#8230;4}
    <span class=sf-dump-index>461</span> => {<a class=sf-dump-ref>#2223</a> &#8230;4}
    <span class=sf-dump-index>462</span> => {<a class=sf-dump-ref>#2224</a> &#8230;4}
    <span class=sf-dump-index>463</span> => {<a class=sf-dump-ref>#2225</a> &#8230;4}
    <span class=sf-dump-index>464</span> => {<a class=sf-dump-ref>#2226</a> &#8230;4}
    <span class=sf-dump-index>465</span> => {<a class=sf-dump-ref>#2227</a> &#8230;4}
    <span class=sf-dump-index>466</span> => {<a class=sf-dump-ref>#2228</a> &#8230;4}
    <span class=sf-dump-index>467</span> => {<a class=sf-dump-ref>#2229</a> &#8230;4}
    <span class=sf-dump-index>468</span> => {<a class=sf-dump-ref>#2230</a> &#8230;4}
    <span class=sf-dump-index>469</span> => {<a class=sf-dump-ref>#2231</a> &#8230;4}
    <span class=sf-dump-index>470</span> => {<a class=sf-dump-ref>#2232</a> &#8230;4}
    <span class=sf-dump-index>471</span> => {<a class=sf-dump-ref>#2233</a> &#8230;4}
    <span class=sf-dump-index>472</span> => {<a class=sf-dump-ref>#2234</a> &#8230;4}
    <span class=sf-dump-index>473</span> => {<a class=sf-dump-ref>#2235</a> &#8230;4}
    <span class=sf-dump-index>474</span> => {<a class=sf-dump-ref>#2236</a> &#8230;4}
    <span class=sf-dump-index>475</span> => {<a class=sf-dump-ref>#2237</a> &#8230;4}
    <span class=sf-dump-index>476</span> => {<a class=sf-dump-ref>#2238</a> &#8230;4}
    <span class=sf-dump-index>477</span> => {<a class=sf-dump-ref>#2239</a> &#8230;4}
    <span class=sf-dump-index>478</span> => {<a class=sf-dump-ref>#2240</a> &#8230;4}
    <span class=sf-dump-index>479</span> => {<a class=sf-dump-ref>#2241</a> &#8230;4}
    <span class=sf-dump-index>480</span> => {<a class=sf-dump-ref>#2242</a> &#8230;4}
    <span class=sf-dump-index>481</span> => {<a class=sf-dump-ref>#2243</a> &#8230;4}
    <span class=sf-dump-index>482</span> => {<a class=sf-dump-ref>#2244</a> &#8230;4}
    <span class=sf-dump-index>483</span> => {<a class=sf-dump-ref>#2245</a> &#8230;4}
    <span class=sf-dump-index>484</span> => {<a class=sf-dump-ref>#2246</a> &#8230;4}
    <span class=sf-dump-index>485</span> => {<a class=sf-dump-ref>#2247</a> &#8230;4}
    <span class=sf-dump-index>486</span> => {<a class=sf-dump-ref>#2248</a> &#8230;4}
    <span class=sf-dump-index>487</span> => {<a class=sf-dump-ref>#2249</a> &#8230;4}
    <span class=sf-dump-index>488</span> => {<a class=sf-dump-ref>#2250</a> &#8230;4}
    <span class=sf-dump-index>489</span> => {<a class=sf-dump-ref>#2251</a> &#8230;4}
    <span class=sf-dump-index>490</span> => {<a class=sf-dump-ref>#2252</a> &#8230;4}
    <span class=sf-dump-index>491</span> => {<a class=sf-dump-ref>#2253</a> &#8230;4}
    <span class=sf-dump-index>492</span> => {<a class=sf-dump-ref>#2254</a> &#8230;4}
    <span class=sf-dump-index>493</span> => {<a class=sf-dump-ref>#2255</a> &#8230;4}
    <span class=sf-dump-index>494</span> => {<a class=sf-dump-ref>#2256</a> &#8230;4}
    <span class=sf-dump-index>495</span> => {<a class=sf-dump-ref>#2257</a> &#8230;4}
    <span class=sf-dump-index>496</span> => {<a class=sf-dump-ref>#2258</a> &#8230;4}
    <span class=sf-dump-index>497</span> => {<a class=sf-dump-ref>#2259</a> &#8230;4}
    <span class=sf-dump-index>498</span> => {<a class=sf-dump-ref>#2260</a> &#8230;4}
    <span class=sf-dump-index>499</span> => {<a class=sf-dump-ref>#2261</a> &#8230;4}
    <span class=sf-dump-index>500</span> => {<a class=sf-dump-ref>#2262</a> &#8230;4}
    <span class=sf-dump-index>501</span> => {<a class=sf-dump-ref>#2263</a> &#8230;4}
    <span class=sf-dump-index>502</span> => {<a class=sf-dump-ref>#2264</a> &#8230;4}
    <span class=sf-dump-index>503</span> => {<a class=sf-dump-ref>#2265</a> &#8230;4}
    <span class=sf-dump-index>504</span> => {<a class=sf-dump-ref>#2266</a> &#8230;4}
    <span class=sf-dump-index>505</span> => {<a class=sf-dump-ref>#2267</a> &#8230;4}
    <span class=sf-dump-index>506</span> => {<a class=sf-dump-ref>#2268</a> &#8230;4}
    <span class=sf-dump-index>507</span> => {<a class=sf-dump-ref>#2269</a> &#8230;4}
    <span class=sf-dump-index>508</span> => {<a class=sf-dump-ref>#2270</a> &#8230;4}
    <span class=sf-dump-index>509</span> => {<a class=sf-dump-ref>#2271</a> &#8230;4}
    <span class=sf-dump-index>510</span> => {<a class=sf-dump-ref>#2272</a> &#8230;4}
    <span class=sf-dump-index>511</span> => {<a class=sf-dump-ref>#2273</a> &#8230;4}
    <span class=sf-dump-index>512</span> => {<a class=sf-dump-ref>#2274</a> &#8230;4}
    <span class=sf-dump-index>513</span> => {<a class=sf-dump-ref>#2275</a> &#8230;4}
    <span class=sf-dump-index>514</span> => {<a class=sf-dump-ref>#2276</a> &#8230;4}
    <span class=sf-dump-index>515</span> => {<a class=sf-dump-ref>#2277</a> &#8230;4}
    <span class=sf-dump-index>516</span> => {<a class=sf-dump-ref>#2278</a> &#8230;4}
    <span class=sf-dump-index>517</span> => {<a class=sf-dump-ref>#2279</a> &#8230;4}
    <span class=sf-dump-index>518</span> => {<a class=sf-dump-ref>#2280</a> &#8230;4}
    <span class=sf-dump-index>519</span> => {<a class=sf-dump-ref>#2281</a> &#8230;4}
    <span class=sf-dump-index>520</span> => {<a class=sf-dump-ref>#2282</a> &#8230;4}
    <span class=sf-dump-index>521</span> => {<a class=sf-dump-ref>#2283</a> &#8230;4}
    <span class=sf-dump-index>522</span> => {<a class=sf-dump-ref>#2284</a> &#8230;4}
    <span class=sf-dump-index>523</span> => {<a class=sf-dump-ref>#2285</a> &#8230;4}
    <span class=sf-dump-index>524</span> => {<a class=sf-dump-ref>#2286</a> &#8230;4}
    <span class=sf-dump-index>525</span> => {<a class=sf-dump-ref>#2287</a> &#8230;4}
    <span class=sf-dump-index>526</span> => {<a class=sf-dump-ref>#2288</a> &#8230;4}
    <span class=sf-dump-index>527</span> => {<a class=sf-dump-ref>#2289</a> &#8230;4}
    <span class=sf-dump-index>528</span> => {<a class=sf-dump-ref>#2290</a> &#8230;4}
    <span class=sf-dump-index>529</span> => {<a class=sf-dump-ref>#2291</a> &#8230;4}
    <span class=sf-dump-index>530</span> => {<a class=sf-dump-ref>#2292</a> &#8230;4}
    <span class=sf-dump-index>531</span> => {<a class=sf-dump-ref>#2293</a> &#8230;4}
    <span class=sf-dump-index>532</span> => {<a class=sf-dump-ref>#2294</a> &#8230;4}
    <span class=sf-dump-index>533</span> => {<a class=sf-dump-ref>#2295</a> &#8230;4}
    <span class=sf-dump-index>534</span> => {<a class=sf-dump-ref>#2296</a> &#8230;4}
    <span class=sf-dump-index>535</span> => {<a class=sf-dump-ref>#2297</a> &#8230;4}
    <span class=sf-dump-index>536</span> => {<a class=sf-dump-ref>#2298</a> &#8230;4}
    <span class=sf-dump-index>537</span> => {<a class=sf-dump-ref>#2299</a> &#8230;4}
    <span class=sf-dump-index>538</span> => {<a class=sf-dump-ref>#2300</a> &#8230;4}
    <span class=sf-dump-index>539</span> => {<a class=sf-dump-ref>#2301</a> &#8230;4}
    <span class=sf-dump-index>540</span> => {<a class=sf-dump-ref>#2302</a> &#8230;4}
    <span class=sf-dump-index>541</span> => {<a class=sf-dump-ref>#2303</a> &#8230;4}
    <span class=sf-dump-index>542</span> => {<a class=sf-dump-ref>#2304</a> &#8230;4}
    <span class=sf-dump-index>543</span> => {<a class=sf-dump-ref>#2305</a> &#8230;4}
    <span class=sf-dump-index>544</span> => {<a class=sf-dump-ref>#2306</a> &#8230;4}
    <span class=sf-dump-index>545</span> => {<a class=sf-dump-ref>#2307</a> &#8230;4}
    <span class=sf-dump-index>546</span> => {<a class=sf-dump-ref>#2308</a> &#8230;4}
    <span class=sf-dump-index>547</span> => {<a class=sf-dump-ref>#2309</a> &#8230;4}
    <span class=sf-dump-index>548</span> => {<a class=sf-dump-ref>#2310</a> &#8230;4}
    <span class=sf-dump-index>549</span> => {<a class=sf-dump-ref>#2311</a> &#8230;4}
    <span class=sf-dump-index>550</span> => {<a class=sf-dump-ref>#2312</a> &#8230;4}
    <span class=sf-dump-index>551</span> => {<a class=sf-dump-ref>#2313</a> &#8230;4}
    <span class=sf-dump-index>552</span> => {<a class=sf-dump-ref>#2314</a> &#8230;4}
    <span class=sf-dump-index>553</span> => {<a class=sf-dump-ref>#2315</a> &#8230;4}
    <span class=sf-dump-index>554</span> => {<a class=sf-dump-ref>#2316</a> &#8230;4}
    <span class=sf-dump-index>555</span> => {<a class=sf-dump-ref>#2317</a> &#8230;4}
    <span class=sf-dump-index>556</span> => {<a class=sf-dump-ref>#2318</a> &#8230;4}
    <span class=sf-dump-index>557</span> => {<a class=sf-dump-ref>#2319</a> &#8230;4}
    <span class=sf-dump-index>558</span> => {<a class=sf-dump-ref>#2320</a> &#8230;4}
    <span class=sf-dump-index>559</span> => {<a class=sf-dump-ref>#2321</a> &#8230;4}
    <span class=sf-dump-index>560</span> => {<a class=sf-dump-ref>#2322</a> &#8230;4}
    <span class=sf-dump-index>561</span> => {<a class=sf-dump-ref>#2323</a> &#8230;4}
    <span class=sf-dump-index>562</span> => {<a class=sf-dump-ref>#2324</a> &#8230;4}
    <span class=sf-dump-index>563</span> => {<a class=sf-dump-ref>#2325</a> &#8230;4}
    <span class=sf-dump-index>564</span> => {<a class=sf-dump-ref>#2326</a> &#8230;4}
    <span class=sf-dump-index>565</span> => {<a class=sf-dump-ref>#2327</a> &#8230;4}
    <span class=sf-dump-index>566</span> => {<a class=sf-dump-ref>#2328</a> &#8230;4}
    <span class=sf-dump-index>567</span> => {<a class=sf-dump-ref>#2329</a> &#8230;4}
    <span class=sf-dump-index>568</span> => {<a class=sf-dump-ref>#2330</a> &#8230;4}
    <span class=sf-dump-index>569</span> => {<a class=sf-dump-ref>#2331</a> &#8230;4}
    <span class=sf-dump-index>570</span> => {<a class=sf-dump-ref>#2332</a> &#8230;4}
    <span class=sf-dump-index>571</span> => {<a class=sf-dump-ref>#2333</a> &#8230;4}
    <span class=sf-dump-index>572</span> => {<a class=sf-dump-ref>#2334</a> &#8230;4}
    <span class=sf-dump-index>573</span> => {<a class=sf-dump-ref>#2335</a> &#8230;4}
    <span class=sf-dump-index>574</span> => {<a class=sf-dump-ref>#2336</a> &#8230;4}
    <span class=sf-dump-index>575</span> => {<a class=sf-dump-ref>#2337</a> &#8230;4}
    <span class=sf-dump-index>576</span> => {<a class=sf-dump-ref>#2338</a> &#8230;4}
    <span class=sf-dump-index>577</span> => {<a class=sf-dump-ref>#2339</a> &#8230;4}
    <span class=sf-dump-index>578</span> => {<a class=sf-dump-ref>#2340</a> &#8230;4}
    <span class=sf-dump-index>579</span> => {<a class=sf-dump-ref>#2341</a> &#8230;4}
    <span class=sf-dump-index>580</span> => {<a class=sf-dump-ref>#2342</a> &#8230;4}
    <span class=sf-dump-index>581</span> => {<a class=sf-dump-ref>#2343</a> &#8230;4}
    <span class=sf-dump-index>582</span> => {<a class=sf-dump-ref>#2344</a> &#8230;4}
    <span class=sf-dump-index>583</span> => {<a class=sf-dump-ref>#2345</a> &#8230;4}
    <span class=sf-dump-index>584</span> => {<a class=sf-dump-ref>#2346</a> &#8230;4}
    <span class=sf-dump-index>585</span> => {<a class=sf-dump-ref>#2347</a> &#8230;4}
    <span class=sf-dump-index>586</span> => {<a class=sf-dump-ref>#2348</a> &#8230;4}
    <span class=sf-dump-index>587</span> => {<a class=sf-dump-ref>#2349</a> &#8230;4}
    <span class=sf-dump-index>588</span> => {<a class=sf-dump-ref>#2350</a> &#8230;4}
    <span class=sf-dump-index>589</span> => {<a class=sf-dump-ref>#2351</a> &#8230;4}
    <span class=sf-dump-index>590</span> => {<a class=sf-dump-ref>#2352</a> &#8230;4}
    <span class=sf-dump-index>591</span> => {<a class=sf-dump-ref>#2353</a> &#8230;4}
    <span class=sf-dump-index>592</span> => {<a class=sf-dump-ref>#2354</a> &#8230;4}
    <span class=sf-dump-index>593</span> => {<a class=sf-dump-ref>#2355</a> &#8230;4}
    <span class=sf-dump-index>594</span> => {<a class=sf-dump-ref>#2356</a> &#8230;4}
    <span class=sf-dump-index>595</span> => {<a class=sf-dump-ref>#2357</a> &#8230;4}
    <span class=sf-dump-index>596</span> => {<a class=sf-dump-ref>#2358</a> &#8230;4}
    <span class=sf-dump-index>597</span> => {<a class=sf-dump-ref>#2359</a> &#8230;4}
    <span class=sf-dump-index>598</span> => {<a class=sf-dump-ref>#2360</a> &#8230;4}
    <span class=sf-dump-index>599</span> => {<a class=sf-dump-ref>#2361</a> &#8230;4}
    <span class=sf-dump-index>600</span> => {<a class=sf-dump-ref>#2362</a> &#8230;4}
    <span class=sf-dump-index>601</span> => {<a class=sf-dump-ref>#2363</a> &#8230;4}
    <span class=sf-dump-index>602</span> => {<a class=sf-dump-ref>#2364</a> &#8230;4}
    <span class=sf-dump-index>603</span> => {<a class=sf-dump-ref>#2365</a> &#8230;4}
    <span class=sf-dump-index>604</span> => {<a class=sf-dump-ref>#2366</a> &#8230;4}
    <span class=sf-dump-index>605</span> => {<a class=sf-dump-ref>#2367</a> &#8230;4}
    <span class=sf-dump-index>606</span> => {<a class=sf-dump-ref>#2368</a> &#8230;4}
    <span class=sf-dump-index>607</span> => {<a class=sf-dump-ref>#2369</a> &#8230;4}
    <span class=sf-dump-index>608</span> => {<a class=sf-dump-ref>#2370</a> &#8230;4}
    <span class=sf-dump-index>609</span> => {<a class=sf-dump-ref>#2371</a> &#8230;4}
    <span class=sf-dump-index>610</span> => {<a class=sf-dump-ref>#2372</a> &#8230;4}
    <span class=sf-dump-index>611</span> => {<a class=sf-dump-ref>#2373</a> &#8230;4}
    <span class=sf-dump-index>612</span> => {<a class=sf-dump-ref>#2374</a> &#8230;4}
    <span class=sf-dump-index>613</span> => {<a class=sf-dump-ref>#2375</a> &#8230;4}
    <span class=sf-dump-index>614</span> => {<a class=sf-dump-ref>#2376</a> &#8230;4}
    <span class=sf-dump-index>615</span> => {<a class=sf-dump-ref>#2377</a> &#8230;4}
    <span class=sf-dump-index>616</span> => {<a class=sf-dump-ref>#2378</a> &#8230;4}
    <span class=sf-dump-index>617</span> => {<a class=sf-dump-ref>#2379</a> &#8230;4}
    <span class=sf-dump-index>618</span> => {<a class=sf-dump-ref>#2380</a> &#8230;4}
    <span class=sf-dump-index>619</span> => {<a class=sf-dump-ref>#2381</a> &#8230;4}
    <span class=sf-dump-index>620</span> => {<a class=sf-dump-ref>#2382</a> &#8230;4}
    <span class=sf-dump-index>621</span> => {<a class=sf-dump-ref>#2383</a> &#8230;4}
    <span class=sf-dump-index>622</span> => {<a class=sf-dump-ref>#2384</a> &#8230;4}
    <span class=sf-dump-index>623</span> => {<a class=sf-dump-ref>#2385</a> &#8230;4}
    <span class=sf-dump-index>624</span> => {<a class=sf-dump-ref>#2386</a> &#8230;4}
    <span class=sf-dump-index>625</span> => {<a class=sf-dump-ref>#2387</a> &#8230;4}
    <span class=sf-dump-index>626</span> => {<a class=sf-dump-ref>#2388</a> &#8230;4}
    <span class=sf-dump-index>627</span> => {<a class=sf-dump-ref>#2389</a> &#8230;4}
    <span class=sf-dump-index>628</span> => {<a class=sf-dump-ref>#2390</a> &#8230;4}
    <span class=sf-dump-index>629</span> => {<a class=sf-dump-ref>#2391</a> &#8230;4}
    <span class=sf-dump-index>630</span> => {<a class=sf-dump-ref>#2392</a> &#8230;4}
    <span class=sf-dump-index>631</span> => {<a class=sf-dump-ref>#2393</a> &#8230;4}
    <span class=sf-dump-index>632</span> => {<a class=sf-dump-ref>#2394</a> &#8230;4}
    <span class=sf-dump-index>633</span> => {<a class=sf-dump-ref>#2395</a> &#8230;4}
    <span class=sf-dump-index>634</span> => {<a class=sf-dump-ref>#2396</a> &#8230;4}
    <span class=sf-dump-index>635</span> => {<a class=sf-dump-ref>#2397</a> &#8230;4}
    <span class=sf-dump-index>636</span> => {<a class=sf-dump-ref>#2398</a> &#8230;4}
    <span class=sf-dump-index>637</span> => {<a class=sf-dump-ref>#2399</a> &#8230;4}
    <span class=sf-dump-index>638</span> => {<a class=sf-dump-ref>#2400</a> &#8230;4}
    <span class=sf-dump-index>639</span> => {<a class=sf-dump-ref>#2401</a> &#8230;4}
    <span class=sf-dump-index>640</span> => {<a class=sf-dump-ref>#2402</a> &#8230;4}
    <span class=sf-dump-index>641</span> => {<a class=sf-dump-ref>#2403</a> &#8230;4}
    <span class=sf-dump-index>642</span> => {<a class=sf-dump-ref>#2404</a> &#8230;4}
    <span class=sf-dump-index>643</span> => {<a class=sf-dump-ref>#2405</a> &#8230;4}
    <span class=sf-dump-index>644</span> => {<a class=sf-dump-ref>#2406</a> &#8230;4}
    <span class=sf-dump-index>645</span> => {<a class=sf-dump-ref>#2407</a> &#8230;4}
    <span class=sf-dump-index>646</span> => {<a class=sf-dump-ref>#2408</a> &#8230;4}
    <span class=sf-dump-index>647</span> => {<a class=sf-dump-ref>#2409</a> &#8230;4}
    <span class=sf-dump-index>648</span> => {<a class=sf-dump-ref>#2410</a> &#8230;4}
    <span class=sf-dump-index>649</span> => {<a class=sf-dump-ref>#2411</a> &#8230;4}
    <span class=sf-dump-index>650</span> => {<a class=sf-dump-ref>#2412</a> &#8230;4}
    <span class=sf-dump-index>651</span> => {<a class=sf-dump-ref>#2413</a> &#8230;4}
    <span class=sf-dump-index>652</span> => {<a class=sf-dump-ref>#2414</a> &#8230;4}
    <span class=sf-dump-index>653</span> => {<a class=sf-dump-ref>#2415</a> &#8230;4}
    <span class=sf-dump-index>654</span> => {<a class=sf-dump-ref>#2416</a> &#8230;4}
    <span class=sf-dump-index>655</span> => {<a class=sf-dump-ref>#2417</a> &#8230;4}
    <span class=sf-dump-index>656</span> => {<a class=sf-dump-ref>#2418</a> &#8230;4}
    <span class=sf-dump-index>657</span> => {<a class=sf-dump-ref>#2419</a> &#8230;4}
    <span class=sf-dump-index>658</span> => {<a class=sf-dump-ref>#2420</a> &#8230;4}
    <span class=sf-dump-index>659</span> => {<a class=sf-dump-ref>#2421</a> &#8230;4}
    <span class=sf-dump-index>660</span> => {<a class=sf-dump-ref>#2422</a> &#8230;4}
    <span class=sf-dump-index>661</span> => {<a class=sf-dump-ref>#2423</a> &#8230;4}
    <span class=sf-dump-index>662</span> => {<a class=sf-dump-ref>#2424</a> &#8230;4}
    <span class=sf-dump-index>663</span> => {<a class=sf-dump-ref>#2425</a> &#8230;4}
    <span class=sf-dump-index>664</span> => {<a class=sf-dump-ref>#2426</a> &#8230;4}
    <span class=sf-dump-index>665</span> => {<a class=sf-dump-ref>#2427</a> &#8230;4}
    <span class=sf-dump-index>666</span> => {<a class=sf-dump-ref>#2428</a> &#8230;4}
    <span class=sf-dump-index>667</span> => {<a class=sf-dump-ref>#2429</a> &#8230;4}
    <span class=sf-dump-index>668</span> => {<a class=sf-dump-ref>#2430</a> &#8230;4}
    <span class=sf-dump-index>669</span> => {<a class=sf-dump-ref>#2431</a> &#8230;4}
    <span class=sf-dump-index>670</span> => {<a class=sf-dump-ref>#2432</a> &#8230;4}
    <span class=sf-dump-index>671</span> => {<a class=sf-dump-ref>#2433</a> &#8230;4}
    <span class=sf-dump-index>672</span> => {<a class=sf-dump-ref>#2434</a> &#8230;4}
    <span class=sf-dump-index>673</span> => {<a class=sf-dump-ref>#2435</a> &#8230;4}
    <span class=sf-dump-index>674</span> => {<a class=sf-dump-ref>#2436</a> &#8230;4}
    <span class=sf-dump-index>675</span> => {<a class=sf-dump-ref>#2437</a> &#8230;4}
    <span class=sf-dump-index>676</span> => {<a class=sf-dump-ref>#2438</a> &#8230;4}
    <span class=sf-dump-index>677</span> => {<a class=sf-dump-ref>#2439</a> &#8230;4}
    <span class=sf-dump-index>678</span> => {<a class=sf-dump-ref>#2440</a> &#8230;4}
    <span class=sf-dump-index>679</span> => {<a class=sf-dump-ref>#2441</a> &#8230;4}
    <span class=sf-dump-index>680</span> => {<a class=sf-dump-ref>#2442</a> &#8230;4}
    <span class=sf-dump-index>681</span> => {<a class=sf-dump-ref>#2443</a> &#8230;4}
    <span class=sf-dump-index>682</span> => {<a class=sf-dump-ref>#2444</a> &#8230;4}
    <span class=sf-dump-index>683</span> => {<a class=sf-dump-ref>#2445</a> &#8230;4}
    <span class=sf-dump-index>684</span> => {<a class=sf-dump-ref>#2446</a> &#8230;4}
    <span class=sf-dump-index>685</span> => {<a class=sf-dump-ref>#2447</a> &#8230;4}
    <span class=sf-dump-index>686</span> => {<a class=sf-dump-ref>#2448</a> &#8230;4}
    <span class=sf-dump-index>687</span> => {<a class=sf-dump-ref>#2449</a> &#8230;4}
    <span class=sf-dump-index>688</span> => {<a class=sf-dump-ref>#2450</a> &#8230;4}
    <span class=sf-dump-index>689</span> => {<a class=sf-dump-ref>#2451</a> &#8230;4}
    <span class=sf-dump-index>690</span> => {<a class=sf-dump-ref>#2452</a> &#8230;4}
    <span class=sf-dump-index>691</span> => {<a class=sf-dump-ref>#2453</a> &#8230;4}
    <span class=sf-dump-index>692</span> => {<a class=sf-dump-ref>#2454</a> &#8230;4}
    <span class=sf-dump-index>693</span> => {<a class=sf-dump-ref>#2455</a> &#8230;4}
    <span class=sf-dump-index>694</span> => {<a class=sf-dump-ref>#2456</a> &#8230;4}
    <span class=sf-dump-index>695</span> => {<a class=sf-dump-ref>#2457</a> &#8230;4}
    <span class=sf-dump-index>696</span> => {<a class=sf-dump-ref>#2458</a> &#8230;4}
    <span class=sf-dump-index>697</span> => {<a class=sf-dump-ref>#2459</a> &#8230;4}
    <span class=sf-dump-index>698</span> => {<a class=sf-dump-ref>#2460</a> &#8230;4}
    <span class=sf-dump-index>699</span> => {<a class=sf-dump-ref>#2461</a> &#8230;4}
    <span class=sf-dump-index>700</span> => {<a class=sf-dump-ref>#2462</a> &#8230;4}
    <span class=sf-dump-index>701</span> => {<a class=sf-dump-ref>#2463</a> &#8230;4}
    <span class=sf-dump-index>702</span> => {<a class=sf-dump-ref>#2464</a> &#8230;4}
    <span class=sf-dump-index>703</span> => {<a class=sf-dump-ref>#2465</a> &#8230;4}
    <span class=sf-dump-index>704</span> => {<a class=sf-dump-ref>#2466</a> &#8230;4}
    <span class=sf-dump-index>705</span> => {<a class=sf-dump-ref>#2467</a> &#8230;4}
    <span class=sf-dump-index>706</span> => {<a class=sf-dump-ref>#2468</a> &#8230;4}
    <span class=sf-dump-index>707</span> => {<a class=sf-dump-ref>#2469</a> &#8230;4}
    <span class=sf-dump-index>708</span> => {<a class=sf-dump-ref>#2470</a> &#8230;4}
    <span class=sf-dump-index>709</span> => {<a class=sf-dump-ref>#2471</a> &#8230;4}
    <span class=sf-dump-index>710</span> => {<a class=sf-dump-ref>#2472</a> &#8230;4}
    <span class=sf-dump-index>711</span> => {<a class=sf-dump-ref>#2473</a> &#8230;4}
    <span class=sf-dump-index>712</span> => {<a class=sf-dump-ref>#2474</a> &#8230;4}
    <span class=sf-dump-index>713</span> => {<a class=sf-dump-ref>#2475</a> &#8230;4}
    <span class=sf-dump-index>714</span> => {<a class=sf-dump-ref>#2476</a> &#8230;4}
    <span class=sf-dump-index>715</span> => {<a class=sf-dump-ref>#2477</a> &#8230;4}
    <span class=sf-dump-index>716</span> => {<a class=sf-dump-ref>#2478</a> &#8230;4}
    <span class=sf-dump-index>717</span> => {<a class=sf-dump-ref>#2479</a> &#8230;4}
    <span class=sf-dump-index>718</span> => {<a class=sf-dump-ref>#2480</a> &#8230;4}
    <span class=sf-dump-index>719</span> => {<a class=sf-dump-ref>#2481</a> &#8230;4}
    <span class=sf-dump-index>720</span> => {<a class=sf-dump-ref>#2482</a> &#8230;4}
    <span class=sf-dump-index>721</span> => {<a class=sf-dump-ref>#2483</a> &#8230;4}
    <span class=sf-dump-index>722</span> => {<a class=sf-dump-ref>#2484</a> &#8230;4}
    <span class=sf-dump-index>723</span> => {<a class=sf-dump-ref>#2485</a> &#8230;4}
    <span class=sf-dump-index>724</span> => {<a class=sf-dump-ref>#2486</a> &#8230;4}
    <span class=sf-dump-index>725</span> => {<a class=sf-dump-ref>#2487</a> &#8230;4}
    <span class=sf-dump-index>726</span> => {<a class=sf-dump-ref>#2488</a> &#8230;4}
    <span class=sf-dump-index>727</span> => {<a class=sf-dump-ref>#2489</a> &#8230;4}
    <span class=sf-dump-index>728</span> => {<a class=sf-dump-ref>#2490</a> &#8230;4}
    <span class=sf-dump-index>729</span> => {<a class=sf-dump-ref>#2491</a> &#8230;4}
    <span class=sf-dump-index>730</span> => {<a class=sf-dump-ref>#2492</a> &#8230;4}
    <span class=sf-dump-index>731</span> => {<a class=sf-dump-ref>#2493</a> &#8230;4}
    <span class=sf-dump-index>732</span> => {<a class=sf-dump-ref>#2494</a> &#8230;4}
    <span class=sf-dump-index>733</span> => {<a class=sf-dump-ref>#2495</a> &#8230;4}
    <span class=sf-dump-index>734</span> => {<a class=sf-dump-ref>#2496</a> &#8230;4}
    <span class=sf-dump-index>735</span> => {<a class=sf-dump-ref>#2497</a> &#8230;4}
    <span class=sf-dump-index>736</span> => {<a class=sf-dump-ref>#2498</a> &#8230;4}
    <span class=sf-dump-index>737</span> => {<a class=sf-dump-ref>#2499</a> &#8230;4}
    <span class=sf-dump-index>738</span> => {<a class=sf-dump-ref>#2500</a> &#8230;4}
    <span class=sf-dump-index>739</span> => {<a class=sf-dump-ref>#2501</a> &#8230;4}
    <span class=sf-dump-index>740</span> => {<a class=sf-dump-ref>#2502</a> &#8230;4}
    <span class=sf-dump-index>741</span> => {<a class=sf-dump-ref>#2503</a> &#8230;4}
    <span class=sf-dump-index>742</span> => {<a class=sf-dump-ref>#2504</a> &#8230;4}
    <span class=sf-dump-index>743</span> => {<a class=sf-dump-ref>#2505</a> &#8230;4}
    <span class=sf-dump-index>744</span> => {<a class=sf-dump-ref>#2506</a> &#8230;4}
    <span class=sf-dump-index>745</span> => {<a class=sf-dump-ref>#2507</a> &#8230;4}
    <span class=sf-dump-index>746</span> => {<a class=sf-dump-ref>#2508</a> &#8230;4}
    <span class=sf-dump-index>747</span> => {<a class=sf-dump-ref>#2509</a> &#8230;4}
    <span class=sf-dump-index>748</span> => {<a class=sf-dump-ref>#2510</a> &#8230;4}
    <span class=sf-dump-index>749</span> => {<a class=sf-dump-ref>#2511</a> &#8230;4}
    <span class=sf-dump-index>750</span> => {<a class=sf-dump-ref>#2512</a> &#8230;4}
    <span class=sf-dump-index>751</span> => {<a class=sf-dump-ref>#2513</a> &#8230;4}
    <span class=sf-dump-index>752</span> => {<a class=sf-dump-ref>#2514</a> &#8230;4}
    <span class=sf-dump-index>753</span> => {<a class=sf-dump-ref>#2515</a> &#8230;4}
    <span class=sf-dump-index>754</span> => {<a class=sf-dump-ref>#2516</a> &#8230;4}
    <span class=sf-dump-index>755</span> => {<a class=sf-dump-ref>#2517</a> &#8230;4}
    <span class=sf-dump-index>756</span> => {<a class=sf-dump-ref>#2518</a> &#8230;4}
    <span class=sf-dump-index>757</span> => {<a class=sf-dump-ref>#2519</a> &#8230;4}
    <span class=sf-dump-index>758</span> => {<a class=sf-dump-ref>#2520</a> &#8230;4}
    <span class=sf-dump-index>759</span> => {<a class=sf-dump-ref>#2521</a> &#8230;4}
    <span class=sf-dump-index>760</span> => {<a class=sf-dump-ref>#2522</a> &#8230;4}
    <span class=sf-dump-index>761</span> => {<a class=sf-dump-ref>#2523</a> &#8230;4}
    <span class=sf-dump-index>762</span> => {<a class=sf-dump-ref>#2524</a> &#8230;4}
    <span class=sf-dump-index>763</span> => {<a class=sf-dump-ref>#2525</a> &#8230;4}
    <span class=sf-dump-index>764</span> => {<a class=sf-dump-ref>#2526</a> &#8230;4}
    <span class=sf-dump-index>765</span> => {<a class=sf-dump-ref>#2527</a> &#8230;4}
    <span class=sf-dump-index>766</span> => {<a class=sf-dump-ref>#2528</a> &#8230;4}
    <span class=sf-dump-index>767</span> => {<a class=sf-dump-ref>#2529</a> &#8230;4}
    <span class=sf-dump-index>768</span> => {<a class=sf-dump-ref>#2530</a> &#8230;4}
    <span class=sf-dump-index>769</span> => {<a class=sf-dump-ref>#2531</a> &#8230;4}
    <span class=sf-dump-index>770</span> => {<a class=sf-dump-ref>#2532</a> &#8230;4}
    <span class=sf-dump-index>771</span> => {<a class=sf-dump-ref>#2533</a> &#8230;4}
    <span class=sf-dump-index>772</span> => {<a class=sf-dump-ref>#2534</a> &#8230;4}
    <span class=sf-dump-index>773</span> => {<a class=sf-dump-ref>#2535</a> &#8230;4}
    <span class=sf-dump-index>774</span> => {<a class=sf-dump-ref>#2536</a> &#8230;4}
    <span class=sf-dump-index>775</span> => {<a class=sf-dump-ref>#2537</a> &#8230;4}
    <span class=sf-dump-index>776</span> => {<a class=sf-dump-ref>#2538</a> &#8230;4}
    <span class=sf-dump-index>777</span> => {<a class=sf-dump-ref>#2539</a> &#8230;4}
    <span class=sf-dump-index>778</span> => {<a class=sf-dump-ref>#2540</a> &#8230;4}
    <span class=sf-dump-index>779</span> => {<a class=sf-dump-ref>#2541</a> &#8230;4}
    <span class=sf-dump-index>780</span> => {<a class=sf-dump-ref>#2542</a> &#8230;4}
    <span class=sf-dump-index>781</span> => {<a class=sf-dump-ref>#2543</a> &#8230;4}
    <span class=sf-dump-index>782</span> => {<a class=sf-dump-ref>#2544</a> &#8230;4}
    <span class=sf-dump-index>783</span> => {<a class=sf-dump-ref>#2545</a> &#8230;4}
    <span class=sf-dump-index>784</span> => {<a class=sf-dump-ref>#2546</a> &#8230;4}
    <span class=sf-dump-index>785</span> => {<a class=sf-dump-ref>#2547</a> &#8230;4}
    <span class=sf-dump-index>786</span> => {<a class=sf-dump-ref>#2548</a> &#8230;4}
    <span class=sf-dump-index>787</span> => {<a class=sf-dump-ref>#2549</a> &#8230;4}
    <span class=sf-dump-index>788</span> => {<a class=sf-dump-ref>#2550</a> &#8230;4}
    <span class=sf-dump-index>789</span> => {<a class=sf-dump-ref>#2551</a> &#8230;4}
    <span class=sf-dump-index>790</span> => {<a class=sf-dump-ref>#2552</a> &#8230;4}
    <span class=sf-dump-index>791</span> => {<a class=sf-dump-ref>#2553</a> &#8230;4}
    <span class=sf-dump-index>792</span> => {<a class=sf-dump-ref>#2554</a> &#8230;4}
    <span class=sf-dump-index>793</span> => {<a class=sf-dump-ref>#2555</a> &#8230;4}
    <span class=sf-dump-index>794</span> => {<a class=sf-dump-ref>#2556</a> &#8230;4}
    <span class=sf-dump-index>795</span> => {<a class=sf-dump-ref>#2557</a> &#8230;4}
    <span class=sf-dump-index>796</span> => {<a class=sf-dump-ref>#2558</a> &#8230;4}
    <span class=sf-dump-index>797</span> => {<a class=sf-dump-ref>#2559</a> &#8230;4}
    <span class=sf-dump-index>798</span> => {<a class=sf-dump-ref>#2560</a> &#8230;4}
    <span class=sf-dump-index>799</span> => {<a class=sf-dump-ref>#2561</a> &#8230;4}
    <span class=sf-dump-index>800</span> => {<a class=sf-dump-ref>#2562</a> &#8230;4}
    <span class=sf-dump-index>801</span> => {<a class=sf-dump-ref>#2563</a> &#8230;4}
    <span class=sf-dump-index>802</span> => {<a class=sf-dump-ref>#2564</a> &#8230;4}
    <span class=sf-dump-index>803</span> => {<a class=sf-dump-ref>#2565</a> &#8230;4}
    <span class=sf-dump-index>804</span> => {<a class=sf-dump-ref>#2566</a> &#8230;4}
    <span class=sf-dump-index>805</span> => {<a class=sf-dump-ref>#2567</a> &#8230;4}
    <span class=sf-dump-index>806</span> => {<a class=sf-dump-ref>#2568</a> &#8230;4}
    <span class=sf-dump-index>807</span> => {<a class=sf-dump-ref>#2569</a> &#8230;4}
    <span class=sf-dump-index>808</span> => {<a class=sf-dump-ref>#2570</a> &#8230;4}
    <span class=sf-dump-index>809</span> => {<a class=sf-dump-ref>#2571</a> &#8230;4}
    <span class=sf-dump-index>810</span> => {<a class=sf-dump-ref>#2572</a> &#8230;4}
    <span class=sf-dump-index>811</span> => {<a class=sf-dump-ref>#2573</a> &#8230;4}
    <span class=sf-dump-index>812</span> => {<a class=sf-dump-ref>#2574</a> &#8230;4}
    <span class=sf-dump-index>813</span> => {<a class=sf-dump-ref>#2575</a> &#8230;4}
    <span class=sf-dump-index>814</span> => {<a class=sf-dump-ref>#2576</a> &#8230;4}
    <span class=sf-dump-index>815</span> => {<a class=sf-dump-ref>#2577</a> &#8230;4}
    <span class=sf-dump-index>816</span> => {<a class=sf-dump-ref>#2578</a> &#8230;4}
    <span class=sf-dump-index>817</span> => {<a class=sf-dump-ref>#2579</a> &#8230;4}
    <span class=sf-dump-index>818</span> => {<a class=sf-dump-ref>#2580</a> &#8230;4}
    <span class=sf-dump-index>819</span> => {<a class=sf-dump-ref>#2581</a> &#8230;4}
    <span class=sf-dump-index>820</span> => {<a class=sf-dump-ref>#2582</a> &#8230;4}
    <span class=sf-dump-index>821</span> => {<a class=sf-dump-ref>#2583</a> &#8230;4}
    <span class=sf-dump-index>822</span> => {<a class=sf-dump-ref>#2584</a> &#8230;4}
    <span class=sf-dump-index>823</span> => {<a class=sf-dump-ref>#2585</a> &#8230;4}
    <span class=sf-dump-index>824</span> => {<a class=sf-dump-ref>#2586</a> &#8230;4}
    <span class=sf-dump-index>825</span> => {<a class=sf-dump-ref>#2587</a> &#8230;4}
    <span class=sf-dump-index>826</span> => {<a class=sf-dump-ref>#2588</a> &#8230;4}
    <span class=sf-dump-index>827</span> => {<a class=sf-dump-ref>#2589</a> &#8230;4}
    <span class=sf-dump-index>828</span> => {<a class=sf-dump-ref>#2590</a> &#8230;4}
    <span class=sf-dump-index>829</span> => {<a class=sf-dump-ref>#2591</a> &#8230;4}
    <span class=sf-dump-index>830</span> => {<a class=sf-dump-ref>#2592</a> &#8230;4}
    <span class=sf-dump-index>831</span> => {<a class=sf-dump-ref>#2593</a> &#8230;4}
    <span class=sf-dump-index>832</span> => {<a class=sf-dump-ref>#2594</a> &#8230;4}
    <span class=sf-dump-index>833</span> => {<a class=sf-dump-ref>#2595</a> &#8230;4}
    <span class=sf-dump-index>834</span> => {<a class=sf-dump-ref>#2596</a> &#8230;4}
    <span class=sf-dump-index>835</span> => {<a class=sf-dump-ref>#2597</a> &#8230;4}
    <span class=sf-dump-index>836</span> => {<a class=sf-dump-ref>#2598</a> &#8230;4}
    <span class=sf-dump-index>837</span> => {<a class=sf-dump-ref>#2599</a> &#8230;4}
    <span class=sf-dump-index>838</span> => {<a class=sf-dump-ref>#2600</a> &#8230;4}
    <span class=sf-dump-index>839</span> => {<a class=sf-dump-ref>#2601</a> &#8230;4}
    <span class=sf-dump-index>840</span> => {<a class=sf-dump-ref>#2602</a> &#8230;4}
    <span class=sf-dump-index>841</span> => {<a class=sf-dump-ref>#2603</a> &#8230;4}
    <span class=sf-dump-index>842</span> => {<a class=sf-dump-ref>#2604</a> &#8230;4}
    <span class=sf-dump-index>843</span> => {<a class=sf-dump-ref>#2605</a> &#8230;4}
    <span class=sf-dump-index>844</span> => {<a class=sf-dump-ref>#2606</a> &#8230;4}
    <span class=sf-dump-index>845</span> => {<a class=sf-dump-ref>#2607</a> &#8230;4}
    <span class=sf-dump-index>846</span> => {<a class=sf-dump-ref>#2608</a> &#8230;4}
    <span class=sf-dump-index>847</span> => {<a class=sf-dump-ref>#2609</a> &#8230;4}
    <span class=sf-dump-index>848</span> => {<a class=sf-dump-ref>#2610</a> &#8230;4}
    <span class=sf-dump-index>849</span> => {<a class=sf-dump-ref>#2611</a> &#8230;4}
    <span class=sf-dump-index>850</span> => {<a class=sf-dump-ref>#2612</a> &#8230;4}
    <span class=sf-dump-index>851</span> => {<a class=sf-dump-ref>#2613</a> &#8230;4}
    <span class=sf-dump-index>852</span> => {<a class=sf-dump-ref>#2614</a> &#8230;4}
    <span class=sf-dump-index>853</span> => {<a class=sf-dump-ref>#2615</a> &#8230;4}
    <span class=sf-dump-index>854</span> => {<a class=sf-dump-ref>#2616</a> &#8230;4}
    <span class=sf-dump-index>855</span> => {<a class=sf-dump-ref>#2617</a> &#8230;4}
    <span class=sf-dump-index>856</span> => {<a class=sf-dump-ref>#2618</a> &#8230;4}
    <span class=sf-dump-index>857</span> => {<a class=sf-dump-ref>#2619</a> &#8230;4}
    <span class=sf-dump-index>858</span> => {<a class=sf-dump-ref>#2620</a> &#8230;4}
    <span class=sf-dump-index>859</span> => {<a class=sf-dump-ref>#2621</a> &#8230;4}
    <span class=sf-dump-index>860</span> => {<a class=sf-dump-ref>#2622</a> &#8230;4}
    <span class=sf-dump-index>861</span> => {<a class=sf-dump-ref>#2623</a> &#8230;4}
    <span class=sf-dump-index>862</span> => {<a class=sf-dump-ref>#2624</a> &#8230;4}
    <span class=sf-dump-index>863</span> => {<a class=sf-dump-ref>#2625</a> &#8230;4}
    <span class=sf-dump-index>864</span> => {<a class=sf-dump-ref>#2626</a> &#8230;4}
    <span class=sf-dump-index>865</span> => {<a class=sf-dump-ref>#2627</a> &#8230;4}
    <span class=sf-dump-index>866</span> => {<a class=sf-dump-ref>#2628</a> &#8230;4}
    <span class=sf-dump-index>867</span> => {<a class=sf-dump-ref>#2629</a> &#8230;4}
    <span class=sf-dump-index>868</span> => {<a class=sf-dump-ref>#2630</a> &#8230;4}
    <span class=sf-dump-index>869</span> => {<a class=sf-dump-ref>#2631</a> &#8230;4}
    <span class=sf-dump-index>870</span> => {<a class=sf-dump-ref>#2632</a> &#8230;4}
    <span class=sf-dump-index>871</span> => {<a class=sf-dump-ref>#2633</a> &#8230;4}
    <span class=sf-dump-index>872</span> => {<a class=sf-dump-ref>#2634</a> &#8230;4}
    <span class=sf-dump-index>873</span> => {<a class=sf-dump-ref>#2635</a> &#8230;4}
    <span class=sf-dump-index>874</span> => {<a class=sf-dump-ref>#2636</a> &#8230;4}
    <span class=sf-dump-index>875</span> => {<a class=sf-dump-ref>#2637</a> &#8230;4}
    <span class=sf-dump-index>876</span> => {<a class=sf-dump-ref>#2638</a> &#8230;4}
    <span class=sf-dump-index>877</span> => {<a class=sf-dump-ref>#2639</a> &#8230;4}
    <span class=sf-dump-index>878</span> => {<a class=sf-dump-ref>#2640</a> &#8230;4}
    <span class=sf-dump-index>879</span> => {<a class=sf-dump-ref>#2641</a> &#8230;4}
    <span class=sf-dump-index>880</span> => {<a class=sf-dump-ref>#2642</a> &#8230;4}
    <span class=sf-dump-index>881</span> => {<a class=sf-dump-ref>#2643</a> &#8230;4}
    <span class=sf-dump-index>882</span> => {<a class=sf-dump-ref>#2644</a> &#8230;4}
    <span class=sf-dump-index>883</span> => {<a class=sf-dump-ref>#2645</a> &#8230;4}
    <span class=sf-dump-index>884</span> => {<a class=sf-dump-ref>#2646</a> &#8230;4}
    <span class=sf-dump-index>885</span> => {<a class=sf-dump-ref>#2647</a> &#8230;4}
    <span class=sf-dump-index>886</span> => {<a class=sf-dump-ref>#2648</a> &#8230;4}
    <span class=sf-dump-index>887</span> => {<a class=sf-dump-ref>#2649</a> &#8230;4}
    <span class=sf-dump-index>888</span> => {<a class=sf-dump-ref>#2650</a> &#8230;4}
    <span class=sf-dump-index>889</span> => {<a class=sf-dump-ref>#2651</a> &#8230;4}
    <span class=sf-dump-index>890</span> => {<a class=sf-dump-ref>#2652</a> &#8230;4}
    <span class=sf-dump-index>891</span> => {<a class=sf-dump-ref>#2653</a> &#8230;4}
    <span class=sf-dump-index>892</span> => {<a class=sf-dump-ref>#2654</a> &#8230;4}
    <span class=sf-dump-index>893</span> => {<a class=sf-dump-ref>#2655</a> &#8230;4}
    <span class=sf-dump-index>894</span> => {<a class=sf-dump-ref>#2656</a> &#8230;4}
    <span class=sf-dump-index>895</span> => {<a class=sf-dump-ref>#2657</a> &#8230;4}
    <span class=sf-dump-index>896</span> => {<a class=sf-dump-ref>#2658</a> &#8230;4}
    <span class=sf-dump-index>897</span> => {<a class=sf-dump-ref>#2659</a> &#8230;4}
    <span class=sf-dump-index>898</span> => {<a class=sf-dump-ref>#2660</a> &#8230;4}
    <span class=sf-dump-index>899</span> => {<a class=sf-dump-ref>#2661</a> &#8230;4}
    <span class=sf-dump-index>900</span> => {<a class=sf-dump-ref>#2662</a> &#8230;4}
    <span class=sf-dump-index>901</span> => {<a class=sf-dump-ref>#2663</a> &#8230;4}
    <span class=sf-dump-index>902</span> => {<a class=sf-dump-ref>#2664</a> &#8230;4}
    <span class=sf-dump-index>903</span> => {<a class=sf-dump-ref>#2665</a> &#8230;4}
    <span class=sf-dump-index>904</span> => {<a class=sf-dump-ref>#2666</a> &#8230;4}
    <span class=sf-dump-index>905</span> => {<a class=sf-dump-ref>#2667</a> &#8230;4}
    <span class=sf-dump-index>906</span> => {<a class=sf-dump-ref>#2668</a> &#8230;4}
    <span class=sf-dump-index>907</span> => {<a class=sf-dump-ref>#2669</a> &#8230;4}
    <span class=sf-dump-index>908</span> => {<a class=sf-dump-ref>#2670</a> &#8230;4}
    <span class=sf-dump-index>909</span> => {<a class=sf-dump-ref>#2671</a> &#8230;4}
    <span class=sf-dump-index>910</span> => {<a class=sf-dump-ref>#2672</a> &#8230;4}
    <span class=sf-dump-index>911</span> => {<a class=sf-dump-ref>#2673</a> &#8230;4}
    <span class=sf-dump-index>912</span> => {<a class=sf-dump-ref>#2674</a> &#8230;4}
    <span class=sf-dump-index>913</span> => {<a class=sf-dump-ref>#2675</a> &#8230;4}
    <span class=sf-dump-index>914</span> => {<a class=sf-dump-ref>#2676</a> &#8230;4}
    <span class=sf-dump-index>915</span> => {<a class=sf-dump-ref>#2677</a> &#8230;4}
    <span class=sf-dump-index>916</span> => {<a class=sf-dump-ref>#2678</a> &#8230;4}
    <span class=sf-dump-index>917</span> => {<a class=sf-dump-ref>#2679</a> &#8230;4}
    <span class=sf-dump-index>918</span> => {<a class=sf-dump-ref>#2680</a> &#8230;4}
    <span class=sf-dump-index>919</span> => {<a class=sf-dump-ref>#2681</a> &#8230;4}
    <span class=sf-dump-index>920</span> => {<a class=sf-dump-ref>#2682</a> &#8230;4}
    <span class=sf-dump-index>921</span> => {<a class=sf-dump-ref>#2683</a> &#8230;4}
    <span class=sf-dump-index>922</span> => {<a class=sf-dump-ref>#2684</a> &#8230;4}
    <span class=sf-dump-index>923</span> => {<a class=sf-dump-ref>#2685</a> &#8230;4}
    <span class=sf-dump-index>924</span> => {<a class=sf-dump-ref>#2686</a> &#8230;4}
    <span class=sf-dump-index>925</span> => {<a class=sf-dump-ref>#2687</a> &#8230;4}
    <span class=sf-dump-index>926</span> => {<a class=sf-dump-ref>#2688</a> &#8230;4}
    <span class=sf-dump-index>927</span> => {<a class=sf-dump-ref>#2689</a> &#8230;4}
    <span class=sf-dump-index>928</span> => {<a class=sf-dump-ref>#2690</a> &#8230;4}
    <span class=sf-dump-index>929</span> => {<a class=sf-dump-ref>#2691</a> &#8230;4}
    <span class=sf-dump-index>930</span> => {<a class=sf-dump-ref>#2692</a> &#8230;4}
    <span class=sf-dump-index>931</span> => {<a class=sf-dump-ref>#2693</a> &#8230;4}
    <span class=sf-dump-index>932</span> => {<a class=sf-dump-ref>#2694</a> &#8230;4}
    <span class=sf-dump-index>933</span> => {<a class=sf-dump-ref>#2695</a> &#8230;4}
    <span class=sf-dump-index>934</span> => {<a class=sf-dump-ref>#2696</a> &#8230;4}
    <span class=sf-dump-index>935</span> => {<a class=sf-dump-ref>#2697</a> &#8230;4}
    <span class=sf-dump-index>936</span> => {<a class=sf-dump-ref>#2698</a> &#8230;4}
    <span class=sf-dump-index>937</span> => {<a class=sf-dump-ref>#2699</a> &#8230;4}
    <span class=sf-dump-index>938</span> => {<a class=sf-dump-ref>#2700</a> &#8230;4}
    <span class=sf-dump-index>939</span> => {<a class=sf-dump-ref>#2701</a> &#8230;4}
    <span class=sf-dump-index>940</span> => {<a class=sf-dump-ref>#2702</a> &#8230;4}
    <span class=sf-dump-index>941</span> => {<a class=sf-dump-ref>#2703</a> &#8230;4}
    <span class=sf-dump-index>942</span> => {<a class=sf-dump-ref>#2704</a> &#8230;4}
    <span class=sf-dump-index>943</span> => {<a class=sf-dump-ref>#2705</a> &#8230;4}
    <span class=sf-dump-index>944</span> => {<a class=sf-dump-ref>#2706</a> &#8230;4}
    <span class=sf-dump-index>945</span> => {<a class=sf-dump-ref>#2707</a> &#8230;4}
    <span class=sf-dump-index>946</span> => {<a class=sf-dump-ref>#2708</a> &#8230;4}
    <span class=sf-dump-index>947</span> => {<a class=sf-dump-ref>#2709</a> &#8230;4}
    <span class=sf-dump-index>948</span> => {<a class=sf-dump-ref>#2710</a> &#8230;4}
    <span class=sf-dump-index>949</span> => {<a class=sf-dump-ref>#2711</a> &#8230;4}
    <span class=sf-dump-index>950</span> => {<a class=sf-dump-ref>#2712</a> &#8230;4}
    <span class=sf-dump-index>951</span> => {<a class=sf-dump-ref>#2713</a> &#8230;4}
    <span class=sf-dump-index>952</span> => {<a class=sf-dump-ref>#2714</a> &#8230;4}
    <span class=sf-dump-index>953</span> => {<a class=sf-dump-ref>#2715</a> &#8230;4}
    <span class=sf-dump-index>954</span> => {<a class=sf-dump-ref>#2716</a> &#8230;4}
    <span class=sf-dump-index>955</span> => {<a class=sf-dump-ref>#2717</a> &#8230;4}
    <span class=sf-dump-index>956</span> => {<a class=sf-dump-ref>#2718</a> &#8230;4}
    <span class=sf-dump-index>957</span> => {<a class=sf-dump-ref>#2719</a> &#8230;4}
    <span class=sf-dump-index>958</span> => {<a class=sf-dump-ref>#2720</a> &#8230;4}
    <span class=sf-dump-index>959</span> => {<a class=sf-dump-ref>#2721</a> &#8230;4}
    <span class=sf-dump-index>960</span> => {<a class=sf-dump-ref>#2722</a> &#8230;4}
    <span class=sf-dump-index>961</span> => {<a class=sf-dump-ref>#2723</a> &#8230;4}
    <span class=sf-dump-index>962</span> => {<a class=sf-dump-ref>#2724</a> &#8230;4}
    <span class=sf-dump-index>963</span> => {<a class=sf-dump-ref>#2725</a> &#8230;4}
    <span class=sf-dump-index>964</span> => {<a class=sf-dump-ref>#2726</a> &#8230;4}
    <span class=sf-dump-index>965</span> => {<a class=sf-dump-ref>#2727</a> &#8230;4}
    <span class=sf-dump-index>966</span> => {<a class=sf-dump-ref>#2728</a> &#8230;4}
    <span class=sf-dump-index>967</span> => {<a class=sf-dump-ref>#2729</a> &#8230;4}
    <span class=sf-dump-index>968</span> => {<a class=sf-dump-ref>#2730</a> &#8230;4}
    <span class=sf-dump-index>969</span> => {<a class=sf-dump-ref>#2731</a> &#8230;4}
    <span class=sf-dump-index>970</span> => {<a class=sf-dump-ref>#2732</a> &#8230;4}
    <span class=sf-dump-index>971</span> => {<a class=sf-dump-ref>#2733</a> &#8230;4}
    <span class=sf-dump-index>972</span> => {<a class=sf-dump-ref>#2734</a> &#8230;4}
    <span class=sf-dump-index>973</span> => {<a class=sf-dump-ref>#2735</a> &#8230;4}
    <span class=sf-dump-index>974</span> => {<a class=sf-dump-ref>#2736</a> &#8230;4}
    <span class=sf-dump-index>975</span> => {<a class=sf-dump-ref>#2737</a> &#8230;4}
    <span class=sf-dump-index>976</span> => {<a class=sf-dump-ref>#2738</a> &#8230;4}
    <span class=sf-dump-index>977</span> => {<a class=sf-dump-ref>#2739</a> &#8230;4}
    <span class=sf-dump-index>978</span> => {<a class=sf-dump-ref>#2740</a> &#8230;4}
    <span class=sf-dump-index>979</span> => {<a class=sf-dump-ref>#2741</a> &#8230;4}
    <span class=sf-dump-index>980</span> => {<a class=sf-dump-ref>#2742</a> &#8230;4}
    <span class=sf-dump-index>981</span> => {<a class=sf-dump-ref>#2743</a> &#8230;4}
    <span class=sf-dump-index>982</span> => {<a class=sf-dump-ref>#2744</a> &#8230;4}
    <span class=sf-dump-index>983</span> => {<a class=sf-dump-ref>#2745</a> &#8230;4}
    <span class=sf-dump-index>984</span> => {<a class=sf-dump-ref>#2746</a> &#8230;4}
    <span class=sf-dump-index>985</span> => {<a class=sf-dump-ref>#2747</a> &#8230;4}
    <span class=sf-dump-index>986</span> => {<a class=sf-dump-ref>#2748</a> &#8230;4}
    <span class=sf-dump-index>987</span> => {<a class=sf-dump-ref>#2749</a> &#8230;4}
    <span class=sf-dump-index>988</span> => {<a class=sf-dump-ref>#2750</a> &#8230;4}
    <span class=sf-dump-index>989</span> => {<a class=sf-dump-ref>#2751</a> &#8230;4}
    <span class=sf-dump-index>990</span> => {<a class=sf-dump-ref>#2752</a> &#8230;4}
    <span class=sf-dump-index>991</span> => {<a class=sf-dump-ref>#2753</a> &#8230;4}
    <span class=sf-dump-index>992</span> => {<a class=sf-dump-ref>#2754</a> &#8230;4}
    <span class=sf-dump-index>993</span> => {<a class=sf-dump-ref>#2755</a> &#8230;4}
    <span class=sf-dump-index>994</span> => {<a class=sf-dump-ref>#2756</a> &#8230;4}
    <span class=sf-dump-index>995</span> => {<a class=sf-dump-ref>#2757</a> &#8230;4}
    <span class=sf-dump-index>996</span> => {<a class=sf-dump-ref>#2758</a> &#8230;4}
    <span class=sf-dump-index>997</span> => {<a class=sf-dump-ref>#2759</a> &#8230;4}
    <span class=sf-dump-index>998</span> => {<a class=sf-dump-ref>#2760</a> &#8230;4}
    <span class=sf-dump-index>999</span> => {<a class=sf-dump-ref>#2761</a> &#8230;4}
    <span class=sf-dump-index>1000</span> => {<a class=sf-dump-ref>#2762</a> &#8230;4}
    <span class=sf-dump-index>1001</span> => {<a class=sf-dump-ref>#2763</a> &#8230;4}
    <span class=sf-dump-index>1002</span> => {<a class=sf-dump-ref>#2764</a> &#8230;4}
    <span class=sf-dump-index>1003</span> => {<a class=sf-dump-ref>#2765</a> &#8230;4}
    <span class=sf-dump-index>1004</span> => {<a class=sf-dump-ref>#2766</a> &#8230;4}
    <span class=sf-dump-index>1005</span> => {<a class=sf-dump-ref>#2767</a> &#8230;4}
    <span class=sf-dump-index>1006</span> => {<a class=sf-dump-ref>#2768</a> &#8230;4}
    <span class=sf-dump-index>1007</span> => {<a class=sf-dump-ref>#2769</a> &#8230;4}
    <span class=sf-dump-index>1008</span> => {<a class=sf-dump-ref>#2770</a> &#8230;4}
    <span class=sf-dump-index>1009</span> => {<a class=sf-dump-ref>#2771</a> &#8230;4}
    <span class=sf-dump-index>1010</span> => {<a class=sf-dump-ref>#2772</a> &#8230;4}
    <span class=sf-dump-index>1011</span> => {<a class=sf-dump-ref>#2773</a> &#8230;4}
    <span class=sf-dump-index>1012</span> => {<a class=sf-dump-ref>#2774</a> &#8230;4}
    <span class=sf-dump-index>1013</span> => {<a class=sf-dump-ref>#2775</a> &#8230;4}
    <span class=sf-dump-index>1014</span> => {<a class=sf-dump-ref>#2776</a> &#8230;4}
    <span class=sf-dump-index>1015</span> => {<a class=sf-dump-ref>#2777</a> &#8230;4}
    <span class=sf-dump-index>1016</span> => {<a class=sf-dump-ref>#2778</a> &#8230;4}
    <span class=sf-dump-index>1017</span> => {<a class=sf-dump-ref>#2779</a> &#8230;4}
    <span class=sf-dump-index>1018</span> => {<a class=sf-dump-ref>#2780</a> &#8230;4}
    <span class=sf-dump-index>1019</span> => {<a class=sf-dump-ref>#2781</a> &#8230;4}
    <span class=sf-dump-index>1020</span> => {<a class=sf-dump-ref>#2782</a> &#8230;4}
    <span class=sf-dump-index>1021</span> => {<a class=sf-dump-ref>#2783</a> &#8230;4}
    <span class=sf-dump-index>1022</span> => {<a class=sf-dump-ref>#2784</a> &#8230;4}
    <span class=sf-dump-index>1023</span> => {<a class=sf-dump-ref>#2785</a> &#8230;4}
    <span class=sf-dump-index>1024</span> => {<a class=sf-dump-ref>#2786</a> &#8230;4}
    <span class=sf-dump-index>1025</span> => {<a class=sf-dump-ref>#2787</a> &#8230;4}
    <span class=sf-dump-index>1026</span> => {<a class=sf-dump-ref>#2788</a> &#8230;4}
    <span class=sf-dump-index>1027</span> => {<a class=sf-dump-ref>#2789</a> &#8230;4}
    <span class=sf-dump-index>1028</span> => {<a class=sf-dump-ref>#2790</a> &#8230;4}
    <span class=sf-dump-index>1029</span> => {<a class=sf-dump-ref>#2791</a> &#8230;4}
    <span class=sf-dump-index>1030</span> => {<a class=sf-dump-ref>#2792</a> &#8230;4}
    <span class=sf-dump-index>1031</span> => {<a class=sf-dump-ref>#2793</a> &#8230;4}
    <span class=sf-dump-index>1032</span> => {<a class=sf-dump-ref>#2794</a> &#8230;4}
    <span class=sf-dump-index>1033</span> => {<a class=sf-dump-ref>#2795</a> &#8230;4}
    <span class=sf-dump-index>1034</span> => {<a class=sf-dump-ref>#2796</a> &#8230;4}
    <span class=sf-dump-index>1035</span> => {<a class=sf-dump-ref>#2797</a> &#8230;4}
    <span class=sf-dump-index>1036</span> => {<a class=sf-dump-ref>#2798</a> &#8230;4}
    <span class=sf-dump-index>1037</span> => {<a class=sf-dump-ref>#2799</a> &#8230;4}
    <span class=sf-dump-index>1038</span> => {<a class=sf-dump-ref>#2800</a> &#8230;4}
    <span class=sf-dump-index>1039</span> => {<a class=sf-dump-ref>#2801</a> &#8230;4}
    <span class=sf-dump-index>1040</span> => {<a class=sf-dump-ref>#2802</a> &#8230;4}
    <span class=sf-dump-index>1041</span> => {<a class=sf-dump-ref>#2803</a> &#8230;4}
    <span class=sf-dump-index>1042</span> => {<a class=sf-dump-ref>#2804</a> &#8230;4}
    <span class=sf-dump-index>1043</span> => {<a class=sf-dump-ref>#2805</a> &#8230;4}
    <span class=sf-dump-index>1044</span> => {<a class=sf-dump-ref>#2806</a> &#8230;4}
    <span class=sf-dump-index>1045</span> => {<a class=sf-dump-ref>#2807</a> &#8230;4}
    <span class=sf-dump-index>1046</span> => {<a class=sf-dump-ref>#2808</a> &#8230;4}
    <span class=sf-dump-index>1047</span> => {<a class=sf-dump-ref>#2809</a> &#8230;4}
    <span class=sf-dump-index>1048</span> => {<a class=sf-dump-ref>#2810</a> &#8230;4}
    <span class=sf-dump-index>1049</span> => {<a class=sf-dump-ref>#2811</a> &#8230;4}
    <span class=sf-dump-index>1050</span> => {<a class=sf-dump-ref>#2812</a> &#8230;4}
    <span class=sf-dump-index>1051</span> => {<a class=sf-dump-ref>#2813</a> &#8230;4}
    <span class=sf-dump-index>1052</span> => {<a class=sf-dump-ref>#2814</a> &#8230;4}
    <span class=sf-dump-index>1053</span> => {<a class=sf-dump-ref>#2815</a> &#8230;4}
    <span class=sf-dump-index>1054</span> => {<a class=sf-dump-ref>#2816</a> &#8230;4}
    <span class=sf-dump-index>1055</span> => {<a class=sf-dump-ref>#2817</a> &#8230;4}
    <span class=sf-dump-index>1056</span> => {<a class=sf-dump-ref>#2818</a> &#8230;4}
    <span class=sf-dump-index>1057</span> => {<a class=sf-dump-ref>#2819</a> &#8230;4}
    <span class=sf-dump-index>1058</span> => {<a class=sf-dump-ref>#2820</a> &#8230;4}
    <span class=sf-dump-index>1059</span> => {<a class=sf-dump-ref>#2821</a> &#8230;4}
    <span class=sf-dump-index>1060</span> => {<a class=sf-dump-ref>#2822</a> &#8230;4}
    <span class=sf-dump-index>1061</span> => {<a class=sf-dump-ref>#2823</a> &#8230;4}
    <span class=sf-dump-index>1062</span> => {<a class=sf-dump-ref>#2824</a> &#8230;4}
    <span class=sf-dump-index>1063</span> => {<a class=sf-dump-ref>#2825</a> &#8230;4}
    <span class=sf-dump-index>1064</span> => {<a class=sf-dump-ref>#2826</a> &#8230;4}
    <span class=sf-dump-index>1065</span> => {<a class=sf-dump-ref>#2827</a> &#8230;4}
    <span class=sf-dump-index>1066</span> => {<a class=sf-dump-ref>#2828</a> &#8230;4}
    <span class=sf-dump-index>1067</span> => {<a class=sf-dump-ref>#2829</a> &#8230;4}
    <span class=sf-dump-index>1068</span> => {<a class=sf-dump-ref>#2830</a> &#8230;4}
    <span class=sf-dump-index>1069</span> => {<a class=sf-dump-ref>#2831</a> &#8230;4}
    <span class=sf-dump-index>1070</span> => {<a class=sf-dump-ref>#2832</a> &#8230;4}
    <span class=sf-dump-index>1071</span> => {<a class=sf-dump-ref>#2833</a> &#8230;4}
    <span class=sf-dump-index>1072</span> => {<a class=sf-dump-ref>#2834</a> &#8230;4}
    <span class=sf-dump-index>1073</span> => {<a class=sf-dump-ref>#2835</a> &#8230;4}
    <span class=sf-dump-index>1074</span> => {<a class=sf-dump-ref>#2836</a> &#8230;4}
    <span class=sf-dump-index>1075</span> => {<a class=sf-dump-ref>#2837</a> &#8230;4}
    <span class=sf-dump-index>1076</span> => {<a class=sf-dump-ref>#2838</a> &#8230;4}
    <span class=sf-dump-index>1077</span> => {<a class=sf-dump-ref>#2839</a> &#8230;4}
    <span class=sf-dump-index>1078</span> => {<a class=sf-dump-ref>#2840</a> &#8230;4}
    <span class=sf-dump-index>1079</span> => {<a class=sf-dump-ref>#2841</a> &#8230;4}
    <span class=sf-dump-index>1080</span> => {<a class=sf-dump-ref>#2842</a> &#8230;4}
    <span class=sf-dump-index>1081</span> => {<a class=sf-dump-ref>#2843</a> &#8230;4}
    <span class=sf-dump-index>1082</span> => {<a class=sf-dump-ref>#2844</a> &#8230;4}
    <span class=sf-dump-index>1083</span> => {<a class=sf-dump-ref>#2845</a> &#8230;4}
    <span class=sf-dump-index>1084</span> => {<a class=sf-dump-ref>#2846</a> &#8230;4}
    <span class=sf-dump-index>1085</span> => {<a class=sf-dump-ref>#2847</a> &#8230;4}
    <span class=sf-dump-index>1086</span> => {<a class=sf-dump-ref>#2848</a> &#8230;4}
    <span class=sf-dump-index>1087</span> => {<a class=sf-dump-ref>#2849</a> &#8230;4}
    <span class=sf-dump-index>1088</span> => {<a class=sf-dump-ref>#2850</a> &#8230;4}
    <span class=sf-dump-index>1089</span> => {<a class=sf-dump-ref>#2851</a> &#8230;4}
    <span class=sf-dump-index>1090</span> => {<a class=sf-dump-ref>#2852</a> &#8230;4}
    <span class=sf-dump-index>1091</span> => {<a class=sf-dump-ref>#2853</a> &#8230;4}
    <span class=sf-dump-index>1092</span> => {<a class=sf-dump-ref>#2854</a> &#8230;4}
    <span class=sf-dump-index>1093</span> => {<a class=sf-dump-ref>#2855</a> &#8230;4}
    <span class=sf-dump-index>1094</span> => {<a class=sf-dump-ref>#2856</a> &#8230;4}
    <span class=sf-dump-index>1095</span> => {<a class=sf-dump-ref>#2857</a> &#8230;4}
    <span class=sf-dump-index>1096</span> => {<a class=sf-dump-ref>#2858</a> &#8230;4}
    <span class=sf-dump-index>1097</span> => {<a class=sf-dump-ref>#2859</a> &#8230;4}
    <span class=sf-dump-index>1098</span> => {<a class=sf-dump-ref>#2860</a> &#8230;4}
    <span class=sf-dump-index>1099</span> => {<a class=sf-dump-ref>#2861</a> &#8230;4}
    <span class=sf-dump-index>1100</span> => {<a class=sf-dump-ref>#2862</a> &#8230;4}
    <span class=sf-dump-index>1101</span> => {<a class=sf-dump-ref>#2863</a> &#8230;4}
    <span class=sf-dump-index>1102</span> => {<a class=sf-dump-ref>#2864</a> &#8230;4}
    <span class=sf-dump-index>1103</span> => {<a class=sf-dump-ref>#2865</a> &#8230;4}
    <span class=sf-dump-index>1104</span> => {<a class=sf-dump-ref>#2866</a> &#8230;4}
    <span class=sf-dump-index>1105</span> => {<a class=sf-dump-ref>#2867</a> &#8230;4}
    <span class=sf-dump-index>1106</span> => {<a class=sf-dump-ref>#2868</a> &#8230;4}
    <span class=sf-dump-index>1107</span> => {<a class=sf-dump-ref>#2869</a> &#8230;4}
    <span class=sf-dump-index>1108</span> => {<a class=sf-dump-ref>#2870</a> &#8230;4}
    <span class=sf-dump-index>1109</span> => {<a class=sf-dump-ref>#2871</a> &#8230;4}
    <span class=sf-dump-index>1110</span> => {<a class=sf-dump-ref>#2872</a> &#8230;4}
    <span class=sf-dump-index>1111</span> => {<a class=sf-dump-ref>#2873</a> &#8230;4}
    <span class=sf-dump-index>1112</span> => {<a class=sf-dump-ref>#2874</a> &#8230;4}
    <span class=sf-dump-index>1113</span> => {<a class=sf-dump-ref>#2875</a> &#8230;4}
    <span class=sf-dump-index>1114</span> => {<a class=sf-dump-ref>#2876</a> &#8230;4}
    <span class=sf-dump-index>1115</span> => {<a class=sf-dump-ref>#2877</a> &#8230;4}
    <span class=sf-dump-index>1116</span> => {<a class=sf-dump-ref>#2878</a> &#8230;4}
    <span class=sf-dump-index>1117</span> => {<a class=sf-dump-ref>#2879</a> &#8230;4}
    <span class=sf-dump-index>1118</span> => {<a class=sf-dump-ref>#2880</a> &#8230;4}
    <span class=sf-dump-index>1119</span> => {<a class=sf-dump-ref>#2881</a> &#8230;4}
    <span class=sf-dump-index>1120</span> => {<a class=sf-dump-ref>#2882</a> &#8230;4}
    <span class=sf-dump-index>1121</span> => {<a class=sf-dump-ref>#2883</a> &#8230;4}
    <span class=sf-dump-index>1122</span> => {<a class=sf-dump-ref>#2884</a> &#8230;4}
    <span class=sf-dump-index>1123</span> => {<a class=sf-dump-ref>#2885</a> &#8230;4}
    <span class=sf-dump-index>1124</span> => {<a class=sf-dump-ref>#2886</a> &#8230;4}
    <span class=sf-dump-index>1125</span> => {<a class=sf-dump-ref>#2887</a> &#8230;4}
    <span class=sf-dump-index>1126</span> => {<a class=sf-dump-ref>#2888</a> &#8230;4}
    <span class=sf-dump-index>1127</span> => {<a class=sf-dump-ref>#2889</a> &#8230;4}
    <span class=sf-dump-index>1128</span> => {<a class=sf-dump-ref>#2890</a> &#8230;4}
    <span class=sf-dump-index>1129</span> => {<a class=sf-dump-ref>#2891</a> &#8230;4}
    <span class=sf-dump-index>1130</span> => {<a class=sf-dump-ref>#2892</a> &#8230;4}
    <span class=sf-dump-index>1131</span> => {<a class=sf-dump-ref>#2893</a> &#8230;4}
    <span class=sf-dump-index>1132</span> => {<a class=sf-dump-ref>#2894</a> &#8230;4}
    <span class=sf-dump-index>1133</span> => {<a class=sf-dump-ref>#2895</a> &#8230;4}
    <span class=sf-dump-index>1134</span> => {<a class=sf-dump-ref>#2896</a> &#8230;4}
    <span class=sf-dump-index>1135</span> => {<a class=sf-dump-ref>#2897</a> &#8230;4}
    <span class=sf-dump-index>1136</span> => {<a class=sf-dump-ref>#2898</a> &#8230;4}
    <span class=sf-dump-index>1137</span> => {<a class=sf-dump-ref>#2899</a> &#8230;4}
    <span class=sf-dump-index>1138</span> => {<a class=sf-dump-ref>#2900</a> &#8230;4}
    <span class=sf-dump-index>1139</span> => {<a class=sf-dump-ref>#2901</a> &#8230;4}
    <span class=sf-dump-index>1140</span> => {<a class=sf-dump-ref>#2902</a> &#8230;4}
    <span class=sf-dump-index>1141</span> => {<a class=sf-dump-ref>#2903</a> &#8230;4}
    <span class=sf-dump-index>1142</span> => {<a class=sf-dump-ref>#2904</a> &#8230;4}
    <span class=sf-dump-index>1143</span> => {<a class=sf-dump-ref>#2905</a> &#8230;4}
    <span class=sf-dump-index>1144</span> => {<a class=sf-dump-ref>#2906</a> &#8230;4}
    <span class=sf-dump-index>1145</span> => {<a class=sf-dump-ref>#2907</a> &#8230;4}
    <span class=sf-dump-index>1146</span> => {<a class=sf-dump-ref>#2908</a> &#8230;4}
    <span class=sf-dump-index>1147</span> => {<a class=sf-dump-ref>#2909</a> &#8230;4}
    <span class=sf-dump-index>1148</span> => {<a class=sf-dump-ref>#2910</a> &#8230;4}
    <span class=sf-dump-index>1149</span> => {<a class=sf-dump-ref>#2911</a> &#8230;4}
    <span class=sf-dump-index>1150</span> => {<a class=sf-dump-ref>#2912</a> &#8230;4}
    <span class=sf-dump-index>1151</span> => {<a class=sf-dump-ref>#2913</a> &#8230;4}
    <span class=sf-dump-index>1152</span> => {<a class=sf-dump-ref>#2914</a> &#8230;4}
    <span class=sf-dump-index>1153</span> => {<a class=sf-dump-ref>#2915</a> &#8230;4}
    <span class=sf-dump-index>1154</span> => {<a class=sf-dump-ref>#2916</a> &#8230;4}
    <span class=sf-dump-index>1155</span> => {<a class=sf-dump-ref>#2917</a> &#8230;4}
    <span class=sf-dump-index>1156</span> => {<a class=sf-dump-ref>#2918</a> &#8230;4}
    <span class=sf-dump-index>1157</span> => {<a class=sf-dump-ref>#2919</a> &#8230;4}
    <span class=sf-dump-index>1158</span> => {<a class=sf-dump-ref>#2920</a> &#8230;4}
    <span class=sf-dump-index>1159</span> => {<a class=sf-dump-ref>#2921</a> &#8230;4}
    <span class=sf-dump-index>1160</span> => {<a class=sf-dump-ref>#2922</a> &#8230;4}
    <span class=sf-dump-index>1161</span> => {<a class=sf-dump-ref>#2923</a> &#8230;4}
    <span class=sf-dump-index>1162</span> => {<a class=sf-dump-ref>#2924</a> &#8230;4}
    <span class=sf-dump-index>1163</span> => {<a class=sf-dump-ref>#2925</a> &#8230;4}
    <span class=sf-dump-index>1164</span> => {<a class=sf-dump-ref>#2926</a> &#8230;4}
    <span class=sf-dump-index>1165</span> => {<a class=sf-dump-ref>#2927</a> &#8230;4}
    <span class=sf-dump-index>1166</span> => {<a class=sf-dump-ref>#2928</a> &#8230;4}
    <span class=sf-dump-index>1167</span> => {<a class=sf-dump-ref>#2929</a> &#8230;4}
    <span class=sf-dump-index>1168</span> => {<a class=sf-dump-ref>#2930</a> &#8230;4}
    <span class=sf-dump-index>1169</span> => {<a class=sf-dump-ref>#2931</a> &#8230;4}
    <span class=sf-dump-index>1170</span> => {<a class=sf-dump-ref>#2932</a> &#8230;4}
    <span class=sf-dump-index>1171</span> => {<a class=sf-dump-ref>#2933</a> &#8230;4}
    <span class=sf-dump-index>1172</span> => {<a class=sf-dump-ref>#2934</a> &#8230;4}
    <span class=sf-dump-index>1173</span> => {<a class=sf-dump-ref>#2935</a> &#8230;4}
    <span class=sf-dump-index>1174</span> => {<a class=sf-dump-ref>#2936</a> &#8230;4}
    <span class=sf-dump-index>1175</span> => {<a class=sf-dump-ref>#2937</a> &#8230;4}
    <span class=sf-dump-index>1176</span> => {<a class=sf-dump-ref>#2938</a> &#8230;4}
    <span class=sf-dump-index>1177</span> => {<a class=sf-dump-ref>#2939</a> &#8230;4}
    <span class=sf-dump-index>1178</span> => {<a class=sf-dump-ref>#2940</a> &#8230;4}
    <span class=sf-dump-index>1179</span> => {<a class=sf-dump-ref>#2941</a> &#8230;4}
    <span class=sf-dump-index>1180</span> => {<a class=sf-dump-ref>#2942</a> &#8230;4}
    <span class=sf-dump-index>1181</span> => {<a class=sf-dump-ref>#2943</a> &#8230;4}
    <span class=sf-dump-index>1182</span> => {<a class=sf-dump-ref>#2944</a> &#8230;4}
    <span class=sf-dump-index>1183</span> => {<a class=sf-dump-ref>#2945</a> &#8230;4}
    <span class=sf-dump-index>1184</span> => {<a class=sf-dump-ref>#2946</a> &#8230;4}
    <span class=sf-dump-index>1185</span> => {<a class=sf-dump-ref>#2947</a> &#8230;4}
    <span class=sf-dump-index>1186</span> => {<a class=sf-dump-ref>#2948</a> &#8230;4}
    <span class=sf-dump-index>1187</span> => {<a class=sf-dump-ref>#2949</a> &#8230;4}
    <span class=sf-dump-index>1188</span> => {<a class=sf-dump-ref>#2950</a> &#8230;4}
    <span class=sf-dump-index>1189</span> => {<a class=sf-dump-ref>#2951</a> &#8230;4}
    <span class=sf-dump-index>1190</span> => {<a class=sf-dump-ref>#2952</a> &#8230;4}
    <span class=sf-dump-index>1191</span> => {<a class=sf-dump-ref>#2953</a> &#8230;4}
    <span class=sf-dump-index>1192</span> => {<a class=sf-dump-ref>#2954</a> &#8230;4}
    <span class=sf-dump-index>1193</span> => {<a class=sf-dump-ref>#2955</a> &#8230;4}
    <span class=sf-dump-index>1194</span> => {<a class=sf-dump-ref>#2956</a> &#8230;4}
    <span class=sf-dump-index>1195</span> => {<a class=sf-dump-ref>#2957</a> &#8230;4}
    <span class=sf-dump-index>1196</span> => {<a class=sf-dump-ref>#2958</a> &#8230;4}
    <span class=sf-dump-index>1197</span> => {<a class=sf-dump-ref>#2959</a> &#8230;4}
    <span class=sf-dump-index>1198</span> => {<a class=sf-dump-ref>#2960</a> &#8230;4}
    <span class=sf-dump-index>1199</span> => {<a class=sf-dump-ref>#2961</a> &#8230;4}
    <span class=sf-dump-index>1200</span> => {<a class=sf-dump-ref>#2962</a> &#8230;4}
    <span class=sf-dump-index>1201</span> => {<a class=sf-dump-ref>#2963</a> &#8230;4}
    <span class=sf-dump-index>1202</span> => {<a class=sf-dump-ref>#2964</a> &#8230;4}
    <span class=sf-dump-index>1203</span> => {<a class=sf-dump-ref>#2965</a> &#8230;4}
    <span class=sf-dump-index>1204</span> => {<a class=sf-dump-ref>#2966</a> &#8230;4}
    <span class=sf-dump-index>1205</span> => {<a class=sf-dump-ref>#2967</a> &#8230;4}
    <span class=sf-dump-index>1206</span> => {<a class=sf-dump-ref>#2968</a> &#8230;4}
    <span class=sf-dump-index>1207</span> => {<a class=sf-dump-ref>#2969</a> &#8230;4}
    <span class=sf-dump-index>1208</span> => {<a class=sf-dump-ref>#2970</a> &#8230;4}
    <span class=sf-dump-index>1209</span> => {<a class=sf-dump-ref>#2971</a> &#8230;4}
    <span class=sf-dump-index>1210</span> => {<a class=sf-dump-ref>#2972</a> &#8230;4}
    <span class=sf-dump-index>1211</span> => {<a class=sf-dump-ref>#2973</a> &#8230;4}
    <span class=sf-dump-index>1212</span> => {<a class=sf-dump-ref>#2974</a> &#8230;4}
    <span class=sf-dump-index>1213</span> => {<a class=sf-dump-ref>#2975</a> &#8230;4}
    <span class=sf-dump-index>1214</span> => {<a class=sf-dump-ref>#2976</a> &#8230;4}
    <span class=sf-dump-index>1215</span> => {<a class=sf-dump-ref>#2977</a> &#8230;4}
    <span class=sf-dump-index>1216</span> => {<a class=sf-dump-ref>#2978</a> &#8230;4}
    <span class=sf-dump-index>1217</span> => {<a class=sf-dump-ref>#2979</a> &#8230;4}
    <span class=sf-dump-index>1218</span> => {<a class=sf-dump-ref>#2980</a> &#8230;4}
    <span class=sf-dump-index>1219</span> => {<a class=sf-dump-ref>#2981</a> &#8230;4}
    <span class=sf-dump-index>1220</span> => {<a class=sf-dump-ref>#2982</a> &#8230;4}
    <span class=sf-dump-index>1221</span> => {<a class=sf-dump-ref>#2983</a> &#8230;4}
    <span class=sf-dump-index>1222</span> => {<a class=sf-dump-ref>#2984</a> &#8230;4}
    <span class=sf-dump-index>1223</span> => {<a class=sf-dump-ref>#2985</a> &#8230;4}
    <span class=sf-dump-index>1224</span> => {<a class=sf-dump-ref>#2986</a> &#8230;4}
    <span class=sf-dump-index>1225</span> => {<a class=sf-dump-ref>#2987</a> &#8230;4}
    <span class=sf-dump-index>1226</span> => {<a class=sf-dump-ref>#2988</a> &#8230;4}
    <span class=sf-dump-index>1227</span> => {<a class=sf-dump-ref>#2989</a> &#8230;4}
    <span class=sf-dump-index>1228</span> => {<a class=sf-dump-ref>#2990</a> &#8230;4}
    <span class=sf-dump-index>1229</span> => {<a class=sf-dump-ref>#2991</a> &#8230;4}
    <span class=sf-dump-index>1230</span> => {<a class=sf-dump-ref>#2992</a> &#8230;4}
    <span class=sf-dump-index>1231</span> => {<a class=sf-dump-ref>#2993</a> &#8230;4}
    <span class=sf-dump-index>1232</span> => {<a class=sf-dump-ref>#2994</a> &#8230;4}
    <span class=sf-dump-index>1233</span> => {<a class=sf-dump-ref>#2995</a> &#8230;4}
    <span class=sf-dump-index>1234</span> => {<a class=sf-dump-ref>#2996</a> &#8230;4}
    <span class=sf-dump-index>1235</span> => {<a class=sf-dump-ref>#2997</a> &#8230;4}
    <span class=sf-dump-index>1236</span> => {<a class=sf-dump-ref>#2998</a> &#8230;4}
    <span class=sf-dump-index>1237</span> => {<a class=sf-dump-ref>#2999</a> &#8230;4}
    <span class=sf-dump-index>1238</span> => {<a class=sf-dump-ref>#3000</a> &#8230;4}
    <span class=sf-dump-index>1239</span> => {<a class=sf-dump-ref>#3001</a> &#8230;4}
    <span class=sf-dump-index>1240</span> => {<a class=sf-dump-ref>#3002</a> &#8230;4}
    <span class=sf-dump-index>1241</span> => {<a class=sf-dump-ref>#3003</a> &#8230;4}
    <span class=sf-dump-index>1242</span> => {<a class=sf-dump-ref>#3004</a> &#8230;4}
    <span class=sf-dump-index>1243</span> => {<a class=sf-dump-ref>#3005</a> &#8230;4}
    <span class=sf-dump-index>1244</span> => {<a class=sf-dump-ref>#3006</a> &#8230;4}
    <span class=sf-dump-index>1245</span> => {<a class=sf-dump-ref>#3007</a> &#8230;4}
    <span class=sf-dump-index>1246</span> => {<a class=sf-dump-ref>#3008</a> &#8230;4}
    <span class=sf-dump-index>1247</span> => {<a class=sf-dump-ref>#3009</a> &#8230;4}
    <span class=sf-dump-index>1248</span> => {<a class=sf-dump-ref>#3010</a> &#8230;4}
    <span class=sf-dump-index>1249</span> => {<a class=sf-dump-ref>#3011</a> &#8230;4}
    <span class=sf-dump-index>1250</span> => {<a class=sf-dump-ref>#3012</a> &#8230;4}
    <span class=sf-dump-index>1251</span> => {<a class=sf-dump-ref>#3013</a> &#8230;4}
    <span class=sf-dump-index>1252</span> => {<a class=sf-dump-ref>#3014</a> &#8230;4}
    <span class=sf-dump-index>1253</span> => {<a class=sf-dump-ref>#3015</a> &#8230;4}
    <span class=sf-dump-index>1254</span> => {<a class=sf-dump-ref>#3016</a> &#8230;4}
    <span class=sf-dump-index>1255</span> => {<a class=sf-dump-ref>#3017</a> &#8230;4}
    <span class=sf-dump-index>1256</span> => {<a class=sf-dump-ref>#3018</a> &#8230;4}
    <span class=sf-dump-index>1257</span> => {<a class=sf-dump-ref>#3019</a> &#8230;4}
    <span class=sf-dump-index>1258</span> => {<a class=sf-dump-ref>#3020</a> &#8230;4}
    <span class=sf-dump-index>1259</span> => {<a class=sf-dump-ref>#3021</a> &#8230;4}
    <span class=sf-dump-index>1260</span> => {<a class=sf-dump-ref>#3022</a> &#8230;4}
    <span class=sf-dump-index>1261</span> => {<a class=sf-dump-ref>#3023</a> &#8230;4}
    <span class=sf-dump-index>1262</span> => {<a class=sf-dump-ref>#3024</a> &#8230;4}
    <span class=sf-dump-index>1263</span> => {<a class=sf-dump-ref>#3025</a> &#8230;4}
    <span class=sf-dump-index>1264</span> => {<a class=sf-dump-ref>#3026</a> &#8230;4}
    <span class=sf-dump-index>1265</span> => {<a class=sf-dump-ref>#3027</a> &#8230;4}
    <span class=sf-dump-index>1266</span> => {<a class=sf-dump-ref>#3028</a> &#8230;4}
    <span class=sf-dump-index>1267</span> => {<a class=sf-dump-ref>#3029</a> &#8230;4}
    <span class=sf-dump-index>1268</span> => {<a class=sf-dump-ref>#3030</a> &#8230;4}
    <span class=sf-dump-index>1269</span> => {<a class=sf-dump-ref>#3031</a> &#8230;4}
    <span class=sf-dump-index>1270</span> => {<a class=sf-dump-ref>#3032</a> &#8230;4}
    <span class=sf-dump-index>1271</span> => {<a class=sf-dump-ref>#3033</a> &#8230;4}
    <span class=sf-dump-index>1272</span> => {<a class=sf-dump-ref>#3034</a> &#8230;4}
    <span class=sf-dump-index>1273</span> => {<a class=sf-dump-ref>#3035</a> &#8230;4}
    <span class=sf-dump-index>1274</span> => {<a class=sf-dump-ref>#3036</a> &#8230;4}
    <span class=sf-dump-index>1275</span> => {<a class=sf-dump-ref>#3037</a> &#8230;4}
    <span class=sf-dump-index>1276</span> => {<a class=sf-dump-ref>#3038</a> &#8230;4}
    <span class=sf-dump-index>1277</span> => {<a class=sf-dump-ref>#3039</a> &#8230;4}
    <span class=sf-dump-index>1278</span> => {<a class=sf-dump-ref>#3040</a> &#8230;4}
    <span class=sf-dump-index>1279</span> => {<a class=sf-dump-ref>#3041</a> &#8230;4}
    <span class=sf-dump-index>1280</span> => {<a class=sf-dump-ref>#3042</a> &#8230;4}
    <span class=sf-dump-index>1281</span> => {<a class=sf-dump-ref>#3043</a> &#8230;4}
    <span class=sf-dump-index>1282</span> => {<a class=sf-dump-ref>#3044</a> &#8230;4}
    <span class=sf-dump-index>1283</span> => {<a class=sf-dump-ref>#3045</a> &#8230;4}
    <span class=sf-dump-index>1284</span> => {<a class=sf-dump-ref>#3046</a> &#8230;4}
    <span class=sf-dump-index>1285</span> => {<a class=sf-dump-ref>#3047</a> &#8230;4}
    <span class=sf-dump-index>1286</span> => {<a class=sf-dump-ref>#3048</a> &#8230;4}
    <span class=sf-dump-index>1287</span> => {<a class=sf-dump-ref>#3049</a> &#8230;4}
    <span class=sf-dump-index>1288</span> => {<a class=sf-dump-ref>#3050</a> &#8230;4}
    <span class=sf-dump-index>1289</span> => {<a class=sf-dump-ref>#3051</a> &#8230;4}
    <span class=sf-dump-index>1290</span> => {<a class=sf-dump-ref>#3052</a> &#8230;4}
    <span class=sf-dump-index>1291</span> => {<a class=sf-dump-ref>#3053</a> &#8230;4}
    <span class=sf-dump-index>1292</span> => {<a class=sf-dump-ref>#3054</a> &#8230;4}
    <span class=sf-dump-index>1293</span> => {<a class=sf-dump-ref>#3055</a> &#8230;4}
    <span class=sf-dump-index>1294</span> => {<a class=sf-dump-ref>#3056</a> &#8230;4}
    <span class=sf-dump-index>1295</span> => {<a class=sf-dump-ref>#3057</a> &#8230;4}
    <span class=sf-dump-index>1296</span> => {<a class=sf-dump-ref>#3058</a> &#8230;4}
    <span class=sf-dump-index>1297</span> => {<a class=sf-dump-ref>#3059</a> &#8230;4}
    <span class=sf-dump-index>1298</span> => {<a class=sf-dump-ref>#3060</a> &#8230;4}
    <span class=sf-dump-index>1299</span> => {<a class=sf-dump-ref>#3061</a> &#8230;4}
    <span class=sf-dump-index>1300</span> => {<a class=sf-dump-ref>#3062</a> &#8230;4}
    <span class=sf-dump-index>1301</span> => {<a class=sf-dump-ref>#3063</a> &#8230;4}
    <span class=sf-dump-index>1302</span> => {<a class=sf-dump-ref>#3064</a> &#8230;4}
    <span class=sf-dump-index>1303</span> => {<a class=sf-dump-ref>#3065</a> &#8230;4}
    <span class=sf-dump-index>1304</span> => {<a class=sf-dump-ref>#3066</a> &#8230;4}
    <span class=sf-dump-index>1305</span> => {<a class=sf-dump-ref>#3067</a> &#8230;4}
    <span class=sf-dump-index>1306</span> => {<a class=sf-dump-ref>#3068</a> &#8230;4}
    <span class=sf-dump-index>1307</span> => {<a class=sf-dump-ref>#3069</a> &#8230;4}
    <span class=sf-dump-index>1308</span> => {<a class=sf-dump-ref>#3070</a> &#8230;4}
    <span class=sf-dump-index>1309</span> => {<a class=sf-dump-ref>#3071</a> &#8230;4}
    <span class=sf-dump-index>1310</span> => {<a class=sf-dump-ref>#3072</a> &#8230;4}
    <span class=sf-dump-index>1311</span> => {<a class=sf-dump-ref>#3073</a> &#8230;4}
    <span class=sf-dump-index>1312</span> => {<a class=sf-dump-ref>#3074</a> &#8230;4}
    <span class=sf-dump-index>1313</span> => {<a class=sf-dump-ref>#3075</a> &#8230;4}
    <span class=sf-dump-index>1314</span> => {<a class=sf-dump-ref>#3076</a> &#8230;4}
    <span class=sf-dump-index>1315</span> => {<a class=sf-dump-ref>#3077</a> &#8230;4}
    <span class=sf-dump-index>1316</span> => {<a class=sf-dump-ref>#3078</a> &#8230;4}
    <span class=sf-dump-index>1317</span> => {<a class=sf-dump-ref>#3079</a> &#8230;4}
    <span class=sf-dump-index>1318</span> => {<a class=sf-dump-ref>#3080</a> &#8230;4}
    <span class=sf-dump-index>1319</span> => {<a class=sf-dump-ref>#3081</a> &#8230;4}
    <span class=sf-dump-index>1320</span> => {<a class=sf-dump-ref>#3082</a> &#8230;4}
    <span class=sf-dump-index>1321</span> => {<a class=sf-dump-ref>#3083</a> &#8230;4}
    <span class=sf-dump-index>1322</span> => {<a class=sf-dump-ref>#3084</a> &#8230;4}
    <span class=sf-dump-index>1323</span> => {<a class=sf-dump-ref>#3085</a> &#8230;4}
    <span class=sf-dump-index>1324</span> => {<a class=sf-dump-ref>#3086</a> &#8230;4}
    <span class=sf-dump-index>1325</span> => {<a class=sf-dump-ref>#3087</a> &#8230;4}
    <span class=sf-dump-index>1326</span> => {<a class=sf-dump-ref>#3088</a> &#8230;4}
    <span class=sf-dump-index>1327</span> => {<a class=sf-dump-ref>#3089</a> &#8230;4}
    <span class=sf-dump-index>1328</span> => {<a class=sf-dump-ref>#3090</a> &#8230;4}
    <span class=sf-dump-index>1329</span> => {<a class=sf-dump-ref>#3091</a> &#8230;4}
    <span class=sf-dump-index>1330</span> => {<a class=sf-dump-ref>#3092</a> &#8230;4}
    <span class=sf-dump-index>1331</span> => {<a class=sf-dump-ref>#3093</a> &#8230;4}
    <span class=sf-dump-index>1332</span> => {<a class=sf-dump-ref>#3094</a> &#8230;4}
    <span class=sf-dump-index>1333</span> => {<a class=sf-dump-ref>#3095</a> &#8230;4}
    <span class=sf-dump-index>1334</span> => {<a class=sf-dump-ref>#3096</a> &#8230;4}
    <span class=sf-dump-index>1335</span> => {<a class=sf-dump-ref>#3097</a> &#8230;4}
    <span class=sf-dump-index>1336</span> => {<a class=sf-dump-ref>#3098</a> &#8230;4}
    <span class=sf-dump-index>1337</span> => {<a class=sf-dump-ref>#3099</a> &#8230;4}
    <span class=sf-dump-index>1338</span> => {<a class=sf-dump-ref>#3100</a> &#8230;4}
    <span class=sf-dump-index>1339</span> => {<a class=sf-dump-ref>#3101</a> &#8230;4}
    <span class=sf-dump-index>1340</span> => {<a class=sf-dump-ref>#3102</a> &#8230;4}
    <span class=sf-dump-index>1341</span> => {<a class=sf-dump-ref>#3103</a> &#8230;4}
    <span class=sf-dump-index>1342</span> => {<a class=sf-dump-ref>#3104</a> &#8230;4}
    <span class=sf-dump-index>1343</span> => {<a class=sf-dump-ref>#3105</a> &#8230;4}
    <span class=sf-dump-index>1344</span> => {<a class=sf-dump-ref>#3106</a> &#8230;4}
    <span class=sf-dump-index>1345</span> => {<a class=sf-dump-ref>#3107</a> &#8230;4}
    <span class=sf-dump-index>1346</span> => {<a class=sf-dump-ref>#3108</a> &#8230;4}
    <span class=sf-dump-index>1347</span> => {<a class=sf-dump-ref>#3109</a> &#8230;4}
    <span class=sf-dump-index>1348</span> => {<a class=sf-dump-ref>#3110</a> &#8230;4}
    <span class=sf-dump-index>1349</span> => {<a class=sf-dump-ref>#3111</a> &#8230;4}
    <span class=sf-dump-index>1350</span> => {<a class=sf-dump-ref>#3112</a> &#8230;4}
    <span class=sf-dump-index>1351</span> => {<a class=sf-dump-ref>#3113</a> &#8230;4}
    <span class=sf-dump-index>1352</span> => {<a class=sf-dump-ref>#3114</a> &#8230;4}
    <span class=sf-dump-index>1353</span> => {<a class=sf-dump-ref>#3115</a> &#8230;4}
    <span class=sf-dump-index>1354</span> => {<a class=sf-dump-ref>#3116</a> &#8230;4}
    <span class=sf-dump-index>1355</span> => {<a class=sf-dump-ref>#3117</a> &#8230;4}
    <span class=sf-dump-index>1356</span> => {<a class=sf-dump-ref>#3118</a> &#8230;4}
    <span class=sf-dump-index>1357</span> => {<a class=sf-dump-ref>#3119</a> &#8230;4}
    <span class=sf-dump-index>1358</span> => {<a class=sf-dump-ref>#3120</a> &#8230;4}
    <span class=sf-dump-index>1359</span> => {<a class=sf-dump-ref>#3121</a> &#8230;4}
    <span class=sf-dump-index>1360</span> => {<a class=sf-dump-ref>#3122</a> &#8230;4}
    <span class=sf-dump-index>1361</span> => {<a class=sf-dump-ref>#3123</a> &#8230;4}
    <span class=sf-dump-index>1362</span> => {<a class=sf-dump-ref>#3124</a> &#8230;4}
    <span class=sf-dump-index>1363</span> => {<a class=sf-dump-ref>#3125</a> &#8230;4}
    <span class=sf-dump-index>1364</span> => {<a class=sf-dump-ref>#3126</a> &#8230;4}
    <span class=sf-dump-index>1365</span> => {<a class=sf-dump-ref>#3127</a> &#8230;4}
    <span class=sf-dump-index>1366</span> => {<a class=sf-dump-ref>#3128</a> &#8230;4}
    <span class=sf-dump-index>1367</span> => {<a class=sf-dump-ref>#3129</a> &#8230;4}
    <span class=sf-dump-index>1368</span> => {<a class=sf-dump-ref>#3130</a> &#8230;4}
    <span class=sf-dump-index>1369</span> => {<a class=sf-dump-ref>#3131</a> &#8230;4}
    <span class=sf-dump-index>1370</span> => {<a class=sf-dump-ref>#3132</a> &#8230;4}
    <span class=sf-dump-index>1371</span> => {<a class=sf-dump-ref>#3133</a> &#8230;4}
    <span class=sf-dump-index>1372</span> => {<a class=sf-dump-ref>#3134</a> &#8230;4}
    <span class=sf-dump-index>1373</span> => {<a class=sf-dump-ref>#3135</a> &#8230;4}
    <span class=sf-dump-index>1374</span> => {<a class=sf-dump-ref>#3136</a> &#8230;4}
    <span class=sf-dump-index>1375</span> => {<a class=sf-dump-ref>#3137</a> &#8230;4}
    <span class=sf-dump-index>1376</span> => {<a class=sf-dump-ref>#3138</a> &#8230;4}
    <span class=sf-dump-index>1377</span> => {<a class=sf-dump-ref>#3139</a> &#8230;4}
    <span class=sf-dump-index>1378</span> => {<a class=sf-dump-ref>#3140</a> &#8230;4}
    <span class=sf-dump-index>1379</span> => {<a class=sf-dump-ref>#3141</a> &#8230;4}
    <span class=sf-dump-index>1380</span> => {<a class=sf-dump-ref>#3142</a> &#8230;4}
    <span class=sf-dump-index>1381</span> => {<a class=sf-dump-ref>#3143</a> &#8230;4}
    <span class=sf-dump-index>1382</span> => {<a class=sf-dump-ref>#3144</a> &#8230;4}
    <span class=sf-dump-index>1383</span> => {<a class=sf-dump-ref>#3145</a> &#8230;4}
    <span class=sf-dump-index>1384</span> => {<a class=sf-dump-ref>#3146</a> &#8230;4}
    <span class=sf-dump-index>1385</span> => {<a class=sf-dump-ref>#3147</a> &#8230;4}
    <span class=sf-dump-index>1386</span> => {<a class=sf-dump-ref>#3148</a> &#8230;4}
    <span class=sf-dump-index>1387</span> => {<a class=sf-dump-ref>#3149</a> &#8230;4}
    <span class=sf-dump-index>1388</span> => {<a class=sf-dump-ref>#3150</a> &#8230;4}
    <span class=sf-dump-index>1389</span> => {<a class=sf-dump-ref>#3151</a> &#8230;4}
    <span class=sf-dump-index>1390</span> => {<a class=sf-dump-ref>#3152</a> &#8230;4}
    <span class=sf-dump-index>1391</span> => {<a class=sf-dump-ref>#3153</a> &#8230;4}
    <span class=sf-dump-index>1392</span> => {<a class=sf-dump-ref>#3154</a> &#8230;4}
    <span class=sf-dump-index>1393</span> => {<a class=sf-dump-ref>#3155</a> &#8230;4}
    <span class=sf-dump-index>1394</span> => {<a class=sf-dump-ref>#3156</a> &#8230;4}
    <span class=sf-dump-index>1395</span> => {<a class=sf-dump-ref>#3157</a> &#8230;4}
    <span class=sf-dump-index>1396</span> => {<a class=sf-dump-ref>#3158</a> &#8230;4}
    <span class=sf-dump-index>1397</span> => {<a class=sf-dump-ref>#3159</a> &#8230;4}
    <span class=sf-dump-index>1398</span> => {<a class=sf-dump-ref>#3160</a> &#8230;4}
    <span class=sf-dump-index>1399</span> => {<a class=sf-dump-ref>#3161</a> &#8230;4}
    <span class=sf-dump-index>1400</span> => {<a class=sf-dump-ref>#3162</a> &#8230;4}
    <span class=sf-dump-index>1401</span> => {<a class=sf-dump-ref>#3163</a> &#8230;4}
    <span class=sf-dump-index>1402</span> => {<a class=sf-dump-ref>#3164</a> &#8230;4}
    <span class=sf-dump-index>1403</span> => {<a class=sf-dump-ref>#3165</a> &#8230;4}
    <span class=sf-dump-index>1404</span> => {<a class=sf-dump-ref>#3166</a> &#8230;4}
    <span class=sf-dump-index>1405</span> => {<a class=sf-dump-ref>#3167</a> &#8230;4}
    <span class=sf-dump-index>1406</span> => {<a class=sf-dump-ref>#3168</a> &#8230;4}
    <span class=sf-dump-index>1407</span> => {<a class=sf-dump-ref>#3169</a> &#8230;4}
    <span class=sf-dump-index>1408</span> => {<a class=sf-dump-ref>#3170</a> &#8230;4}
    <span class=sf-dump-index>1409</span> => {<a class=sf-dump-ref>#3171</a> &#8230;4}
    <span class=sf-dump-index>1410</span> => {<a class=sf-dump-ref>#3172</a> &#8230;4}
    <span class=sf-dump-index>1411</span> => {<a class=sf-dump-ref>#3173</a> &#8230;4}
    <span class=sf-dump-index>1412</span> => {<a class=sf-dump-ref>#3174</a> &#8230;4}
    <span class=sf-dump-index>1413</span> => {<a class=sf-dump-ref>#3175</a> &#8230;4}
    <span class=sf-dump-index>1414</span> => {<a class=sf-dump-ref>#3176</a> &#8230;4}
    <span class=sf-dump-index>1415</span> => {<a class=sf-dump-ref>#3177</a> &#8230;4}
    <span class=sf-dump-index>1416</span> => {<a class=sf-dump-ref>#3178</a> &#8230;4}
    <span class=sf-dump-index>1417</span> => {<a class=sf-dump-ref>#3179</a> &#8230;4}
    <span class=sf-dump-index>1418</span> => {<a class=sf-dump-ref>#3180</a> &#8230;4}
    <span class=sf-dump-index>1419</span> => {<a class=sf-dump-ref>#3181</a> &#8230;4}
    <span class=sf-dump-index>1420</span> => {<a class=sf-dump-ref>#3182</a> &#8230;4}
    <span class=sf-dump-index>1421</span> => {<a class=sf-dump-ref>#3183</a> &#8230;4}
    <span class=sf-dump-index>1422</span> => {<a class=sf-dump-ref>#3184</a> &#8230;4}
    <span class=sf-dump-index>1423</span> => {<a class=sf-dump-ref>#3185</a> &#8230;4}
    <span class=sf-dump-index>1424</span> => {<a class=sf-dump-ref>#3186</a> &#8230;4}
    <span class=sf-dump-index>1425</span> => {<a class=sf-dump-ref>#3187</a> &#8230;4}
    <span class=sf-dump-index>1426</span> => {<a class=sf-dump-ref>#3188</a> &#8230;4}
    <span class=sf-dump-index>1427</span> => {<a class=sf-dump-ref>#3189</a> &#8230;4}
    <span class=sf-dump-index>1428</span> => {<a class=sf-dump-ref>#3190</a> &#8230;4}
    <span class=sf-dump-index>1429</span> => {<a class=sf-dump-ref>#3191</a> &#8230;4}
    <span class=sf-dump-index>1430</span> => {<a class=sf-dump-ref>#3192</a> &#8230;4}
    <span class=sf-dump-index>1431</span> => {<a class=sf-dump-ref>#3193</a> &#8230;4}
    <span class=sf-dump-index>1432</span> => {<a class=sf-dump-ref>#3194</a> &#8230;4}
    <span class=sf-dump-index>1433</span> => {<a class=sf-dump-ref>#3195</a> &#8230;4}
    <span class=sf-dump-index>1434</span> => {<a class=sf-dump-ref>#3196</a> &#8230;4}
    <span class=sf-dump-index>1435</span> => {<a class=sf-dump-ref>#3197</a> &#8230;4}
    <span class=sf-dump-index>1436</span> => {<a class=sf-dump-ref>#3198</a> &#8230;4}
    <span class=sf-dump-index>1437</span> => {<a class=sf-dump-ref>#3199</a> &#8230;4}
    <span class=sf-dump-index>1438</span> => {<a class=sf-dump-ref>#3200</a> &#8230;4}
    <span class=sf-dump-index>1439</span> => {<a class=sf-dump-ref>#3201</a> &#8230;4}
    <span class=sf-dump-index>1440</span> => {<a class=sf-dump-ref>#3202</a> &#8230;4}
    <span class=sf-dump-index>1441</span> => {<a class=sf-dump-ref>#3203</a> &#8230;4}
    <span class=sf-dump-index>1442</span> => {<a class=sf-dump-ref>#3204</a> &#8230;4}
    <span class=sf-dump-index>1443</span> => {<a class=sf-dump-ref>#3205</a> &#8230;4}
    <span class=sf-dump-index>1444</span> => {<a class=sf-dump-ref>#3206</a> &#8230;4}
    <span class=sf-dump-index>1445</span> => {<a class=sf-dump-ref>#3207</a> &#8230;4}
    <span class=sf-dump-index>1446</span> => {<a class=sf-dump-ref>#3208</a> &#8230;4}
    <span class=sf-dump-index>1447</span> => {<a class=sf-dump-ref>#3209</a> &#8230;4}
    <span class=sf-dump-index>1448</span> => {<a class=sf-dump-ref>#3210</a> &#8230;4}
    <span class=sf-dump-index>1449</span> => {<a class=sf-dump-ref>#3211</a> &#8230;4}
    <span class=sf-dump-index>1450</span> => {<a class=sf-dump-ref>#3212</a> &#8230;4}
    <span class=sf-dump-index>1451</span> => {<a class=sf-dump-ref>#3213</a> &#8230;4}
    <span class=sf-dump-index>1452</span> => {<a class=sf-dump-ref>#3214</a> &#8230;4}
    <span class=sf-dump-index>1453</span> => {<a class=sf-dump-ref>#3215</a> &#8230;4}
    <span class=sf-dump-index>1454</span> => {<a class=sf-dump-ref>#3216</a> &#8230;4}
    <span class=sf-dump-index>1455</span> => {<a class=sf-dump-ref>#3217</a> &#8230;4}
    <span class=sf-dump-index>1456</span> => {<a class=sf-dump-ref>#3218</a> &#8230;4}
    <span class=sf-dump-index>1457</span> => {<a class=sf-dump-ref>#3219</a> &#8230;4}
    <span class=sf-dump-index>1458</span> => {<a class=sf-dump-ref>#3220</a> &#8230;4}
    <span class=sf-dump-index>1459</span> => {<a class=sf-dump-ref>#3221</a> &#8230;4}
    <span class=sf-dump-index>1460</span> => {<a class=sf-dump-ref>#3222</a> &#8230;4}
    <span class=sf-dump-index>1461</span> => {<a class=sf-dump-ref>#3223</a> &#8230;4}
    <span class=sf-dump-index>1462</span> => {<a class=sf-dump-ref>#3224</a> &#8230;4}
    <span class=sf-dump-index>1463</span> => {<a class=sf-dump-ref>#3225</a> &#8230;4}
    <span class=sf-dump-index>1464</span> => {<a class=sf-dump-ref>#3226</a> &#8230;4}
    <span class=sf-dump-index>1465</span> => {<a class=sf-dump-ref>#3227</a> &#8230;4}
    <span class=sf-dump-index>1466</span> => {<a class=sf-dump-ref>#3228</a> &#8230;4}
    <span class=sf-dump-index>1467</span> => {<a class=sf-dump-ref>#3229</a> &#8230;4}
    <span class=sf-dump-index>1468</span> => {<a class=sf-dump-ref>#3230</a> &#8230;4}
    <span class=sf-dump-index>1469</span> => {<a class=sf-dump-ref>#3231</a> &#8230;4}
    <span class=sf-dump-index>1470</span> => {<a class=sf-dump-ref>#3232</a> &#8230;4}
    <span class=sf-dump-index>1471</span> => {<a class=sf-dump-ref>#3233</a> &#8230;4}
    <span class=sf-dump-index>1472</span> => {<a class=sf-dump-ref>#3234</a> &#8230;4}
    <span class=sf-dump-index>1473</span> => {<a class=sf-dump-ref>#3235</a> &#8230;4}
    <span class=sf-dump-index>1474</span> => {<a class=sf-dump-ref>#3236</a> &#8230;4}
    <span class=sf-dump-index>1475</span> => {<a class=sf-dump-ref>#3237</a> &#8230;4}
    <span class=sf-dump-index>1476</span> => {<a class=sf-dump-ref>#3238</a> &#8230;4}
    <span class=sf-dump-index>1477</span> => {<a class=sf-dump-ref>#3239</a> &#8230;4}
    <span class=sf-dump-index>1478</span> => {<a class=sf-dump-ref>#3240</a> &#8230;4}
    <span class=sf-dump-index>1479</span> => {<a class=sf-dump-ref>#3241</a> &#8230;4}
    <span class=sf-dump-index>1480</span> => {<a class=sf-dump-ref>#3242</a> &#8230;4}
    <span class=sf-dump-index>1481</span> => {<a class=sf-dump-ref>#3243</a> &#8230;4}
    <span class=sf-dump-index>1482</span> => {<a class=sf-dump-ref>#3244</a> &#8230;4}
    <span class=sf-dump-index>1483</span> => {<a class=sf-dump-ref>#3245</a> &#8230;4}
    <span class=sf-dump-index>1484</span> => {<a class=sf-dump-ref>#3246</a> &#8230;4}
    <span class=sf-dump-index>1485</span> => {<a class=sf-dump-ref>#3247</a> &#8230;4}
    <span class=sf-dump-index>1486</span> => {<a class=sf-dump-ref>#3248</a> &#8230;4}
    <span class=sf-dump-index>1487</span> => {<a class=sf-dump-ref>#3249</a> &#8230;4}
    <span class=sf-dump-index>1488</span> => {<a class=sf-dump-ref>#3250</a> &#8230;4}
    <span class=sf-dump-index>1489</span> => {<a class=sf-dump-ref>#3251</a> &#8230;4}
    <span class=sf-dump-index>1490</span> => {<a class=sf-dump-ref>#3252</a> &#8230;4}
    <span class=sf-dump-index>1491</span> => {<a class=sf-dump-ref>#3253</a> &#8230;4}
    <span class=sf-dump-index>1492</span> => {<a class=sf-dump-ref>#3254</a> &#8230;4}
    <span class=sf-dump-index>1493</span> => {<a class=sf-dump-ref>#3255</a> &#8230;4}
    <span class=sf-dump-index>1494</span> => {<a class=sf-dump-ref>#3256</a> &#8230;4}
    <span class=sf-dump-index>1495</span> => {<a class=sf-dump-ref>#3257</a> &#8230;4}
    <span class=sf-dump-index>1496</span> => {<a class=sf-dump-ref>#3258</a> &#8230;4}
    <span class=sf-dump-index>1497</span> => {<a class=sf-dump-ref>#3259</a> &#8230;4}
    <span class=sf-dump-index>1498</span> => {<a class=sf-dump-ref>#3260</a> &#8230;4}
    <span class=sf-dump-index>1499</span> => {<a class=sf-dump-ref>#3261</a> &#8230;4}
    <span class=sf-dump-index>1500</span> => {<a class=sf-dump-ref>#3262</a> &#8230;4}
    <span class=sf-dump-index>1501</span> => {<a class=sf-dump-ref>#3263</a> &#8230;4}
    <span class=sf-dump-index>1502</span> => {<a class=sf-dump-ref>#3264</a> &#8230;4}
    <span class=sf-dump-index>1503</span> => {<a class=sf-dump-ref>#3265</a> &#8230;4}
    <span class=sf-dump-index>1504</span> => {<a class=sf-dump-ref>#3266</a> &#8230;4}
    <span class=sf-dump-index>1505</span> => {<a class=sf-dump-ref>#3267</a> &#8230;4}
    <span class=sf-dump-index>1506</span> => {<a class=sf-dump-ref>#3268</a> &#8230;4}
    <span class=sf-dump-index>1507</span> => {<a class=sf-dump-ref>#3269</a> &#8230;4}
    <span class=sf-dump-index>1508</span> => {<a class=sf-dump-ref>#3270</a> &#8230;4}
    <span class=sf-dump-index>1509</span> => {<a class=sf-dump-ref>#3271</a> &#8230;4}
    <span class=sf-dump-index>1510</span> => {<a class=sf-dump-ref>#3272</a> &#8230;4}
    <span class=sf-dump-index>1511</span> => {<a class=sf-dump-ref>#3273</a> &#8230;4}
    <span class=sf-dump-index>1512</span> => {<a class=sf-dump-ref>#3274</a> &#8230;4}
    <span class=sf-dump-index>1513</span> => {<a class=sf-dump-ref>#3275</a> &#8230;4}
    <span class=sf-dump-index>1514</span> => {<a class=sf-dump-ref>#3276</a> &#8230;4}
    <span class=sf-dump-index>1515</span> => {<a class=sf-dump-ref>#3277</a> &#8230;4}
    <span class=sf-dump-index>1516</span> => {<a class=sf-dump-ref>#3278</a> &#8230;4}
    <span class=sf-dump-index>1517</span> => {<a class=sf-dump-ref>#3279</a> &#8230;4}
    <span class=sf-dump-index>1518</span> => {<a class=sf-dump-ref>#3280</a> &#8230;4}
    <span class=sf-dump-index>1519</span> => {<a class=sf-dump-ref>#3281</a> &#8230;4}
    <span class=sf-dump-index>1520</span> => {<a class=sf-dump-ref>#3282</a> &#8230;4}
    <span class=sf-dump-index>1521</span> => {<a class=sf-dump-ref>#3283</a> &#8230;4}
    <span class=sf-dump-index>1522</span> => {<a class=sf-dump-ref>#3284</a> &#8230;4}
    <span class=sf-dump-index>1523</span> => {<a class=sf-dump-ref>#3285</a> &#8230;4}
    <span class=sf-dump-index>1524</span> => {<a class=sf-dump-ref>#3286</a> &#8230;4}
    <span class=sf-dump-index>1525</span> => {<a class=sf-dump-ref>#3287</a> &#8230;4}
    <span class=sf-dump-index>1526</span> => {<a class=sf-dump-ref>#3288</a> &#8230;4}
    <span class=sf-dump-index>1527</span> => {<a class=sf-dump-ref>#3289</a> &#8230;4}
    <span class=sf-dump-index>1528</span> => {<a class=sf-dump-ref>#3290</a> &#8230;4}
    <span class=sf-dump-index>1529</span> => {<a class=sf-dump-ref>#3291</a> &#8230;4}
    <span class=sf-dump-index>1530</span> => {<a class=sf-dump-ref>#3292</a> &#8230;4}
    <span class=sf-dump-index>1531</span> => {<a class=sf-dump-ref>#3293</a> &#8230;4}
    <span class=sf-dump-index>1532</span> => {<a class=sf-dump-ref>#3294</a> &#8230;4}
    <span class=sf-dump-index>1533</span> => {<a class=sf-dump-ref>#3295</a> &#8230;4}
    <span class=sf-dump-index>1534</span> => {<a class=sf-dump-ref>#3296</a> &#8230;4}
    <span class=sf-dump-index>1535</span> => {<a class=sf-dump-ref>#3297</a> &#8230;4}
    <span class=sf-dump-index>1536</span> => {<a class=sf-dump-ref>#3298</a> &#8230;4}
    <span class=sf-dump-index>1537</span> => {<a class=sf-dump-ref>#3299</a> &#8230;4}
    <span class=sf-dump-index>1538</span> => {<a class=sf-dump-ref>#3300</a> &#8230;4}
    <span class=sf-dump-index>1539</span> => {<a class=sf-dump-ref>#3301</a> &#8230;4}
    <span class=sf-dump-index>1540</span> => {<a class=sf-dump-ref>#3302</a> &#8230;4}
    <span class=sf-dump-index>1541</span> => {<a class=sf-dump-ref>#3303</a> &#8230;4}
    <span class=sf-dump-index>1542</span> => {<a class=sf-dump-ref>#3304</a> &#8230;4}
    <span class=sf-dump-index>1543</span> => {<a class=sf-dump-ref>#3305</a> &#8230;4}
    <span class=sf-dump-index>1544</span> => {<a class=sf-dump-ref>#3306</a> &#8230;4}
    <span class=sf-dump-index>1545</span> => {<a class=sf-dump-ref>#3307</a> &#8230;4}
    <span class=sf-dump-index>1546</span> => {<a class=sf-dump-ref>#3308</a> &#8230;4}
    <span class=sf-dump-index>1547</span> => {<a class=sf-dump-ref>#3309</a> &#8230;4}
    <span class=sf-dump-index>1548</span> => {<a class=sf-dump-ref>#3310</a> &#8230;4}
    <span class=sf-dump-index>1549</span> => {<a class=sf-dump-ref>#3311</a> &#8230;4}
    <span class=sf-dump-index>1550</span> => {<a class=sf-dump-ref>#3312</a> &#8230;4}
    <span class=sf-dump-index>1551</span> => {<a class=sf-dump-ref>#3313</a> &#8230;4}
    <span class=sf-dump-index>1552</span> => {<a class=sf-dump-ref>#3314</a> &#8230;4}
    <span class=sf-dump-index>1553</span> => {<a class=sf-dump-ref>#3315</a> &#8230;4}
    <span class=sf-dump-index>1554</span> => {<a class=sf-dump-ref>#3316</a> &#8230;4}
    <span class=sf-dump-index>1555</span> => {<a class=sf-dump-ref>#3317</a> &#8230;4}
    <span class=sf-dump-index>1556</span> => {<a class=sf-dump-ref>#3318</a> &#8230;4}
    <span class=sf-dump-index>1557</span> => {<a class=sf-dump-ref>#3319</a> &#8230;4}
    <span class=sf-dump-index>1558</span> => {<a class=sf-dump-ref>#3320</a> &#8230;4}
    <span class=sf-dump-index>1559</span> => {<a class=sf-dump-ref>#3321</a> &#8230;4}
    <span class=sf-dump-index>1560</span> => {<a class=sf-dump-ref>#3322</a> &#8230;4}
    <span class=sf-dump-index>1561</span> => {<a class=sf-dump-ref>#3323</a> &#8230;4}
    <span class=sf-dump-index>1562</span> => {<a class=sf-dump-ref>#3324</a> &#8230;4}
    <span class=sf-dump-index>1563</span> => {<a class=sf-dump-ref>#3325</a> &#8230;4}
    <span class=sf-dump-index>1564</span> => {<a class=sf-dump-ref>#3326</a> &#8230;4}
    <span class=sf-dump-index>1565</span> => {<a class=sf-dump-ref>#3327</a> &#8230;4}
    <span class=sf-dump-index>1566</span> => {<a class=sf-dump-ref>#3328</a> &#8230;4}
    <span class=sf-dump-index>1567</span> => {<a class=sf-dump-ref>#3329</a> &#8230;4}
    <span class=sf-dump-index>1568</span> => {<a class=sf-dump-ref>#3330</a> &#8230;4}
    <span class=sf-dump-index>1569</span> => {<a class=sf-dump-ref>#3331</a> &#8230;4}
    <span class=sf-dump-index>1570</span> => {<a class=sf-dump-ref>#3332</a> &#8230;4}
    <span class=sf-dump-index>1571</span> => {<a class=sf-dump-ref>#3333</a> &#8230;4}
    <span class=sf-dump-index>1572</span> => {<a class=sf-dump-ref>#3334</a> &#8230;4}
    <span class=sf-dump-index>1573</span> => {<a class=sf-dump-ref>#3335</a> &#8230;4}
    <span class=sf-dump-index>1574</span> => {<a class=sf-dump-ref>#3336</a> &#8230;4}
    <span class=sf-dump-index>1575</span> => {<a class=sf-dump-ref>#3337</a> &#8230;4}
    <span class=sf-dump-index>1576</span> => {<a class=sf-dump-ref>#3338</a> &#8230;4}
    <span class=sf-dump-index>1577</span> => {<a class=sf-dump-ref>#3339</a> &#8230;4}
    <span class=sf-dump-index>1578</span> => {<a class=sf-dump-ref>#3340</a> &#8230;4}
    <span class=sf-dump-index>1579</span> => {<a class=sf-dump-ref>#3341</a> &#8230;4}
    <span class=sf-dump-index>1580</span> => {<a class=sf-dump-ref>#3342</a> &#8230;4}
    <span class=sf-dump-index>1581</span> => {<a class=sf-dump-ref>#3343</a> &#8230;4}
    <span class=sf-dump-index>1582</span> => {<a class=sf-dump-ref>#3344</a> &#8230;4}
    <span class=sf-dump-index>1583</span> => {<a class=sf-dump-ref>#3345</a> &#8230;4}
    <span class=sf-dump-index>1584</span> => {<a class=sf-dump-ref>#3346</a> &#8230;4}
    <span class=sf-dump-index>1585</span> => {<a class=sf-dump-ref>#3347</a> &#8230;4}
    <span class=sf-dump-index>1586</span> => {<a class=sf-dump-ref>#3348</a> &#8230;4}
    <span class=sf-dump-index>1587</span> => {<a class=sf-dump-ref>#3349</a> &#8230;4}
    <span class=sf-dump-index>1588</span> => {<a class=sf-dump-ref>#3350</a> &#8230;4}
    <span class=sf-dump-index>1589</span> => {<a class=sf-dump-ref>#3351</a> &#8230;4}
    <span class=sf-dump-index>1590</span> => {<a class=sf-dump-ref>#3352</a> &#8230;4}
    <span class=sf-dump-index>1591</span> => {<a class=sf-dump-ref>#3353</a> &#8230;4}
    <span class=sf-dump-index>1592</span> => {<a class=sf-dump-ref>#3354</a> &#8230;4}
    <span class=sf-dump-index>1593</span> => {<a class=sf-dump-ref>#3355</a> &#8230;4}
    <span class=sf-dump-index>1594</span> => {<a class=sf-dump-ref>#3356</a> &#8230;4}
    <span class=sf-dump-index>1595</span> => {<a class=sf-dump-ref>#3357</a> &#8230;4}
    <span class=sf-dump-index>1596</span> => {<a class=sf-dump-ref>#3358</a> &#8230;4}
    <span class=sf-dump-index>1597</span> => {<a class=sf-dump-ref>#3359</a> &#8230;4}
    <span class=sf-dump-index>1598</span> => {<a class=sf-dump-ref>#3360</a> &#8230;4}
    <span class=sf-dump-index>1599</span> => {<a class=sf-dump-ref>#3361</a> &#8230;4}
    <span class=sf-dump-index>1600</span> => {<a class=sf-dump-ref>#3362</a> &#8230;4}
    <span class=sf-dump-index>1601</span> => {<a class=sf-dump-ref>#3363</a> &#8230;4}
    <span class=sf-dump-index>1602</span> => {<a class=sf-dump-ref>#3364</a> &#8230;4}
    <span class=sf-dump-index>1603</span> => {<a class=sf-dump-ref>#3365</a> &#8230;4}
    <span class=sf-dump-index>1604</span> => {<a class=sf-dump-ref>#3366</a> &#8230;4}
    <span class=sf-dump-index>1605</span> => {<a class=sf-dump-ref>#3367</a> &#8230;4}
    <span class=sf-dump-index>1606</span> => {<a class=sf-dump-ref>#3368</a> &#8230;4}
    <span class=sf-dump-index>1607</span> => {<a class=sf-dump-ref>#3369</a> &#8230;4}
    <span class=sf-dump-index>1608</span> => {<a class=sf-dump-ref>#3370</a> &#8230;4}
    <span class=sf-dump-index>1609</span> => {<a class=sf-dump-ref>#3371</a> &#8230;4}
    <span class=sf-dump-index>1610</span> => {<a class=sf-dump-ref>#3372</a> &#8230;4}
    <span class=sf-dump-index>1611</span> => {<a class=sf-dump-ref>#3373</a> &#8230;4}
    <span class=sf-dump-index>1612</span> => {<a class=sf-dump-ref>#3374</a> &#8230;4}
    <span class=sf-dump-index>1613</span> => {<a class=sf-dump-ref>#3375</a> &#8230;4}
    <span class=sf-dump-index>1614</span> => {<a class=sf-dump-ref>#3376</a> &#8230;4}
    <span class=sf-dump-index>1615</span> => {<a class=sf-dump-ref>#3377</a> &#8230;4}
    <span class=sf-dump-index>1616</span> => {<a class=sf-dump-ref>#3378</a> &#8230;4}
    <span class=sf-dump-index>1617</span> => {<a class=sf-dump-ref>#3379</a> &#8230;4}
    <span class=sf-dump-index>1618</span> => {<a class=sf-dump-ref>#3380</a> &#8230;4}
    <span class=sf-dump-index>1619</span> => {<a class=sf-dump-ref>#3381</a> &#8230;4}
    <span class=sf-dump-index>1620</span> => {<a class=sf-dump-ref>#3382</a> &#8230;4}
    <span class=sf-dump-index>1621</span> => {<a class=sf-dump-ref>#3383</a> &#8230;4}
    <span class=sf-dump-index>1622</span> => {<a class=sf-dump-ref>#3384</a> &#8230;4}
    <span class=sf-dump-index>1623</span> => {<a class=sf-dump-ref>#3385</a> &#8230;4}
    <span class=sf-dump-index>1624</span> => {<a class=sf-dump-ref>#3386</a> &#8230;4}
    <span class=sf-dump-index>1625</span> => {<a class=sf-dump-ref>#3387</a> &#8230;4}
    <span class=sf-dump-index>1626</span> => {<a class=sf-dump-ref>#3388</a> &#8230;4}
    <span class=sf-dump-index>1627</span> => {<a class=sf-dump-ref>#3389</a> &#8230;4}
    <span class=sf-dump-index>1628</span> => {<a class=sf-dump-ref>#3390</a> &#8230;4}
    <span class=sf-dump-index>1629</span> => {<a class=sf-dump-ref>#3391</a> &#8230;4}
    <span class=sf-dump-index>1630</span> => {<a class=sf-dump-ref>#3392</a> &#8230;4}
    <span class=sf-dump-index>1631</span> => {<a class=sf-dump-ref>#3393</a> &#8230;4}
    <span class=sf-dump-index>1632</span> => {<a class=sf-dump-ref>#3394</a> &#8230;4}
    <span class=sf-dump-index>1633</span> => {<a class=sf-dump-ref>#3395</a> &#8230;4}
    <span class=sf-dump-index>1634</span> => {<a class=sf-dump-ref>#3396</a> &#8230;4}
    <span class=sf-dump-index>1635</span> => {<a class=sf-dump-ref>#3397</a> &#8230;4}
    <span class=sf-dump-index>1636</span> => {<a class=sf-dump-ref>#3398</a> &#8230;4}
    <span class=sf-dump-index>1637</span> => {<a class=sf-dump-ref>#3399</a> &#8230;4}
    <span class=sf-dump-index>1638</span> => {<a class=sf-dump-ref>#3400</a> &#8230;4}
    <span class=sf-dump-index>1639</span> => {<a class=sf-dump-ref>#3401</a> &#8230;4}
    <span class=sf-dump-index>1640</span> => {<a class=sf-dump-ref>#3402</a> &#8230;4}
    <span class=sf-dump-index>1641</span> => {<a class=sf-dump-ref>#3403</a> &#8230;4}
    <span class=sf-dump-index>1642</span> => {<a class=sf-dump-ref>#3404</a> &#8230;4}
    <span class=sf-dump-index>1643</span> => {<a class=sf-dump-ref>#3405</a> &#8230;4}
    <span class=sf-dump-index>1644</span> => {<a class=sf-dump-ref>#3406</a> &#8230;4}
    <span class=sf-dump-index>1645</span> => {<a class=sf-dump-ref>#3407</a> &#8230;4}
    <span class=sf-dump-index>1646</span> => {<a class=sf-dump-ref>#3408</a> &#8230;4}
    <span class=sf-dump-index>1647</span> => {<a class=sf-dump-ref>#3409</a> &#8230;4}
    <span class=sf-dump-index>1648</span> => {<a class=sf-dump-ref>#3410</a> &#8230;4}
    <span class=sf-dump-index>1649</span> => {<a class=sf-dump-ref>#3411</a> &#8230;4}
    <span class=sf-dump-index>1650</span> => {<a class=sf-dump-ref>#3412</a> &#8230;4}
    <span class=sf-dump-index>1651</span> => {<a class=sf-dump-ref>#3413</a> &#8230;4}
    <span class=sf-dump-index>1652</span> => {<a class=sf-dump-ref>#3414</a> &#8230;4}
    <span class=sf-dump-index>1653</span> => {<a class=sf-dump-ref>#3415</a> &#8230;4}
    <span class=sf-dump-index>1654</span> => {<a class=sf-dump-ref>#3416</a> &#8230;4}
    <span class=sf-dump-index>1655</span> => {<a class=sf-dump-ref>#3417</a> &#8230;4}
    <span class=sf-dump-index>1656</span> => {<a class=sf-dump-ref>#3418</a> &#8230;4}
    <span class=sf-dump-index>1657</span> => {<a class=sf-dump-ref>#3419</a> &#8230;4}
    <span class=sf-dump-index>1658</span> => {<a class=sf-dump-ref>#3420</a> &#8230;4}
    <span class=sf-dump-index>1659</span> => {<a class=sf-dump-ref>#3421</a> &#8230;4}
    <span class=sf-dump-index>1660</span> => {<a class=sf-dump-ref>#3422</a> &#8230;4}
    <span class=sf-dump-index>1661</span> => {<a class=sf-dump-ref>#3423</a> &#8230;4}
    <span class=sf-dump-index>1662</span> => {<a class=sf-dump-ref>#3424</a> &#8230;4}
    <span class=sf-dump-index>1663</span> => {<a class=sf-dump-ref>#3425</a> &#8230;4}
    <span class=sf-dump-index>1664</span> => {<a class=sf-dump-ref>#3426</a> &#8230;4}
    <span class=sf-dump-index>1665</span> => {<a class=sf-dump-ref>#3427</a> &#8230;4}
    <span class=sf-dump-index>1666</span> => {<a class=sf-dump-ref>#3428</a> &#8230;4}
    <span class=sf-dump-index>1667</span> => {<a class=sf-dump-ref>#3429</a> &#8230;4}
    <span class=sf-dump-index>1668</span> => {<a class=sf-dump-ref>#3430</a> &#8230;4}
    <span class=sf-dump-index>1669</span> => {<a class=sf-dump-ref>#3431</a> &#8230;4}
    <span class=sf-dump-index>1670</span> => {<a class=sf-dump-ref>#3432</a> &#8230;4}
    <span class=sf-dump-index>1671</span> => {<a class=sf-dump-ref>#3433</a> &#8230;4}
    <span class=sf-dump-index>1672</span> => {<a class=sf-dump-ref>#3434</a> &#8230;4}
    <span class=sf-dump-index>1673</span> => {<a class=sf-dump-ref>#3435</a> &#8230;4}
    <span class=sf-dump-index>1674</span> => {<a class=sf-dump-ref>#3436</a> &#8230;4}
    <span class=sf-dump-index>1675</span> => {<a class=sf-dump-ref>#3437</a> &#8230;4}
    <span class=sf-dump-index>1676</span> => {<a class=sf-dump-ref>#3438</a> &#8230;4}
    <span class=sf-dump-index>1677</span> => {<a class=sf-dump-ref>#3439</a> &#8230;4}
    <span class=sf-dump-index>1678</span> => {<a class=sf-dump-ref>#3440</a> &#8230;4}
    <span class=sf-dump-index>1679</span> => {<a class=sf-dump-ref>#3441</a> &#8230;4}
    <span class=sf-dump-index>1680</span> => {<a class=sf-dump-ref>#3442</a> &#8230;4}
    <span class=sf-dump-index>1681</span> => {<a class=sf-dump-ref>#3443</a> &#8230;4}
    <span class=sf-dump-index>1682</span> => {<a class=sf-dump-ref>#3444</a> &#8230;4}
    <span class=sf-dump-index>1683</span> => {<a class=sf-dump-ref>#3445</a> &#8230;4}
    <span class=sf-dump-index>1684</span> => {<a class=sf-dump-ref>#3446</a> &#8230;4}
    <span class=sf-dump-index>1685</span> => {<a class=sf-dump-ref>#3447</a> &#8230;4}
    <span class=sf-dump-index>1686</span> => {<a class=sf-dump-ref>#3448</a> &#8230;4}
    <span class=sf-dump-index>1687</span> => {<a class=sf-dump-ref>#3449</a> &#8230;4}
    <span class=sf-dump-index>1688</span> => {<a class=sf-dump-ref>#3450</a> &#8230;4}
    <span class=sf-dump-index>1689</span> => {<a class=sf-dump-ref>#3451</a> &#8230;4}
    <span class=sf-dump-index>1690</span> => {<a class=sf-dump-ref>#3452</a> &#8230;4}
    <span class=sf-dump-index>1691</span> => {<a class=sf-dump-ref>#3453</a> &#8230;4}
    <span class=sf-dump-index>1692</span> => {<a class=sf-dump-ref>#3454</a> &#8230;4}
    <span class=sf-dump-index>1693</span> => {<a class=sf-dump-ref>#3455</a> &#8230;4}
    <span class=sf-dump-index>1694</span> => {<a class=sf-dump-ref>#3456</a> &#8230;4}
    <span class=sf-dump-index>1695</span> => {<a class=sf-dump-ref>#3457</a> &#8230;4}
    <span class=sf-dump-index>1696</span> => {<a class=sf-dump-ref>#3458</a> &#8230;4}
    <span class=sf-dump-index>1697</span> => {<a class=sf-dump-ref>#3459</a> &#8230;4}
    <span class=sf-dump-index>1698</span> => {<a class=sf-dump-ref>#3460</a> &#8230;4}
    <span class=sf-dump-index>1699</span> => {<a class=sf-dump-ref>#3461</a> &#8230;4}
    <span class=sf-dump-index>1700</span> => {<a class=sf-dump-ref>#3462</a> &#8230;4}
    <span class=sf-dump-index>1701</span> => {<a class=sf-dump-ref>#3463</a> &#8230;4}
    <span class=sf-dump-index>1702</span> => {<a class=sf-dump-ref>#3464</a> &#8230;4}
    <span class=sf-dump-index>1703</span> => {<a class=sf-dump-ref>#3465</a> &#8230;4}
    <span class=sf-dump-index>1704</span> => {<a class=sf-dump-ref>#3466</a> &#8230;4}
    <span class=sf-dump-index>1705</span> => {<a class=sf-dump-ref>#3467</a> &#8230;4}
    <span class=sf-dump-index>1706</span> => {<a class=sf-dump-ref>#3468</a> &#8230;4}
    <span class=sf-dump-index>1707</span> => {<a class=sf-dump-ref>#3469</a> &#8230;4}
    <span class=sf-dump-index>1708</span> => {<a class=sf-dump-ref>#3470</a> &#8230;4}
    <span class=sf-dump-index>1709</span> => {<a class=sf-dump-ref>#3471</a> &#8230;4}
    <span class=sf-dump-index>1710</span> => {<a class=sf-dump-ref>#3472</a> &#8230;4}
    <span class=sf-dump-index>1711</span> => {<a class=sf-dump-ref>#3473</a> &#8230;4}
    <span class=sf-dump-index>1712</span> => {<a class=sf-dump-ref>#3474</a> &#8230;4}
    <span class=sf-dump-index>1713</span> => {<a class=sf-dump-ref>#3475</a> &#8230;4}
    <span class=sf-dump-index>1714</span> => {<a class=sf-dump-ref>#3476</a> &#8230;4}
    <span class=sf-dump-index>1715</span> => {<a class=sf-dump-ref>#3477</a> &#8230;4}
    <span class=sf-dump-index>1716</span> => {<a class=sf-dump-ref>#3478</a> &#8230;4}
    <span class=sf-dump-index>1717</span> => {<a class=sf-dump-ref>#3479</a> &#8230;4}
    <span class=sf-dump-index>1718</span> => {<a class=sf-dump-ref>#3480</a> &#8230;4}
    <span class=sf-dump-index>1719</span> => {<a class=sf-dump-ref>#3481</a> &#8230;4}
    <span class=sf-dump-index>1720</span> => {<a class=sf-dump-ref>#3482</a> &#8230;4}
    <span class=sf-dump-index>1721</span> => {<a class=sf-dump-ref>#3483</a> &#8230;4}
    <span class=sf-dump-index>1722</span> => {<a class=sf-dump-ref>#3484</a> &#8230;4}
    <span class=sf-dump-index>1723</span> => {<a class=sf-dump-ref>#3485</a> &#8230;4}
    <span class=sf-dump-index>1724</span> => {<a class=sf-dump-ref>#3486</a> &#8230;4}
    <span class=sf-dump-index>1725</span> => {<a class=sf-dump-ref>#3487</a> &#8230;4}
    <span class=sf-dump-index>1726</span> => {<a class=sf-dump-ref>#3488</a> &#8230;4}
    <span class=sf-dump-index>1727</span> => {<a class=sf-dump-ref>#3489</a> &#8230;4}
    <span class=sf-dump-index>1728</span> => {<a class=sf-dump-ref>#3490</a> &#8230;4}
    <span class=sf-dump-index>1729</span> => {<a class=sf-dump-ref>#3491</a> &#8230;4}
    <span class=sf-dump-index>1730</span> => {<a class=sf-dump-ref>#3492</a> &#8230;4}
    <span class=sf-dump-index>1731</span> => {<a class=sf-dump-ref>#3493</a> &#8230;4}
    <span class=sf-dump-index>1732</span> => {<a class=sf-dump-ref>#3494</a> &#8230;4}
    <span class=sf-dump-index>1733</span> => {<a class=sf-dump-ref>#3495</a> &#8230;4}
    <span class=sf-dump-index>1734</span> => {<a class=sf-dump-ref>#3496</a> &#8230;4}
    <span class=sf-dump-index>1735</span> => {<a class=sf-dump-ref>#3497</a> &#8230;4}
    <span class=sf-dump-index>1736</span> => {<a class=sf-dump-ref>#3498</a> &#8230;4}
    <span class=sf-dump-index>1737</span> => {<a class=sf-dump-ref>#3499</a> &#8230;4}
    <span class=sf-dump-index>1738</span> => {<a class=sf-dump-ref>#3500</a> &#8230;4}
    <span class=sf-dump-index>1739</span> => {<a class=sf-dump-ref>#3501</a> &#8230;4}
    <span class=sf-dump-index>1740</span> => {<a class=sf-dump-ref>#3502</a> &#8230;4}
    <span class=sf-dump-index>1741</span> => {<a class=sf-dump-ref>#3503</a> &#8230;4}
    <span class=sf-dump-index>1742</span> => {<a class=sf-dump-ref>#3504</a> &#8230;4}
    <span class=sf-dump-index>1743</span> => {<a class=sf-dump-ref>#3505</a> &#8230;4}
    <span class=sf-dump-index>1744</span> => {<a class=sf-dump-ref>#3506</a> &#8230;4}
    <span class=sf-dump-index>1745</span> => {<a class=sf-dump-ref>#3507</a> &#8230;4}
    <span class=sf-dump-index>1746</span> => {<a class=sf-dump-ref>#3508</a> &#8230;4}
    <span class=sf-dump-index>1747</span> => {<a class=sf-dump-ref>#3509</a> &#8230;4}
    <span class=sf-dump-index>1748</span> => {<a class=sf-dump-ref>#3510</a> &#8230;4}
    <span class=sf-dump-index>1749</span> => {<a class=sf-dump-ref>#3511</a> &#8230;4}
    <span class=sf-dump-index>1750</span> => {<a class=sf-dump-ref>#3512</a> &#8230;4}
    <span class=sf-dump-index>1751</span> => {<a class=sf-dump-ref>#3513</a> &#8230;4}
    <span class=sf-dump-index>1752</span> => {<a class=sf-dump-ref>#3514</a> &#8230;4}
    <span class=sf-dump-index>1753</span> => {<a class=sf-dump-ref>#3515</a> &#8230;4}
    <span class=sf-dump-index>1754</span> => {<a class=sf-dump-ref>#3516</a> &#8230;4}
    <span class=sf-dump-index>1755</span> => {<a class=sf-dump-ref>#3517</a> &#8230;4}
    <span class=sf-dump-index>1756</span> => {<a class=sf-dump-ref>#3518</a> &#8230;4}
    <span class=sf-dump-index>1757</span> => {<a class=sf-dump-ref>#3519</a> &#8230;4}
    <span class=sf-dump-index>1758</span> => {<a class=sf-dump-ref>#3520</a> &#8230;4}
    <span class=sf-dump-index>1759</span> => {<a class=sf-dump-ref>#3521</a> &#8230;4}
    <span class=sf-dump-index>1760</span> => {<a class=sf-dump-ref>#3522</a> &#8230;4}
    <span class=sf-dump-index>1761</span> => {<a class=sf-dump-ref>#3523</a> &#8230;4}
    <span class=sf-dump-index>1762</span> => {<a class=sf-dump-ref>#3524</a> &#8230;4}
    <span class=sf-dump-index>1763</span> => {<a class=sf-dump-ref>#3525</a> &#8230;4}
    <span class=sf-dump-index>1764</span> => {<a class=sf-dump-ref>#3526</a> &#8230;4}
    <span class=sf-dump-index>1765</span> => {<a class=sf-dump-ref>#3527</a> &#8230;4}
    <span class=sf-dump-index>1766</span> => {<a class=sf-dump-ref>#3528</a> &#8230;4}
    <span class=sf-dump-index>1767</span> => {<a class=sf-dump-ref>#3529</a> &#8230;4}
    <span class=sf-dump-index>1768</span> => {<a class=sf-dump-ref>#3530</a> &#8230;4}
    <span class=sf-dump-index>1769</span> => {<a class=sf-dump-ref>#3531</a> &#8230;4}
    <span class=sf-dump-index>1770</span> => {<a class=sf-dump-ref>#3532</a> &#8230;4}
    <span class=sf-dump-index>1771</span> => {<a class=sf-dump-ref>#3533</a> &#8230;4}
    <span class=sf-dump-index>1772</span> => {<a class=sf-dump-ref>#3534</a> &#8230;4}
    <span class=sf-dump-index>1773</span> => {<a class=sf-dump-ref>#3535</a> &#8230;4}
    <span class=sf-dump-index>1774</span> => {<a class=sf-dump-ref>#3536</a> &#8230;4}
    <span class=sf-dump-index>1775</span> => {<a class=sf-dump-ref>#3537</a> &#8230;4}
    <span class=sf-dump-index>1776</span> => {<a class=sf-dump-ref>#3538</a> &#8230;4}
    <span class=sf-dump-index>1777</span> => {<a class=sf-dump-ref>#3539</a> &#8230;4}
    <span class=sf-dump-index>1778</span> => {<a class=sf-dump-ref>#3540</a> &#8230;4}
    <span class=sf-dump-index>1779</span> => {<a class=sf-dump-ref>#3541</a> &#8230;4}
    <span class=sf-dump-index>1780</span> => {<a class=sf-dump-ref>#3542</a> &#8230;4}
    <span class=sf-dump-index>1781</span> => {<a class=sf-dump-ref>#3543</a> &#8230;4}
    <span class=sf-dump-index>1782</span> => {<a class=sf-dump-ref>#3544</a> &#8230;4}
    <span class=sf-dump-index>1783</span> => {<a class=sf-dump-ref>#3545</a> &#8230;4}
    <span class=sf-dump-index>1784</span> => {<a class=sf-dump-ref>#3546</a> &#8230;4}
    <span class=sf-dump-index>1785</span> => {<a class=sf-dump-ref>#3547</a> &#8230;4}
    <span class=sf-dump-index>1786</span> => {<a class=sf-dump-ref>#3548</a> &#8230;4}
    <span class=sf-dump-index>1787</span> => {<a class=sf-dump-ref>#3549</a> &#8230;4}
    <span class=sf-dump-index>1788</span> => {<a class=sf-dump-ref>#3550</a> &#8230;4}
    <span class=sf-dump-index>1789</span> => {<a class=sf-dump-ref>#3551</a> &#8230;4}
    <span class=sf-dump-index>1790</span> => {<a class=sf-dump-ref>#3552</a> &#8230;4}
    <span class=sf-dump-index>1791</span> => {<a class=sf-dump-ref>#3553</a> &#8230;4}
    <span class=sf-dump-index>1792</span> => {<a class=sf-dump-ref>#3554</a> &#8230;4}
    <span class=sf-dump-index>1793</span> => {<a class=sf-dump-ref>#3555</a> &#8230;4}
    <span class=sf-dump-index>1794</span> => {<a class=sf-dump-ref>#3556</a> &#8230;4}
    <span class=sf-dump-index>1795</span> => {<a class=sf-dump-ref>#3557</a> &#8230;4}
    <span class=sf-dump-index>1796</span> => {<a class=sf-dump-ref>#3558</a> &#8230;4}
    <span class=sf-dump-index>1797</span> => {<a class=sf-dump-ref>#3559</a> &#8230;4}
    <span class=sf-dump-index>1798</span> => {<a class=sf-dump-ref>#3560</a> &#8230;4}
    <span class=sf-dump-index>1799</span> => {<a class=sf-dump-ref>#3561</a> &#8230;4}
    <span class=sf-dump-index>1800</span> => {<a class=sf-dump-ref>#3562</a> &#8230;4}
    <span class=sf-dump-index>1801</span> => {<a class=sf-dump-ref>#3563</a> &#8230;4}
    <span class=sf-dump-index>1802</span> => {<a class=sf-dump-ref>#3564</a> &#8230;4}
    <span class=sf-dump-index>1803</span> => {<a class=sf-dump-ref>#3565</a> &#8230;4}
    <span class=sf-dump-index>1804</span> => {<a class=sf-dump-ref>#3566</a> &#8230;4}
    <span class=sf-dump-index>1805</span> => {<a class=sf-dump-ref>#3567</a> &#8230;4}
    <span class=sf-dump-index>1806</span> => {<a class=sf-dump-ref>#3568</a> &#8230;4}
    <span class=sf-dump-index>1807</span> => {<a class=sf-dump-ref>#3569</a> &#8230;4}
    <span class=sf-dump-index>1808</span> => {<a class=sf-dump-ref>#3570</a> &#8230;4}
    <span class=sf-dump-index>1809</span> => {<a class=sf-dump-ref>#3571</a> &#8230;4}
    <span class=sf-dump-index>1810</span> => {<a class=sf-dump-ref>#3572</a> &#8230;4}
    <span class=sf-dump-index>1811</span> => {<a class=sf-dump-ref>#3573</a> &#8230;4}
    <span class=sf-dump-index>1812</span> => {<a class=sf-dump-ref>#3574</a> &#8230;4}
    <span class=sf-dump-index>1813</span> => {<a class=sf-dump-ref>#3575</a> &#8230;4}
    <span class=sf-dump-index>1814</span> => {<a class=sf-dump-ref>#3576</a> &#8230;4}
    <span class=sf-dump-index>1815</span> => {<a class=sf-dump-ref>#3577</a> &#8230;4}
    <span class=sf-dump-index>1816</span> => {<a class=sf-dump-ref>#3578</a> &#8230;4}
    <span class=sf-dump-index>1817</span> => {<a class=sf-dump-ref>#3579</a> &#8230;4}
    <span class=sf-dump-index>1818</span> => {<a class=sf-dump-ref>#3580</a> &#8230;4}
    <span class=sf-dump-index>1819</span> => {<a class=sf-dump-ref>#3581</a> &#8230;4}
    <span class=sf-dump-index>1820</span> => {<a class=sf-dump-ref>#3582</a> &#8230;4}
    <span class=sf-dump-index>1821</span> => {<a class=sf-dump-ref>#3583</a> &#8230;4}
    <span class=sf-dump-index>1822</span> => {<a class=sf-dump-ref>#3584</a> &#8230;4}
    <span class=sf-dump-index>1823</span> => {<a class=sf-dump-ref>#3585</a> &#8230;4}
    <span class=sf-dump-index>1824</span> => {<a class=sf-dump-ref>#3586</a> &#8230;4}
    <span class=sf-dump-index>1825</span> => {<a class=sf-dump-ref>#3587</a> &#8230;4}
    <span class=sf-dump-index>1826</span> => {<a class=sf-dump-ref>#3588</a> &#8230;4}
    <span class=sf-dump-index>1827</span> => {<a class=sf-dump-ref>#3589</a> &#8230;4}
    <span class=sf-dump-index>1828</span> => {<a class=sf-dump-ref>#3590</a> &#8230;4}
    <span class=sf-dump-index>1829</span> => {<a class=sf-dump-ref>#3591</a> &#8230;4}
    <span class=sf-dump-index>1830</span> => {<a class=sf-dump-ref>#3592</a> &#8230;4}
    <span class=sf-dump-index>1831</span> => {<a class=sf-dump-ref>#3593</a> &#8230;4}
    <span class=sf-dump-index>1832</span> => {<a class=sf-dump-ref>#3594</a> &#8230;4}
    <span class=sf-dump-index>1833</span> => {<a class=sf-dump-ref>#3595</a> &#8230;4}
    <span class=sf-dump-index>1834</span> => {<a class=sf-dump-ref>#3596</a> &#8230;4}
    <span class=sf-dump-index>1835</span> => {<a class=sf-dump-ref>#3597</a> &#8230;4}
    <span class=sf-dump-index>1836</span> => {<a class=sf-dump-ref>#3598</a> &#8230;4}
    <span class=sf-dump-index>1837</span> => {<a class=sf-dump-ref>#3599</a> &#8230;4}
    <span class=sf-dump-index>1838</span> => {<a class=sf-dump-ref>#3600</a> &#8230;4}
    <span class=sf-dump-index>1839</span> => {<a class=sf-dump-ref>#3601</a> &#8230;4}
    <span class=sf-dump-index>1840</span> => {<a class=sf-dump-ref>#3602</a> &#8230;4}
    <span class=sf-dump-index>1841</span> => {<a class=sf-dump-ref>#3603</a> &#8230;4}
    <span class=sf-dump-index>1842</span> => {<a class=sf-dump-ref>#3604</a> &#8230;4}
    <span class=sf-dump-index>1843</span> => {<a class=sf-dump-ref>#3605</a> &#8230;4}
    <span class=sf-dump-index>1844</span> => {<a class=sf-dump-ref>#3606</a> &#8230;4}
    <span class=sf-dump-index>1845</span> => {<a class=sf-dump-ref>#3607</a> &#8230;4}
    <span class=sf-dump-index>1846</span> => {<a class=sf-dump-ref>#3608</a> &#8230;4}
    <span class=sf-dump-index>1847</span> => {<a class=sf-dump-ref>#3609</a> &#8230;4}
    <span class=sf-dump-index>1848</span> => {<a class=sf-dump-ref>#3610</a> &#8230;4}
    <span class=sf-dump-index>1849</span> => {<a class=sf-dump-ref>#3611</a> &#8230;4}
    <span class=sf-dump-index>1850</span> => {<a class=sf-dump-ref>#3612</a> &#8230;4}
    <span class=sf-dump-index>1851</span> => {<a class=sf-dump-ref>#3613</a> &#8230;4}
    <span class=sf-dump-index>1852</span> => {<a class=sf-dump-ref>#3614</a> &#8230;4}
    <span class=sf-dump-index>1853</span> => {<a class=sf-dump-ref>#3615</a> &#8230;4}
    <span class=sf-dump-index>1854</span> => {<a class=sf-dump-ref>#3616</a> &#8230;4}
    <span class=sf-dump-index>1855</span> => {<a class=sf-dump-ref>#3617</a> &#8230;4}
    <span class=sf-dump-index>1856</span> => {<a class=sf-dump-ref>#3618</a> &#8230;4}
    <span class=sf-dump-index>1857</span> => {<a class=sf-dump-ref>#3619</a> &#8230;4}
    <span class=sf-dump-index>1858</span> => {<a class=sf-dump-ref>#3620</a> &#8230;4}
    <span class=sf-dump-index>1859</span> => {<a class=sf-dump-ref>#3621</a> &#8230;4}
    <span class=sf-dump-index>1860</span> => {<a class=sf-dump-ref>#3622</a> &#8230;4}
    <span class=sf-dump-index>1861</span> => {<a class=sf-dump-ref>#3623</a> &#8230;4}
    <span class=sf-dump-index>1862</span> => {<a class=sf-dump-ref>#3624</a> &#8230;4}
    <span class=sf-dump-index>1863</span> => {<a class=sf-dump-ref>#3625</a> &#8230;4}
    <span class=sf-dump-index>1864</span> => {<a class=sf-dump-ref>#3626</a> &#8230;4}
    <span class=sf-dump-index>1865</span> => {<a class=sf-dump-ref>#3627</a> &#8230;4}
    <span class=sf-dump-index>1866</span> => {<a class=sf-dump-ref>#3628</a> &#8230;4}
    <span class=sf-dump-index>1867</span> => {<a class=sf-dump-ref>#3629</a> &#8230;4}
    <span class=sf-dump-index>1868</span> => {<a class=sf-dump-ref>#3630</a> &#8230;4}
    <span class=sf-dump-index>1869</span> => {<a class=sf-dump-ref>#3631</a> &#8230;4}
    <span class=sf-dump-index>1870</span> => {<a class=sf-dump-ref>#3632</a> &#8230;4}
    <span class=sf-dump-index>1871</span> => {<a class=sf-dump-ref>#3633</a> &#8230;4}
    <span class=sf-dump-index>1872</span> => {<a class=sf-dump-ref>#3634</a> &#8230;4}
    <span class=sf-dump-index>1873</span> => {<a class=sf-dump-ref>#3635</a> &#8230;4}
    <span class=sf-dump-index>1874</span> => {<a class=sf-dump-ref>#3636</a> &#8230;4}
    <span class=sf-dump-index>1875</span> => {<a class=sf-dump-ref>#3637</a> &#8230;4}
    <span class=sf-dump-index>1876</span> => {<a class=sf-dump-ref>#3638</a> &#8230;4}
    <span class=sf-dump-index>1877</span> => {<a class=sf-dump-ref>#3639</a> &#8230;4}
    <span class=sf-dump-index>1878</span> => {<a class=sf-dump-ref>#3640</a> &#8230;4}
    <span class=sf-dump-index>1879</span> => {<a class=sf-dump-ref>#3641</a> &#8230;4}
    <span class=sf-dump-index>1880</span> => {<a class=sf-dump-ref>#3642</a> &#8230;4}
    <span class=sf-dump-index>1881</span> => {<a class=sf-dump-ref>#3643</a> &#8230;4}
    <span class=sf-dump-index>1882</span> => {<a class=sf-dump-ref>#3644</a> &#8230;4}
    <span class=sf-dump-index>1883</span> => {<a class=sf-dump-ref>#3645</a> &#8230;4}
    <span class=sf-dump-index>1884</span> => {<a class=sf-dump-ref>#3646</a> &#8230;4}
    <span class=sf-dump-index>1885</span> => {<a class=sf-dump-ref>#3647</a> &#8230;4}
    <span class=sf-dump-index>1886</span> => {<a class=sf-dump-ref>#3648</a> &#8230;4}
    <span class=sf-dump-index>1887</span> => {<a class=sf-dump-ref>#3649</a> &#8230;4}
    <span class=sf-dump-index>1888</span> => {<a class=sf-dump-ref>#3650</a> &#8230;4}
    <span class=sf-dump-index>1889</span> => {<a class=sf-dump-ref>#3651</a> &#8230;4}
    <span class=sf-dump-index>1890</span> => {<a class=sf-dump-ref>#3652</a> &#8230;4}
    <span class=sf-dump-index>1891</span> => {<a class=sf-dump-ref>#3653</a> &#8230;4}
    <span class=sf-dump-index>1892</span> => {<a class=sf-dump-ref>#3654</a> &#8230;4}
    <span class=sf-dump-index>1893</span> => {<a class=sf-dump-ref>#3655</a> &#8230;4}
    <span class=sf-dump-index>1894</span> => {<a class=sf-dump-ref>#3656</a> &#8230;4}
    <span class=sf-dump-index>1895</span> => {<a class=sf-dump-ref>#3657</a> &#8230;4}
    <span class=sf-dump-index>1896</span> => {<a class=sf-dump-ref>#3658</a> &#8230;4}
    <span class=sf-dump-index>1897</span> => {<a class=sf-dump-ref>#3659</a> &#8230;4}
    <span class=sf-dump-index>1898</span> => {<a class=sf-dump-ref>#3660</a> &#8230;4}
    <span class=sf-dump-index>1899</span> => {<a class=sf-dump-ref>#3661</a> &#8230;4}
    <span class=sf-dump-index>1900</span> => {<a class=sf-dump-ref>#3662</a> &#8230;4}
    <span class=sf-dump-index>1901</span> => {<a class=sf-dump-ref>#3663</a> &#8230;4}
    <span class=sf-dump-index>1902</span> => {<a class=sf-dump-ref>#3664</a> &#8230;4}
    <span class=sf-dump-index>1903</span> => {<a class=sf-dump-ref>#3665</a> &#8230;4}
    <span class=sf-dump-index>1904</span> => {<a class=sf-dump-ref>#3666</a> &#8230;4}
    <span class=sf-dump-index>1905</span> => {<a class=sf-dump-ref>#3667</a> &#8230;4}
    <span class=sf-dump-index>1906</span> => {<a class=sf-dump-ref>#3668</a> &#8230;4}
    <span class=sf-dump-index>1907</span> => {<a class=sf-dump-ref>#3669</a> &#8230;4}
    <span class=sf-dump-index>1908</span> => {<a class=sf-dump-ref>#3670</a> &#8230;4}
    <span class=sf-dump-index>1909</span> => {<a class=sf-dump-ref>#3671</a> &#8230;4}
    <span class=sf-dump-index>1910</span> => {<a class=sf-dump-ref>#3672</a> &#8230;4}
    <span class=sf-dump-index>1911</span> => {<a class=sf-dump-ref>#3673</a> &#8230;4}
    <span class=sf-dump-index>1912</span> => {<a class=sf-dump-ref>#3674</a> &#8230;4}
    <span class=sf-dump-index>1913</span> => {<a class=sf-dump-ref>#3675</a> &#8230;4}
    <span class=sf-dump-index>1914</span> => {<a class=sf-dump-ref>#3676</a> &#8230;4}
    <span class=sf-dump-index>1915</span> => {<a class=sf-dump-ref>#3677</a> &#8230;4}
    <span class=sf-dump-index>1916</span> => {<a class=sf-dump-ref>#3678</a> &#8230;4}
    <span class=sf-dump-index>1917</span> => {<a class=sf-dump-ref>#3679</a> &#8230;4}
    <span class=sf-dump-index>1918</span> => {<a class=sf-dump-ref>#3680</a> &#8230;4}
    <span class=sf-dump-index>1919</span> => {<a class=sf-dump-ref>#3681</a> &#8230;4}
    <span class=sf-dump-index>1920</span> => {<a class=sf-dump-ref>#3682</a> &#8230;4}
    <span class=sf-dump-index>1921</span> => {<a class=sf-dump-ref>#3683</a> &#8230;4}
    <span class=sf-dump-index>1922</span> => {<a class=sf-dump-ref>#3684</a> &#8230;4}
    <span class=sf-dump-index>1923</span> => {<a class=sf-dump-ref>#3685</a> &#8230;4}
    <span class=sf-dump-index>1924</span> => {<a class=sf-dump-ref>#3686</a> &#8230;4}
    <span class=sf-dump-index>1925</span> => {<a class=sf-dump-ref>#3687</a> &#8230;4}
    <span class=sf-dump-index>1926</span> => {<a class=sf-dump-ref>#3688</a> &#8230;4}
    <span class=sf-dump-index>1927</span> => {<a class=sf-dump-ref>#3689</a> &#8230;4}
    <span class=sf-dump-index>1928</span> => {<a class=sf-dump-ref>#3690</a> &#8230;4}
    <span class=sf-dump-index>1929</span> => {<a class=sf-dump-ref>#3691</a> &#8230;4}
    <span class=sf-dump-index>1930</span> => {<a class=sf-dump-ref>#3692</a> &#8230;4}
    <span class=sf-dump-index>1931</span> => {<a class=sf-dump-ref>#3693</a> &#8230;4}
    <span class=sf-dump-index>1932</span> => {<a class=sf-dump-ref>#3694</a> &#8230;4}
    <span class=sf-dump-index>1933</span> => {<a class=sf-dump-ref>#3695</a> &#8230;4}
    <span class=sf-dump-index>1934</span> => {<a class=sf-dump-ref>#3696</a> &#8230;4}
    <span class=sf-dump-index>1935</span> => {<a class=sf-dump-ref>#3697</a> &#8230;4}
    <span class=sf-dump-index>1936</span> => {<a class=sf-dump-ref>#3698</a> &#8230;4}
    <span class=sf-dump-index>1937</span> => {<a class=sf-dump-ref>#3699</a> &#8230;4}
    <span class=sf-dump-index>1938</span> => {<a class=sf-dump-ref>#3700</a> &#8230;4}
    <span class=sf-dump-index>1939</span> => {<a class=sf-dump-ref>#3701</a> &#8230;4}
    <span class=sf-dump-index>1940</span> => {<a class=sf-dump-ref>#3702</a> &#8230;4}
    <span class=sf-dump-index>1941</span> => {<a class=sf-dump-ref>#3703</a> &#8230;4}
    <span class=sf-dump-index>1942</span> => {<a class=sf-dump-ref>#3704</a> &#8230;4}
    <span class=sf-dump-index>1943</span> => {<a class=sf-dump-ref>#3705</a> &#8230;4}
    <span class=sf-dump-index>1944</span> => {<a class=sf-dump-ref>#3706</a> &#8230;4}
    <span class=sf-dump-index>1945</span> => {<a class=sf-dump-ref>#3707</a> &#8230;4}
    <span class=sf-dump-index>1946</span> => {<a class=sf-dump-ref>#3708</a> &#8230;4}
    <span class=sf-dump-index>1947</span> => {<a class=sf-dump-ref>#3709</a> &#8230;4}
    <span class=sf-dump-index>1948</span> => {<a class=sf-dump-ref>#3710</a> &#8230;4}
    <span class=sf-dump-index>1949</span> => {<a class=sf-dump-ref>#3711</a> &#8230;4}
    <span class=sf-dump-index>1950</span> => {<a class=sf-dump-ref>#3712</a> &#8230;4}
    <span class=sf-dump-index>1951</span> => {<a class=sf-dump-ref>#3713</a> &#8230;4}
    <span class=sf-dump-index>1952</span> => {<a class=sf-dump-ref>#3714</a> &#8230;4}
    <span class=sf-dump-index>1953</span> => {<a class=sf-dump-ref>#3715</a> &#8230;4}
    <span class=sf-dump-index>1954</span> => {<a class=sf-dump-ref>#3716</a> &#8230;4}
    <span class=sf-dump-index>1955</span> => {<a class=sf-dump-ref>#3717</a> &#8230;4}
    <span class=sf-dump-index>1956</span> => {<a class=sf-dump-ref>#3718</a> &#8230;4}
    <span class=sf-dump-index>1957</span> => {<a class=sf-dump-ref>#3719</a> &#8230;4}
    <span class=sf-dump-index>1958</span> => {<a class=sf-dump-ref>#3720</a> &#8230;4}
    <span class=sf-dump-index>1959</span> => {<a class=sf-dump-ref>#3721</a> &#8230;4}
    <span class=sf-dump-index>1960</span> => {<a class=sf-dump-ref>#3722</a> &#8230;4}
    <span class=sf-dump-index>1961</span> => {<a class=sf-dump-ref>#3723</a> &#8230;4}
    <span class=sf-dump-index>1962</span> => {<a class=sf-dump-ref>#3724</a> &#8230;4}
    <span class=sf-dump-index>1963</span> => {<a class=sf-dump-ref>#3725</a> &#8230;4}
    <span class=sf-dump-index>1964</span> => {<a class=sf-dump-ref>#3726</a> &#8230;4}
    <span class=sf-dump-index>1965</span> => {<a class=sf-dump-ref>#3727</a> &#8230;4}
    <span class=sf-dump-index>1966</span> => {<a class=sf-dump-ref>#3728</a> &#8230;4}
    <span class=sf-dump-index>1967</span> => {<a class=sf-dump-ref>#3729</a> &#8230;4}
    <span class=sf-dump-index>1968</span> => {<a class=sf-dump-ref>#3730</a> &#8230;4}
    <span class=sf-dump-index>1969</span> => {<a class=sf-dump-ref>#3731</a> &#8230;4}
    <span class=sf-dump-index>1970</span> => {<a class=sf-dump-ref>#3732</a> &#8230;4}
    <span class=sf-dump-index>1971</span> => {<a class=sf-dump-ref>#3733</a> &#8230;4}
    <span class=sf-dump-index>1972</span> => {<a class=sf-dump-ref>#3734</a> &#8230;4}
    <span class=sf-dump-index>1973</span> => {<a class=sf-dump-ref>#3735</a> &#8230;4}
    <span class=sf-dump-index>1974</span> => {<a class=sf-dump-ref>#3736</a> &#8230;4}
    <span class=sf-dump-index>1975</span> => {<a class=sf-dump-ref>#3737</a> &#8230;4}
    <span class=sf-dump-index>1976</span> => {<a class=sf-dump-ref>#3738</a> &#8230;4}
    <span class=sf-dump-index>1977</span> => {<a class=sf-dump-ref>#3739</a> &#8230;4}
    <span class=sf-dump-index>1978</span> => {<a class=sf-dump-ref>#3740</a> &#8230;4}
    <span class=sf-dump-index>1979</span> => {<a class=sf-dump-ref>#3741</a> &#8230;4}
    <span class=sf-dump-index>1980</span> => {<a class=sf-dump-ref>#3742</a> &#8230;4}
    <span class=sf-dump-index>1981</span> => {<a class=sf-dump-ref>#3743</a> &#8230;4}
    <span class=sf-dump-index>1982</span> => {<a class=sf-dump-ref>#3744</a> &#8230;4}
    <span class=sf-dump-index>1983</span> => {<a class=sf-dump-ref>#3745</a> &#8230;4}
    <span class=sf-dump-index>1984</span> => {<a class=sf-dump-ref>#3746</a> &#8230;4}
    <span class=sf-dump-index>1985</span> => {<a class=sf-dump-ref>#3747</a> &#8230;4}
    <span class=sf-dump-index>1986</span> => {<a class=sf-dump-ref>#3748</a> &#8230;4}
    <span class=sf-dump-index>1987</span> => {<a class=sf-dump-ref>#3749</a> &#8230;4}
    <span class=sf-dump-index>1988</span> => {<a class=sf-dump-ref>#3750</a> &#8230;4}
    <span class=sf-dump-index>1989</span> => {<a class=sf-dump-ref>#3751</a> &#8230;4}
    <span class=sf-dump-index>1990</span> => {<a class=sf-dump-ref>#3752</a> &#8230;4}
    <span class=sf-dump-index>1991</span> => {<a class=sf-dump-ref>#3753</a> &#8230;4}
    <span class=sf-dump-index>1992</span> => {<a class=sf-dump-ref>#3754</a> &#8230;4}
    <span class=sf-dump-index>1993</span> => {<a class=sf-dump-ref>#3755</a> &#8230;4}
    <span class=sf-dump-index>1994</span> => {<a class=sf-dump-ref>#3756</a> &#8230;4}
    <span class=sf-dump-index>1995</span> => {<a class=sf-dump-ref>#3757</a> &#8230;4}
    <span class=sf-dump-index>1996</span> => {<a class=sf-dump-ref>#3758</a> &#8230;4}
    <span class=sf-dump-index>1997</span> => {<a class=sf-dump-ref>#3759</a> &#8230;4}
    <span class=sf-dump-index>1998</span> => {<a class=sf-dump-ref>#3760</a> &#8230;4}
    <span class=sf-dump-index>1999</span> => {<a class=sf-dump-ref>#3761</a> &#8230;4}
    <span class=sf-dump-index>2000</span> => {<a class=sf-dump-ref>#3762</a> &#8230;4}
    <span class=sf-dump-index>2001</span> => {<a class=sf-dump-ref>#3763</a> &#8230;4}
    <span class=sf-dump-index>2002</span> => {<a class=sf-dump-ref>#3764</a> &#8230;4}
    <span class=sf-dump-index>2003</span> => {<a class=sf-dump-ref>#3765</a> &#8230;4}
    <span class=sf-dump-index>2004</span> => {<a class=sf-dump-ref>#3766</a> &#8230;4}
    <span class=sf-dump-index>2005</span> => {<a class=sf-dump-ref>#3767</a> &#8230;4}
    <span class=sf-dump-index>2006</span> => {<a class=sf-dump-ref>#3768</a> &#8230;4}
    <span class=sf-dump-index>2007</span> => {<a class=sf-dump-ref>#3769</a> &#8230;4}
    <span class=sf-dump-index>2008</span> => {<a class=sf-dump-ref>#3770</a> &#8230;4}
    <span class=sf-dump-index>2009</span> => {<a class=sf-dump-ref>#3771</a> &#8230;4}
    <span class=sf-dump-index>2010</span> => {<a class=sf-dump-ref>#3772</a> &#8230;4}
    <span class=sf-dump-index>2011</span> => {<a class=sf-dump-ref>#3773</a> &#8230;4}
    <span class=sf-dump-index>2012</span> => {<a class=sf-dump-ref>#3774</a> &#8230;4}
    <span class=sf-dump-index>2013</span> => {<a class=sf-dump-ref>#3775</a> &#8230;4}
    <span class=sf-dump-index>2014</span> => {<a class=sf-dump-ref>#3776</a> &#8230;4}
    <span class=sf-dump-index>2015</span> => {<a class=sf-dump-ref>#3777</a> &#8230;4}
    <span class=sf-dump-index>2016</span> => {<a class=sf-dump-ref>#3778</a> &#8230;4}
    <span class=sf-dump-index>2017</span> => {<a class=sf-dump-ref>#3779</a> &#8230;4}
    <span class=sf-dump-index>2018</span> => {<a class=sf-dump-ref>#3780</a> &#8230;4}
    <span class=sf-dump-index>2019</span> => {<a class=sf-dump-ref>#3781</a> &#8230;4}
    <span class=sf-dump-index>2020</span> => {<a class=sf-dump-ref>#3782</a> &#8230;4}
    <span class=sf-dump-index>2021</span> => {<a class=sf-dump-ref>#3783</a> &#8230;4}
    <span class=sf-dump-index>2022</span> => {<a class=sf-dump-ref>#3784</a> &#8230;4}
    <span class=sf-dump-index>2023</span> => {<a class=sf-dump-ref>#3785</a> &#8230;4}
    <span class=sf-dump-index>2024</span> => {<a class=sf-dump-ref>#3786</a> &#8230;4}
    <span class=sf-dump-index>2025</span> => {<a class=sf-dump-ref>#3787</a> &#8230;4}
    <span class=sf-dump-index>2026</span> => {<a class=sf-dump-ref>#3788</a> &#8230;4}
    <span class=sf-dump-index>2027</span> => {<a class=sf-dump-ref>#3789</a> &#8230;4}
    <span class=sf-dump-index>2028</span> => {<a class=sf-dump-ref>#3790</a> &#8230;4}
    <span class=sf-dump-index>2029</span> => {<a class=sf-dump-ref>#3791</a> &#8230;4}
    <span class=sf-dump-index>2030</span> => {<a class=sf-dump-ref>#3792</a> &#8230;4}
    <span class=sf-dump-index>2031</span> => {<a class=sf-dump-ref>#3793</a> &#8230;4}
    <span class=sf-dump-index>2032</span> => {<a class=sf-dump-ref>#3794</a> &#8230;4}
    <span class=sf-dump-index>2033</span> => {<a class=sf-dump-ref>#3795</a> &#8230;4}
    <span class=sf-dump-index>2034</span> => {<a class=sf-dump-ref>#3796</a> &#8230;4}
    <span class=sf-dump-index>2035</span> => {<a class=sf-dump-ref>#3797</a> &#8230;4}
    <span class=sf-dump-index>2036</span> => {<a class=sf-dump-ref>#3798</a> &#8230;4}
    <span class=sf-dump-index>2037</span> => {<a class=sf-dump-ref>#3799</a> &#8230;4}
    <span class=sf-dump-index>2038</span> => {<a class=sf-dump-ref>#3800</a> &#8230;4}
    <span class=sf-dump-index>2039</span> => {<a class=sf-dump-ref>#3801</a> &#8230;4}
    <span class=sf-dump-index>2040</span> => {<a class=sf-dump-ref>#3802</a> &#8230;4}
    <span class=sf-dump-index>2041</span> => {<a class=sf-dump-ref>#3803</a> &#8230;4}
    <span class=sf-dump-index>2042</span> => {<a class=sf-dump-ref>#3804</a> &#8230;4}
    <span class=sf-dump-index>2043</span> => {<a class=sf-dump-ref>#3805</a> &#8230;4}
    <span class=sf-dump-index>2044</span> => {<a class=sf-dump-ref>#3806</a> &#8230;4}
    <span class=sf-dump-index>2045</span> => {<a class=sf-dump-ref>#3807</a> &#8230;4}
    <span class=sf-dump-index>2046</span> => {<a class=sf-dump-ref>#3808</a> &#8230;4}
    <span class=sf-dump-index>2047</span> => {<a class=sf-dump-ref>#3809</a> &#8230;4}
    <span class=sf-dump-index>2048</span> => {<a class=sf-dump-ref>#3810</a> &#8230;4}
    <span class=sf-dump-index>2049</span> => {<a class=sf-dump-ref>#3811</a> &#8230;4}
    <span class=sf-dump-index>2050</span> => {<a class=sf-dump-ref>#3812</a> &#8230;4}
    <span class=sf-dump-index>2051</span> => {<a class=sf-dump-ref>#3813</a> &#8230;4}
    <span class=sf-dump-index>2052</span> => {<a class=sf-dump-ref>#3814</a> &#8230;4}
    <span class=sf-dump-index>2053</span> => {<a class=sf-dump-ref>#3815</a> &#8230;4}
    <span class=sf-dump-index>2054</span> => {<a class=sf-dump-ref>#3816</a> &#8230;4}
    <span class=sf-dump-index>2055</span> => {<a class=sf-dump-ref>#3817</a> &#8230;4}
    <span class=sf-dump-index>2056</span> => {<a class=sf-dump-ref>#3818</a> &#8230;4}
    <span class=sf-dump-index>2057</span> => {<a class=sf-dump-ref>#3819</a> &#8230;4}
    <span class=sf-dump-index>2058</span> => {<a class=sf-dump-ref>#3820</a> &#8230;4}
    <span class=sf-dump-index>2059</span> => {<a class=sf-dump-ref>#3821</a> &#8230;4}
    <span class=sf-dump-index>2060</span> => {<a class=sf-dump-ref>#3822</a> &#8230;4}
    <span class=sf-dump-index>2061</span> => {<a class=sf-dump-ref>#3823</a> &#8230;4}
    <span class=sf-dump-index>2062</span> => {<a class=sf-dump-ref>#3824</a> &#8230;4}
    <span class=sf-dump-index>2063</span> => {<a class=sf-dump-ref>#3825</a> &#8230;4}
    <span class=sf-dump-index>2064</span> => {<a class=sf-dump-ref>#3826</a> &#8230;4}
    <span class=sf-dump-index>2065</span> => {<a class=sf-dump-ref>#3827</a> &#8230;4}
    <span class=sf-dump-index>2066</span> => {<a class=sf-dump-ref>#3828</a> &#8230;4}
    <span class=sf-dump-index>2067</span> => {<a class=sf-dump-ref>#3829</a> &#8230;4}
    <span class=sf-dump-index>2068</span> => {<a class=sf-dump-ref>#3830</a> &#8230;4}
    <span class=sf-dump-index>2069</span> => {<a class=sf-dump-ref>#3831</a> &#8230;4}
    <span class=sf-dump-index>2070</span> => {<a class=sf-dump-ref>#3832</a> &#8230;4}
    <span class=sf-dump-index>2071</span> => {<a class=sf-dump-ref>#3833</a> &#8230;4}
    <span class=sf-dump-index>2072</span> => {<a class=sf-dump-ref>#3834</a> &#8230;4}
    <span class=sf-dump-index>2073</span> => {<a class=sf-dump-ref>#3835</a> &#8230;4}
    <span class=sf-dump-index>2074</span> => {<a class=sf-dump-ref>#3836</a> &#8230;4}
    <span class=sf-dump-index>2075</span> => {<a class=sf-dump-ref>#3837</a> &#8230;4}
    <span class=sf-dump-index>2076</span> => {<a class=sf-dump-ref>#3838</a> &#8230;4}
    <span class=sf-dump-index>2077</span> => {<a class=sf-dump-ref>#3839</a> &#8230;4}
    <span class=sf-dump-index>2078</span> => {<a class=sf-dump-ref>#3840</a> &#8230;4}
    <span class=sf-dump-index>2079</span> => {<a class=sf-dump-ref>#3841</a> &#8230;4}
    <span class=sf-dump-index>2080</span> => {<a class=sf-dump-ref>#3842</a> &#8230;4}
    <span class=sf-dump-index>2081</span> => {<a class=sf-dump-ref>#3843</a> &#8230;4}
    <span class=sf-dump-index>2082</span> => {<a class=sf-dump-ref>#3844</a> &#8230;4}
    <span class=sf-dump-index>2083</span> => {<a class=sf-dump-ref>#3845</a> &#8230;4}
    <span class=sf-dump-index>2084</span> => {<a class=sf-dump-ref>#3846</a> &#8230;4}
    <span class=sf-dump-index>2085</span> => {<a class=sf-dump-ref>#3847</a> &#8230;4}
    <span class=sf-dump-index>2086</span> => {<a class=sf-dump-ref>#3848</a> &#8230;4}
    <span class=sf-dump-index>2087</span> => {<a class=sf-dump-ref>#3849</a> &#8230;4}
    <span class=sf-dump-index>2088</span> => {<a class=sf-dump-ref>#3850</a> &#8230;4}
    <span class=sf-dump-index>2089</span> => {<a class=sf-dump-ref>#3851</a> &#8230;4}
    <span class=sf-dump-index>2090</span> => {<a class=sf-dump-ref>#3852</a> &#8230;4}
    <span class=sf-dump-index>2091</span> => {<a class=sf-dump-ref>#3853</a> &#8230;4}
    <span class=sf-dump-index>2092</span> => {<a class=sf-dump-ref>#3854</a> &#8230;4}
    <span class=sf-dump-index>2093</span> => {<a class=sf-dump-ref>#3855</a> &#8230;4}
    <span class=sf-dump-index>2094</span> => {<a class=sf-dump-ref>#3856</a> &#8230;4}
    <span class=sf-dump-index>2095</span> => {<a class=sf-dump-ref>#3857</a> &#8230;4}
    <span class=sf-dump-index>2096</span> => {<a class=sf-dump-ref>#3858</a> &#8230;4}
    <span class=sf-dump-index>2097</span> => {<a class=sf-dump-ref>#3859</a> &#8230;4}
    <span class=sf-dump-index>2098</span> => {<a class=sf-dump-ref>#3860</a> &#8230;4}
    <span class=sf-dump-index>2099</span> => {<a class=sf-dump-ref>#3861</a> &#8230;4}
    <span class=sf-dump-index>2100</span> => {<a class=sf-dump-ref>#3862</a> &#8230;4}
    <span class=sf-dump-index>2101</span> => {<a class=sf-dump-ref>#3863</a> &#8230;4}
    <span class=sf-dump-index>2102</span> => {<a class=sf-dump-ref>#3864</a> &#8230;4}
    <span class=sf-dump-index>2103</span> => {<a class=sf-dump-ref>#3865</a> &#8230;4}
    <span class=sf-dump-index>2104</span> => {<a class=sf-dump-ref>#3866</a> &#8230;4}
    <span class=sf-dump-index>2105</span> => {<a class=sf-dump-ref>#3867</a> &#8230;4}
    <span class=sf-dump-index>2106</span> => {<a class=sf-dump-ref>#3868</a> &#8230;4}
    <span class=sf-dump-index>2107</span> => {<a class=sf-dump-ref>#3869</a> &#8230;4}
    <span class=sf-dump-index>2108</span> => {<a class=sf-dump-ref>#3870</a> &#8230;4}
    <span class=sf-dump-index>2109</span> => {<a class=sf-dump-ref>#3871</a> &#8230;4}
    <span class=sf-dump-index>2110</span> => {<a class=sf-dump-ref>#3872</a> &#8230;4}
    <span class=sf-dump-index>2111</span> => {<a class=sf-dump-ref>#3873</a> &#8230;4}
    <span class=sf-dump-index>2112</span> => {<a class=sf-dump-ref>#3874</a> &#8230;4}
    <span class=sf-dump-index>2113</span> => {<a class=sf-dump-ref>#3875</a> &#8230;4}
    <span class=sf-dump-index>2114</span> => {<a class=sf-dump-ref>#3876</a> &#8230;4}
    <span class=sf-dump-index>2115</span> => {<a class=sf-dump-ref>#3877</a> &#8230;4}
    <span class=sf-dump-index>2116</span> => {<a class=sf-dump-ref>#3878</a> &#8230;4}
    <span class=sf-dump-index>2117</span> => {<a class=sf-dump-ref>#3879</a> &#8230;4}
    <span class=sf-dump-index>2118</span> => {<a class=sf-dump-ref>#3880</a> &#8230;4}
    <span class=sf-dump-index>2119</span> => {<a class=sf-dump-ref>#3881</a> &#8230;4}
    <span class=sf-dump-index>2120</span> => {<a class=sf-dump-ref>#3882</a> &#8230;4}
    <span class=sf-dump-index>2121</span> => {<a class=sf-dump-ref>#3883</a> &#8230;4}
    <span class=sf-dump-index>2122</span> => {<a class=sf-dump-ref>#3884</a> &#8230;4}
    <span class=sf-dump-index>2123</span> => {<a class=sf-dump-ref>#3885</a> &#8230;4}
    <span class=sf-dump-index>2124</span> => {<a class=sf-dump-ref>#3886</a> &#8230;4}
    <span class=sf-dump-index>2125</span> => {<a class=sf-dump-ref>#3887</a> &#8230;4}
    <span class=sf-dump-index>2126</span> => {<a class=sf-dump-ref>#3888</a> &#8230;4}
    <span class=sf-dump-index>2127</span> => {<a class=sf-dump-ref>#3889</a> &#8230;4}
    <span class=sf-dump-index>2128</span> => {<a class=sf-dump-ref>#3890</a> &#8230;4}
    <span class=sf-dump-index>2129</span> => {<a class=sf-dump-ref>#3891</a> &#8230;4}
    <span class=sf-dump-index>2130</span> => {<a class=sf-dump-ref>#3892</a> &#8230;4}
    <span class=sf-dump-index>2131</span> => {<a class=sf-dump-ref>#3893</a> &#8230;4}
    <span class=sf-dump-index>2132</span> => {<a class=sf-dump-ref>#3894</a> &#8230;4}
    <span class=sf-dump-index>2133</span> => {<a class=sf-dump-ref>#3895</a> &#8230;4}
    <span class=sf-dump-index>2134</span> => {<a class=sf-dump-ref>#3896</a> &#8230;4}
    <span class=sf-dump-index>2135</span> => {<a class=sf-dump-ref>#3897</a> &#8230;4}
    <span class=sf-dump-index>2136</span> => {<a class=sf-dump-ref>#3898</a> &#8230;4}
    <span class=sf-dump-index>2137</span> => {<a class=sf-dump-ref>#3899</a> &#8230;4}
    <span class=sf-dump-index>2138</span> => {<a class=sf-dump-ref>#3900</a> &#8230;4}
    <span class=sf-dump-index>2139</span> => {<a class=sf-dump-ref>#3901</a> &#8230;4}
    <span class=sf-dump-index>2140</span> => {<a class=sf-dump-ref>#3902</a> &#8230;4}
    <span class=sf-dump-index>2141</span> => {<a class=sf-dump-ref>#3903</a> &#8230;4}
    <span class=sf-dump-index>2142</span> => {<a class=sf-dump-ref>#3904</a> &#8230;4}
    <span class=sf-dump-index>2143</span> => {<a class=sf-dump-ref>#3905</a> &#8230;4}
    <span class=sf-dump-index>2144</span> => {<a class=sf-dump-ref>#3906</a> &#8230;4}
    <span class=sf-dump-index>2145</span> => {<a class=sf-dump-ref>#3907</a> &#8230;4}
    <span class=sf-dump-index>2146</span> => {<a class=sf-dump-ref>#3908</a> &#8230;4}
    <span class=sf-dump-index>2147</span> => {<a class=sf-dump-ref>#3909</a> &#8230;4}
    <span class=sf-dump-index>2148</span> => {<a class=sf-dump-ref>#3910</a> &#8230;4}
    <span class=sf-dump-index>2149</span> => {<a class=sf-dump-ref>#3911</a> &#8230;4}
    <span class=sf-dump-index>2150</span> => {<a class=sf-dump-ref>#3912</a> &#8230;4}
    <span class=sf-dump-index>2151</span> => {<a class=sf-dump-ref>#3913</a> &#8230;4}
    <span class=sf-dump-index>2152</span> => {<a class=sf-dump-ref>#3914</a> &#8230;4}
    <span class=sf-dump-index>2153</span> => {<a class=sf-dump-ref>#3915</a> &#8230;4}
    <span class=sf-dump-index>2154</span> => {<a class=sf-dump-ref>#3916</a> &#8230;4}
    <span class=sf-dump-index>2155</span> => {<a class=sf-dump-ref>#3917</a> &#8230;4}
    <span class=sf-dump-index>2156</span> => {<a class=sf-dump-ref>#3918</a> &#8230;4}
    <span class=sf-dump-index>2157</span> => {<a class=sf-dump-ref>#3919</a> &#8230;4}
    <span class=sf-dump-index>2158</span> => {<a class=sf-dump-ref>#3920</a> &#8230;4}
    <span class=sf-dump-index>2159</span> => {<a class=sf-dump-ref>#3921</a> &#8230;4}
    <span class=sf-dump-index>2160</span> => {<a class=sf-dump-ref>#3922</a> &#8230;4}
    <span class=sf-dump-index>2161</span> => {<a class=sf-dump-ref>#3923</a> &#8230;4}
    <span class=sf-dump-index>2162</span> => {<a class=sf-dump-ref>#3924</a> &#8230;4}
    <span class=sf-dump-index>2163</span> => {<a class=sf-dump-ref>#3925</a> &#8230;4}
    <span class=sf-dump-index>2164</span> => {<a class=sf-dump-ref>#3926</a> &#8230;4}
    <span class=sf-dump-index>2165</span> => {<a class=sf-dump-ref>#3927</a> &#8230;4}
    <span class=sf-dump-index>2166</span> => {<a class=sf-dump-ref>#3928</a> &#8230;4}
    <span class=sf-dump-index>2167</span> => {<a class=sf-dump-ref>#3929</a> &#8230;4}
    <span class=sf-dump-index>2168</span> => {<a class=sf-dump-ref>#3930</a> &#8230;4}
    <span class=sf-dump-index>2169</span> => {<a class=sf-dump-ref>#3931</a> &#8230;4}
    <span class=sf-dump-index>2170</span> => {<a class=sf-dump-ref>#3932</a> &#8230;4}
    <span class=sf-dump-index>2171</span> => {<a class=sf-dump-ref>#3933</a> &#8230;4}
    <span class=sf-dump-index>2172</span> => {<a class=sf-dump-ref>#3934</a> &#8230;4}
    <span class=sf-dump-index>2173</span> => {<a class=sf-dump-ref>#3935</a> &#8230;4}
    <span class=sf-dump-index>2174</span> => {<a class=sf-dump-ref>#3936</a> &#8230;4}
    <span class=sf-dump-index>2175</span> => {<a class=sf-dump-ref>#3937</a> &#8230;4}
    <span class=sf-dump-index>2176</span> => {<a class=sf-dump-ref>#3938</a> &#8230;4}
    <span class=sf-dump-index>2177</span> => {<a class=sf-dump-ref>#3939</a> &#8230;4}
    <span class=sf-dump-index>2178</span> => {<a class=sf-dump-ref>#3940</a> &#8230;4}
    <span class=sf-dump-index>2179</span> => {<a class=sf-dump-ref>#3941</a> &#8230;4}
    <span class=sf-dump-index>2180</span> => {<a class=sf-dump-ref>#3942</a> &#8230;4}
    <span class=sf-dump-index>2181</span> => {<a class=sf-dump-ref>#3943</a> &#8230;4}
    <span class=sf-dump-index>2182</span> => {<a class=sf-dump-ref>#3944</a> &#8230;4}
    <span class=sf-dump-index>2183</span> => {<a class=sf-dump-ref>#3945</a> &#8230;4}
    <span class=sf-dump-index>2184</span> => {<a class=sf-dump-ref>#3946</a> &#8230;4}
    <span class=sf-dump-index>2185</span> => {<a class=sf-dump-ref>#3947</a> &#8230;4}
    <span class=sf-dump-index>2186</span> => {<a class=sf-dump-ref>#3948</a> &#8230;4}
    <span class=sf-dump-index>2187</span> => {<a class=sf-dump-ref>#3949</a> &#8230;4}
    <span class=sf-dump-index>2188</span> => {<a class=sf-dump-ref>#3950</a> &#8230;4}
    <span class=sf-dump-index>2189</span> => {<a class=sf-dump-ref>#3951</a> &#8230;4}
    <span class=sf-dump-index>2190</span> => {<a class=sf-dump-ref>#3952</a> &#8230;4}
    <span class=sf-dump-index>2191</span> => {<a class=sf-dump-ref>#3953</a> &#8230;4}
    <span class=sf-dump-index>2192</span> => {<a class=sf-dump-ref>#3954</a> &#8230;4}
    <span class=sf-dump-index>2193</span> => {<a class=sf-dump-ref>#3955</a> &#8230;4}
    <span class=sf-dump-index>2194</span> => {<a class=sf-dump-ref>#3956</a> &#8230;4}
    <span class=sf-dump-index>2195</span> => {<a class=sf-dump-ref>#3957</a> &#8230;4}
    <span class=sf-dump-index>2196</span> => {<a class=sf-dump-ref>#3958</a> &#8230;4}
    <span class=sf-dump-index>2197</span> => {<a class=sf-dump-ref>#3959</a> &#8230;4}
    <span class=sf-dump-index>2198</span> => {<a class=sf-dump-ref>#3960</a> &#8230;4}
    <span class=sf-dump-index>2199</span> => {<a class=sf-dump-ref>#3961</a> &#8230;4}
    <span class=sf-dump-index>2200</span> => {<a class=sf-dump-ref>#3962</a> &#8230;4}
    <span class=sf-dump-index>2201</span> => {<a class=sf-dump-ref>#3963</a> &#8230;4}
    <span class=sf-dump-index>2202</span> => {<a class=sf-dump-ref>#3964</a> &#8230;4}
    <span class=sf-dump-index>2203</span> => {<a class=sf-dump-ref>#3965</a> &#8230;4}
    <span class=sf-dump-index>2204</span> => {<a class=sf-dump-ref>#3966</a> &#8230;4}
    <span class=sf-dump-index>2205</span> => {<a class=sf-dump-ref>#3967</a> &#8230;4}
    <span class=sf-dump-index>2206</span> => {<a class=sf-dump-ref>#3968</a> &#8230;4}
    <span class=sf-dump-index>2207</span> => {<a class=sf-dump-ref>#3969</a> &#8230;4}
    <span class=sf-dump-index>2208</span> => {<a class=sf-dump-ref>#3970</a> &#8230;4}
    <span class=sf-dump-index>2209</span> => {<a class=sf-dump-ref>#3971</a> &#8230;4}
    <span class=sf-dump-index>2210</span> => {<a class=sf-dump-ref>#3972</a> &#8230;4}
    <span class=sf-dump-index>2211</span> => {<a class=sf-dump-ref>#3973</a> &#8230;4}
    <span class=sf-dump-index>2212</span> => {<a class=sf-dump-ref>#3974</a> &#8230;4}
    <span class=sf-dump-index>2213</span> => {<a class=sf-dump-ref>#3975</a> &#8230;4}
    <span class=sf-dump-index>2214</span> => {<a class=sf-dump-ref>#3976</a> &#8230;4}
    <span class=sf-dump-index>2215</span> => {<a class=sf-dump-ref>#3977</a> &#8230;4}
    <span class=sf-dump-index>2216</span> => {<a class=sf-dump-ref>#3978</a> &#8230;4}
    <span class=sf-dump-index>2217</span> => {<a class=sf-dump-ref>#3979</a> &#8230;4}
    <span class=sf-dump-index>2218</span> => {<a class=sf-dump-ref>#3980</a> &#8230;4}
    <span class=sf-dump-index>2219</span> => {<a class=sf-dump-ref>#3981</a> &#8230;4}
    <span class=sf-dump-index>2220</span> => {<a class=sf-dump-ref>#3982</a> &#8230;4}
    <span class=sf-dump-index>2221</span> => {<a class=sf-dump-ref>#3983</a> &#8230;4}
    <span class=sf-dump-index>2222</span> => {<a class=sf-dump-ref>#3984</a> &#8230;4}
    <span class=sf-dump-index>2223</span> => {<a class=sf-dump-ref>#3985</a> &#8230;4}
    <span class=sf-dump-index>2224</span> => {<a class=sf-dump-ref>#3986</a> &#8230;4}
    <span class=sf-dump-index>2225</span> => {<a class=sf-dump-ref>#3987</a> &#8230;4}
    <span class=sf-dump-index>2226</span> => {<a class=sf-dump-ref>#3988</a> &#8230;4}
    <span class=sf-dump-index>2227</span> => {<a class=sf-dump-ref>#3989</a> &#8230;4}
    <span class=sf-dump-index>2228</span> => {<a class=sf-dump-ref>#3990</a> &#8230;4}
    <span class=sf-dump-index>2229</span> => {<a class=sf-dump-ref>#3991</a> &#8230;4}
    <span class=sf-dump-index>2230</span> => {<a class=sf-dump-ref>#3992</a> &#8230;4}
    <span class=sf-dump-index>2231</span> => {<a class=sf-dump-ref>#3993</a> &#8230;4}
    <span class=sf-dump-index>2232</span> => {<a class=sf-dump-ref>#3994</a> &#8230;4}
    <span class=sf-dump-index>2233</span> => {<a class=sf-dump-ref>#3995</a> &#8230;4}
    <span class=sf-dump-index>2234</span> => {<a class=sf-dump-ref>#3996</a> &#8230;4}
    <span class=sf-dump-index>2235</span> => {<a class=sf-dump-ref>#3997</a> &#8230;4}
    <span class=sf-dump-index>2236</span> => {<a class=sf-dump-ref>#3998</a> &#8230;4}
    <span class=sf-dump-index>2237</span> => {<a class=sf-dump-ref>#3999</a> &#8230;4}
    <span class=sf-dump-index>2238</span> => {<a class=sf-dump-ref>#4000</a> &#8230;4}
    <span class=sf-dump-index>2239</span> => {<a class=sf-dump-ref>#4001</a> &#8230;4}
    <span class=sf-dump-index>2240</span> => {<a class=sf-dump-ref>#4002</a> &#8230;4}
    <span class=sf-dump-index>2241</span> => {<a class=sf-dump-ref>#4003</a> &#8230;4}
    <span class=sf-dump-index>2242</span> => {<a class=sf-dump-ref>#4004</a> &#8230;4}
    <span class=sf-dump-index>2243</span> => {<a class=sf-dump-ref>#4005</a> &#8230;4}
    <span class=sf-dump-index>2244</span> => {<a class=sf-dump-ref>#4006</a> &#8230;4}
    <span class=sf-dump-index>2245</span> => {<a class=sf-dump-ref>#4007</a> &#8230;4}
    <span class=sf-dump-index>2246</span> => {<a class=sf-dump-ref>#4008</a> &#8230;4}
    <span class=sf-dump-index>2247</span> => {<a class=sf-dump-ref>#4009</a> &#8230;4}
    <span class=sf-dump-index>2248</span> => {<a class=sf-dump-ref>#4010</a> &#8230;4}
    <span class=sf-dump-index>2249</span> => {<a class=sf-dump-ref>#4011</a> &#8230;4}
    <span class=sf-dump-index>2250</span> => {<a class=sf-dump-ref>#4012</a> &#8230;4}
    <span class=sf-dump-index>2251</span> => {<a class=sf-dump-ref>#4013</a> &#8230;4}
    <span class=sf-dump-index>2252</span> => {<a class=sf-dump-ref>#4014</a> &#8230;4}
    <span class=sf-dump-index>2253</span> => {<a class=sf-dump-ref>#4015</a> &#8230;4}
    <span class=sf-dump-index>2254</span> => {<a class=sf-dump-ref>#4016</a> &#8230;4}
    <span class=sf-dump-index>2255</span> => {<a class=sf-dump-ref>#4017</a> &#8230;4}
    <span class=sf-dump-index>2256</span> => {<a class=sf-dump-ref>#4018</a> &#8230;4}
    <span class=sf-dump-index>2257</span> => {<a class=sf-dump-ref>#4019</a> &#8230;4}
    <span class=sf-dump-index>2258</span> => {<a class=sf-dump-ref>#4020</a> &#8230;4}
    <span class=sf-dump-index>2259</span> => {<a class=sf-dump-ref>#4021</a> &#8230;4}
    <span class=sf-dump-index>2260</span> => {<a class=sf-dump-ref>#4022</a> &#8230;4}
    <span class=sf-dump-index>2261</span> => {<a class=sf-dump-ref>#4023</a> &#8230;4}
    <span class=sf-dump-index>2262</span> => {<a class=sf-dump-ref>#4024</a> &#8230;4}
    <span class=sf-dump-index>2263</span> => {<a class=sf-dump-ref>#4025</a> &#8230;4}
    <span class=sf-dump-index>2264</span> => {<a class=sf-dump-ref>#4026</a> &#8230;4}
    <span class=sf-dump-index>2265</span> => {<a class=sf-dump-ref>#4027</a> &#8230;4}
    <span class=sf-dump-index>2266</span> => {<a class=sf-dump-ref>#4028</a> &#8230;4}
    <span class=sf-dump-index>2267</span> => {<a class=sf-dump-ref>#4029</a> &#8230;4}
    <span class=sf-dump-index>2268</span> => {<a class=sf-dump-ref>#4030</a> &#8230;4}
    <span class=sf-dump-index>2269</span> => {<a class=sf-dump-ref>#4031</a> &#8230;4}
    <span class=sf-dump-index>2270</span> => {<a class=sf-dump-ref>#4032</a> &#8230;4}
    <span class=sf-dump-index>2271</span> => {<a class=sf-dump-ref>#4033</a> &#8230;4}
    <span class=sf-dump-index>2272</span> => {<a class=sf-dump-ref>#4034</a> &#8230;4}
    <span class=sf-dump-index>2273</span> => {<a class=sf-dump-ref>#4035</a> &#8230;4}
    <span class=sf-dump-index>2274</span> => {<a class=sf-dump-ref>#4036</a> &#8230;4}
    <span class=sf-dump-index>2275</span> => {<a class=sf-dump-ref>#4037</a> &#8230;4}
    <span class=sf-dump-index>2276</span> => {<a class=sf-dump-ref>#4038</a> &#8230;4}
    <span class=sf-dump-index>2277</span> => {<a class=sf-dump-ref>#4039</a> &#8230;4}
    <span class=sf-dump-index>2278</span> => {<a class=sf-dump-ref>#4040</a> &#8230;4}
    <span class=sf-dump-index>2279</span> => {<a class=sf-dump-ref>#4041</a> &#8230;4}
    <span class=sf-dump-index>2280</span> => {<a class=sf-dump-ref>#4042</a> &#8230;4}
    <span class=sf-dump-index>2281</span> => {<a class=sf-dump-ref>#4043</a> &#8230;4}
    <span class=sf-dump-index>2282</span> => {<a class=sf-dump-ref>#4044</a> &#8230;4}
    <span class=sf-dump-index>2283</span> => {<a class=sf-dump-ref>#4045</a> &#8230;4}
    <span class=sf-dump-index>2284</span> => {<a class=sf-dump-ref>#4046</a> &#8230;4}
    <span class=sf-dump-index>2285</span> => {<a class=sf-dump-ref>#4047</a> &#8230;4}
    <span class=sf-dump-index>2286</span> => {<a class=sf-dump-ref>#4048</a> &#8230;4}
    <span class=sf-dump-index>2287</span> => {<a class=sf-dump-ref>#4049</a> &#8230;4}
    <span class=sf-dump-index>2288</span> => {<a class=sf-dump-ref>#4050</a> &#8230;4}
    <span class=sf-dump-index>2289</span> => {<a class=sf-dump-ref>#4051</a> &#8230;4}
    <span class=sf-dump-index>2290</span> => {<a class=sf-dump-ref>#4052</a> &#8230;4}
    <span class=sf-dump-index>2291</span> => {<a class=sf-dump-ref>#4053</a> &#8230;4}
    <span class=sf-dump-index>2292</span> => {<a class=sf-dump-ref>#4054</a> &#8230;4}
    <span class=sf-dump-index>2293</span> => {<a class=sf-dump-ref>#4055</a> &#8230;4}
    <span class=sf-dump-index>2294</span> => {<a class=sf-dump-ref>#4056</a> &#8230;4}
    <span class=sf-dump-index>2295</span> => {<a class=sf-dump-ref>#4057</a> &#8230;4}
    <span class=sf-dump-index>2296</span> => {<a class=sf-dump-ref>#4058</a> &#8230;4}
    <span class=sf-dump-index>2297</span> => {<a class=sf-dump-ref>#4059</a> &#8230;4}
    <span class=sf-dump-index>2298</span> => {<a class=sf-dump-ref>#4060</a> &#8230;4}
    <span class=sf-dump-index>2299</span> => {<a class=sf-dump-ref>#4061</a> &#8230;4}
    <span class=sf-dump-index>2300</span> => {<a class=sf-dump-ref>#4062</a> &#8230;4}
    <span class=sf-dump-index>2301</span> => {<a class=sf-dump-ref>#4063</a> &#8230;4}
    <span class=sf-dump-index>2302</span> => {<a class=sf-dump-ref>#4064</a> &#8230;4}
    <span class=sf-dump-index>2303</span> => {<a class=sf-dump-ref>#4065</a> &#8230;4}
    <span class=sf-dump-index>2304</span> => {<a class=sf-dump-ref>#4066</a> &#8230;4}
    <span class=sf-dump-index>2305</span> => {<a class=sf-dump-ref>#4067</a> &#8230;4}
    <span class=sf-dump-index>2306</span> => {<a class=sf-dump-ref>#4068</a> &#8230;4}
    <span class=sf-dump-index>2307</span> => {<a class=sf-dump-ref>#4069</a> &#8230;4}
    <span class=sf-dump-index>2308</span> => {<a class=sf-dump-ref>#4070</a> &#8230;4}
    <span class=sf-dump-index>2309</span> => {<a class=sf-dump-ref>#4071</a> &#8230;4}
    <span class=sf-dump-index>2310</span> => {<a class=sf-dump-ref>#4072</a> &#8230;4}
    <span class=sf-dump-index>2311</span> => {<a class=sf-dump-ref>#4073</a> &#8230;4}
    <span class=sf-dump-index>2312</span> => {<a class=sf-dump-ref>#4074</a> &#8230;4}
    <span class=sf-dump-index>2313</span> => {<a class=sf-dump-ref>#4075</a> &#8230;4}
    <span class=sf-dump-index>2314</span> => {<a class=sf-dump-ref>#4076</a> &#8230;4}
    <span class=sf-dump-index>2315</span> => {<a class=sf-dump-ref>#4077</a> &#8230;4}
    <span class=sf-dump-index>2316</span> => {<a class=sf-dump-ref>#4078</a> &#8230;4}
    <span class=sf-dump-index>2317</span> => {<a class=sf-dump-ref>#4079</a> &#8230;4}
    <span class=sf-dump-index>2318</span> => {<a class=sf-dump-ref>#4080</a> &#8230;4}
    <span class=sf-dump-index>2319</span> => {<a class=sf-dump-ref>#4081</a> &#8230;4}
    <span class=sf-dump-index>2320</span> => {<a class=sf-dump-ref>#4082</a> &#8230;4}
    <span class=sf-dump-index>2321</span> => {<a class=sf-dump-ref>#4083</a> &#8230;4}
    <span class=sf-dump-index>2322</span> => {<a class=sf-dump-ref>#4084</a> &#8230;4}
    <span class=sf-dump-index>2323</span> => {<a class=sf-dump-ref>#4085</a> &#8230;4}
    <span class=sf-dump-index>2324</span> => {<a class=sf-dump-ref>#4086</a> &#8230;4}
    <span class=sf-dump-index>2325</span> => {<a class=sf-dump-ref>#4087</a> &#8230;4}
    <span class=sf-dump-index>2326</span> => {<a class=sf-dump-ref>#4088</a> &#8230;4}
    <span class=sf-dump-index>2327</span> => {<a class=sf-dump-ref>#4089</a> &#8230;4}
    <span class=sf-dump-index>2328</span> => {<a class=sf-dump-ref>#4090</a> &#8230;4}
    <span class=sf-dump-index>2329</span> => {<a class=sf-dump-ref>#4091</a> &#8230;4}
    <span class=sf-dump-index>2330</span> => {<a class=sf-dump-ref>#4092</a> &#8230;4}
    <span class=sf-dump-index>2331</span> => {<a class=sf-dump-ref>#4093</a> &#8230;4}
    <span class=sf-dump-index>2332</span> => {<a class=sf-dump-ref>#4094</a> &#8230;4}
    <span class=sf-dump-index>2333</span> => {<a class=sf-dump-ref>#4095</a> &#8230;4}
    <span class=sf-dump-index>2334</span> => {<a class=sf-dump-ref>#4096</a> &#8230;4}
    <span class=sf-dump-index>2335</span> => {<a class=sf-dump-ref>#4097</a> &#8230;4}
    <span class=sf-dump-index>2336</span> => {<a class=sf-dump-ref>#4098</a> &#8230;4}
    <span class=sf-dump-index>2337</span> => {<a class=sf-dump-ref>#4099</a> &#8230;4}
    <span class=sf-dump-index>2338</span> => {<a class=sf-dump-ref>#4100</a> &#8230;4}
    <span class=sf-dump-index>2339</span> => {<a class=sf-dump-ref>#4101</a> &#8230;4}
    <span class=sf-dump-index>2340</span> => {<a class=sf-dump-ref>#4102</a> &#8230;4}
    <span class=sf-dump-index>2341</span> => {<a class=sf-dump-ref>#4103</a> &#8230;4}
    <span class=sf-dump-index>2342</span> => {<a class=sf-dump-ref>#4104</a> &#8230;4}
    <span class=sf-dump-index>2343</span> => {<a class=sf-dump-ref>#4105</a> &#8230;4}
    <span class=sf-dump-index>2344</span> => {<a class=sf-dump-ref>#4106</a> &#8230;4}
    <span class=sf-dump-index>2345</span> => {<a class=sf-dump-ref>#4107</a> &#8230;4}
    <span class=sf-dump-index>2346</span> => {<a class=sf-dump-ref>#4108</a> &#8230;4}
    <span class=sf-dump-index>2347</span> => {<a class=sf-dump-ref>#4109</a> &#8230;4}
    <span class=sf-dump-index>2348</span> => {<a class=sf-dump-ref>#4110</a> &#8230;4}
    <span class=sf-dump-index>2349</span> => {<a class=sf-dump-ref>#4111</a> &#8230;4}
    <span class=sf-dump-index>2350</span> => {<a class=sf-dump-ref>#4112</a> &#8230;4}
    <span class=sf-dump-index>2351</span> => {<a class=sf-dump-ref>#4113</a> &#8230;4}
    <span class=sf-dump-index>2352</span> => {<a class=sf-dump-ref>#4114</a> &#8230;4}
    <span class=sf-dump-index>2353</span> => {<a class=sf-dump-ref>#4115</a> &#8230;4}
    <span class=sf-dump-index>2354</span> => {<a class=sf-dump-ref>#4116</a> &#8230;4}
    <span class=sf-dump-index>2355</span> => {<a class=sf-dump-ref>#4117</a> &#8230;4}
    <span class=sf-dump-index>2356</span> => {<a class=sf-dump-ref>#4118</a> &#8230;4}
    <span class=sf-dump-index>2357</span> => {<a class=sf-dump-ref>#4119</a> &#8230;4}
    <span class=sf-dump-index>2358</span> => {<a class=sf-dump-ref>#4120</a> &#8230;4}
    <span class=sf-dump-index>2359</span> => {<a class=sf-dump-ref>#4121</a> &#8230;4}
    <span class=sf-dump-index>2360</span> => {<a class=sf-dump-ref>#4122</a> &#8230;4}
    <span class=sf-dump-index>2361</span> => {<a class=sf-dump-ref>#4123</a> &#8230;4}
    <span class=sf-dump-index>2362</span> => {<a class=sf-dump-ref>#4124</a> &#8230;4}
    <span class=sf-dump-index>2363</span> => {<a class=sf-dump-ref>#4125</a> &#8230;4}
    <span class=sf-dump-index>2364</span> => {<a class=sf-dump-ref>#4126</a> &#8230;4}
    <span class=sf-dump-index>2365</span> => {<a class=sf-dump-ref>#4127</a> &#8230;4}
    <span class=sf-dump-index>2366</span> => {<a class=sf-dump-ref>#4128</a> &#8230;4}
    <span class=sf-dump-index>2367</span> => {<a class=sf-dump-ref>#4129</a> &#8230;4}
    <span class=sf-dump-index>2368</span> => {<a class=sf-dump-ref>#4130</a> &#8230;4}
    <span class=sf-dump-index>2369</span> => {<a class=sf-dump-ref>#4131</a> &#8230;4}
    <span class=sf-dump-index>2370</span> => {<a class=sf-dump-ref>#4132</a> &#8230;4}
    <span class=sf-dump-index>2371</span> => {<a class=sf-dump-ref>#4133</a> &#8230;4}
    <span class=sf-dump-index>2372</span> => {<a class=sf-dump-ref>#4134</a> &#8230;4}
    <span class=sf-dump-index>2373</span> => {<a class=sf-dump-ref>#4135</a> &#8230;4}
    <span class=sf-dump-index>2374</span> => {<a class=sf-dump-ref>#4136</a> &#8230;4}
    <span class=sf-dump-index>2375</span> => {<a class=sf-dump-ref>#4137</a> &#8230;4}
    <span class=sf-dump-index>2376</span> => {<a class=sf-dump-ref>#4138</a> &#8230;4}
    <span class=sf-dump-index>2377</span> => {<a class=sf-dump-ref>#4139</a> &#8230;4}
    <span class=sf-dump-index>2378</span> => {<a class=sf-dump-ref>#4140</a> &#8230;4}
    <span class=sf-dump-index>2379</span> => {<a class=sf-dump-ref>#4141</a> &#8230;4}
    <span class=sf-dump-index>2380</span> => {<a class=sf-dump-ref>#4142</a> &#8230;4}
    <span class=sf-dump-index>2381</span> => {<a class=sf-dump-ref>#4143</a> &#8230;4}
    <span class=sf-dump-index>2382</span> => {<a class=sf-dump-ref>#4144</a> &#8230;4}
    <span class=sf-dump-index>2383</span> => {<a class=sf-dump-ref>#4145</a> &#8230;4}
    <span class=sf-dump-index>2384</span> => {<a class=sf-dump-ref>#4146</a> &#8230;4}
    <span class=sf-dump-index>2385</span> => {<a class=sf-dump-ref>#4147</a> &#8230;4}
    <span class=sf-dump-index>2386</span> => {<a class=sf-dump-ref>#4148</a> &#8230;4}
    <span class=sf-dump-index>2387</span> => {<a class=sf-dump-ref>#4149</a> &#8230;4}
    <span class=sf-dump-index>2388</span> => {<a class=sf-dump-ref>#4150</a> &#8230;4}
    <span class=sf-dump-index>2389</span> => {<a class=sf-dump-ref>#4151</a> &#8230;4}
    <span class=sf-dump-index>2390</span> => {<a class=sf-dump-ref>#4152</a> &#8230;4}
    <span class=sf-dump-index>2391</span> => {<a class=sf-dump-ref>#4153</a> &#8230;4}
    <span class=sf-dump-index>2392</span> => {<a class=sf-dump-ref>#4154</a> &#8230;4}
    <span class=sf-dump-index>2393</span> => {<a class=sf-dump-ref>#4155</a> &#8230;4}
    <span class=sf-dump-index>2394</span> => {<a class=sf-dump-ref>#4156</a> &#8230;4}
    <span class=sf-dump-index>2395</span> => {<a class=sf-dump-ref>#4157</a> &#8230;4}
    <span class=sf-dump-index>2396</span> => {<a class=sf-dump-ref>#4158</a> &#8230;4}
    <span class=sf-dump-index>2397</span> => {<a class=sf-dump-ref>#4159</a> &#8230;4}
    <span class=sf-dump-index>2398</span> => {<a class=sf-dump-ref>#4160</a> &#8230;4}
    <span class=sf-dump-index>2399</span> => {<a class=sf-dump-ref>#4161</a> &#8230;4}
    <span class=sf-dump-index>2400</span> => {<a class=sf-dump-ref>#4162</a> &#8230;4}
    <span class=sf-dump-index>2401</span> => {<a class=sf-dump-ref>#4163</a> &#8230;4}
    <span class=sf-dump-index>2402</span> => {<a class=sf-dump-ref>#4164</a> &#8230;4}
    <span class=sf-dump-index>2403</span> => {<a class=sf-dump-ref>#4165</a> &#8230;4}
    <span class=sf-dump-index>2404</span> => {<a class=sf-dump-ref>#4166</a> &#8230;4}
    <span class=sf-dump-index>2405</span> => {<a class=sf-dump-ref>#4167</a> &#8230;4}
    <span class=sf-dump-index>2406</span> => {<a class=sf-dump-ref>#4168</a> &#8230;4}
    <span class=sf-dump-index>2407</span> => {<a class=sf-dump-ref>#4169</a> &#8230;4}
    <span class=sf-dump-index>2408</span> => {<a class=sf-dump-ref>#4170</a> &#8230;4}
    <span class=sf-dump-index>2409</span> => {<a class=sf-dump-ref>#4171</a> &#8230;4}
    <span class=sf-dump-index>2410</span> => {<a class=sf-dump-ref>#4172</a> &#8230;4}
    <span class=sf-dump-index>2411</span> => {<a class=sf-dump-ref>#4173</a> &#8230;4}
    <span class=sf-dump-index>2412</span> => {<a class=sf-dump-ref>#4174</a> &#8230;4}
    <span class=sf-dump-index>2413</span> => {<a class=sf-dump-ref>#4175</a> &#8230;4}
    <span class=sf-dump-index>2414</span> => {<a class=sf-dump-ref>#4176</a> &#8230;4}
    <span class=sf-dump-index>2415</span> => {<a class=sf-dump-ref>#4177</a> &#8230;4}
    <span class=sf-dump-index>2416</span> => {<a class=sf-dump-ref>#4178</a> &#8230;4}
    <span class=sf-dump-index>2417</span> => {<a class=sf-dump-ref>#4179</a> &#8230;4}
    <span class=sf-dump-index>2418</span> => {<a class=sf-dump-ref>#4180</a> &#8230;4}
    <span class=sf-dump-index>2419</span> => {<a class=sf-dump-ref>#4181</a> &#8230;4}
    <span class=sf-dump-index>2420</span> => {<a class=sf-dump-ref>#4182</a> &#8230;4}
    <span class=sf-dump-index>2421</span> => {<a class=sf-dump-ref>#4183</a> &#8230;4}
    <span class=sf-dump-index>2422</span> => {<a class=sf-dump-ref>#4184</a> &#8230;4}
    <span class=sf-dump-index>2423</span> => {<a class=sf-dump-ref>#4185</a> &#8230;4}
    <span class=sf-dump-index>2424</span> => {<a class=sf-dump-ref>#4186</a> &#8230;4}
    <span class=sf-dump-index>2425</span> => {<a class=sf-dump-ref>#4187</a> &#8230;4}
    <span class=sf-dump-index>2426</span> => {<a class=sf-dump-ref>#4188</a> &#8230;4}
    <span class=sf-dump-index>2427</span> => {<a class=sf-dump-ref>#4189</a> &#8230;4}
    <span class=sf-dump-index>2428</span> => {<a class=sf-dump-ref>#4190</a> &#8230;4}
    <span class=sf-dump-index>2429</span> => {<a class=sf-dump-ref>#4191</a> &#8230;4}
    <span class=sf-dump-index>2430</span> => {<a class=sf-dump-ref>#4192</a> &#8230;4}
    <span class=sf-dump-index>2431</span> => {<a class=sf-dump-ref>#4193</a> &#8230;4}
    <span class=sf-dump-index>2432</span> => {<a class=sf-dump-ref>#4194</a> &#8230;4}
    <span class=sf-dump-index>2433</span> => {<a class=sf-dump-ref>#4195</a> &#8230;4}
    <span class=sf-dump-index>2434</span> => {<a class=sf-dump-ref>#4196</a> &#8230;4}
    <span class=sf-dump-index>2435</span> => {<a class=sf-dump-ref>#4197</a> &#8230;4}
    <span class=sf-dump-index>2436</span> => {<a class=sf-dump-ref>#4198</a> &#8230;4}
    <span class=sf-dump-index>2437</span> => {<a class=sf-dump-ref>#4199</a> &#8230;4}
    <span class=sf-dump-index>2438</span> => {<a class=sf-dump-ref>#4200</a> &#8230;4}
    <span class=sf-dump-index>2439</span> => {<a class=sf-dump-ref>#4201</a> &#8230;4}
    <span class=sf-dump-index>2440</span> => {<a class=sf-dump-ref>#4202</a> &#8230;4}
    <span class=sf-dump-index>2441</span> => {<a class=sf-dump-ref>#4203</a> &#8230;4}
    <span class=sf-dump-index>2442</span> => {<a class=sf-dump-ref>#4204</a> &#8230;4}
    <span class=sf-dump-index>2443</span> => {<a class=sf-dump-ref>#4205</a> &#8230;4}
    <span class=sf-dump-index>2444</span> => {<a class=sf-dump-ref>#4206</a> &#8230;4}
    <span class=sf-dump-index>2445</span> => {<a class=sf-dump-ref>#4207</a> &#8230;4}
    <span class=sf-dump-index>2446</span> => {<a class=sf-dump-ref>#4208</a> &#8230;4}
    <span class=sf-dump-index>2447</span> => {<a class=sf-dump-ref>#4209</a> &#8230;4}
    <span class=sf-dump-index>2448</span> => {<a class=sf-dump-ref>#4210</a> &#8230;4}
    <span class=sf-dump-index>2449</span> => {<a class=sf-dump-ref>#4211</a> &#8230;4}
    <span class=sf-dump-index>2450</span> => {<a class=sf-dump-ref>#4212</a> &#8230;4}
    <span class=sf-dump-index>2451</span> => {<a class=sf-dump-ref>#4213</a> &#8230;4}
    <span class=sf-dump-index>2452</span> => {<a class=sf-dump-ref>#4214</a> &#8230;4}
    <span class=sf-dump-index>2453</span> => {<a class=sf-dump-ref>#4215</a> &#8230;4}
    <span class=sf-dump-index>2454</span> => {<a class=sf-dump-ref>#4216</a> &#8230;4}
    <span class=sf-dump-index>2455</span> => {<a class=sf-dump-ref>#4217</a> &#8230;4}
    <span class=sf-dump-index>2456</span> => {<a class=sf-dump-ref>#4218</a> &#8230;4}
    <span class=sf-dump-index>2457</span> => {<a class=sf-dump-ref>#4219</a> &#8230;4}
    <span class=sf-dump-index>2458</span> => {<a class=sf-dump-ref>#4220</a> &#8230;4}
    <span class=sf-dump-index>2459</span> => {<a class=sf-dump-ref>#4221</a> &#8230;4}
    <span class=sf-dump-index>2460</span> => {<a class=sf-dump-ref>#4222</a> &#8230;4}
    <span class=sf-dump-index>2461</span> => {<a class=sf-dump-ref>#4223</a> &#8230;4}
    <span class=sf-dump-index>2462</span> => {<a class=sf-dump-ref>#4224</a> &#8230;4}
    <span class=sf-dump-index>2463</span> => {<a class=sf-dump-ref>#4225</a> &#8230;4}
    <span class=sf-dump-index>2464</span> => {<a class=sf-dump-ref>#4226</a> &#8230;4}
    <span class=sf-dump-index>2465</span> => {<a class=sf-dump-ref>#4227</a> &#8230;4}
    <span class=sf-dump-index>2466</span> => {<a class=sf-dump-ref>#4228</a> &#8230;4}
    <span class=sf-dump-index>2467</span> => {<a class=sf-dump-ref>#4229</a> &#8230;4}
    <span class=sf-dump-index>2468</span> => {<a class=sf-dump-ref>#4230</a> &#8230;4}
    <span class=sf-dump-index>2469</span> => {<a class=sf-dump-ref>#4231</a> &#8230;4}
    <span class=sf-dump-index>2470</span> => {<a class=sf-dump-ref>#4232</a> &#8230;4}
    <span class=sf-dump-index>2471</span> => {<a class=sf-dump-ref>#4233</a> &#8230;4}
    <span class=sf-dump-index>2472</span> => {<a class=sf-dump-ref>#4234</a> &#8230;4}
    <span class=sf-dump-index>2473</span> => {<a class=sf-dump-ref>#4235</a> &#8230;4}
    <span class=sf-dump-index>2474</span> => {<a class=sf-dump-ref>#4236</a> &#8230;4}
    <span class=sf-dump-index>2475</span> => {<a class=sf-dump-ref>#4237</a> &#8230;4}
    <span class=sf-dump-index>2476</span> => {<a class=sf-dump-ref>#4238</a> &#8230;4}
    <span class=sf-dump-index>2477</span> => {<a class=sf-dump-ref>#4239</a> &#8230;4}
    <span class=sf-dump-index>2478</span> => {<a class=sf-dump-ref>#4240</a> &#8230;4}
    <span class=sf-dump-index>2479</span> => {<a class=sf-dump-ref>#4241</a> &#8230;4}
    <span class=sf-dump-index>2480</span> => {<a class=sf-dump-ref>#4242</a> &#8230;4}
    <span class=sf-dump-index>2481</span> => {<a class=sf-dump-ref>#4243</a> &#8230;4}
    <span class=sf-dump-index>2482</span> => {<a class=sf-dump-ref>#4244</a> &#8230;4}
    <span class=sf-dump-index>2483</span> => {<a class=sf-dump-ref>#4245</a> &#8230;4}
    <span class=sf-dump-index>2484</span> => {<a class=sf-dump-ref>#4246</a> &#8230;4}
    <span class=sf-dump-index>2485</span> => {<a class=sf-dump-ref>#4247</a> &#8230;4}
    <span class=sf-dump-index>2486</span> => {<a class=sf-dump-ref>#4248</a> &#8230;4}
    <span class=sf-dump-index>2487</span> => {<a class=sf-dump-ref>#4249</a> &#8230;4}
    <span class=sf-dump-index>2488</span> => {<a class=sf-dump-ref>#4250</a> &#8230;4}
    <span class=sf-dump-index>2489</span> => {<a class=sf-dump-ref>#4251</a> &#8230;4}
    <span class=sf-dump-index>2490</span> => {<a class=sf-dump-ref>#4252</a> &#8230;4}
    <span class=sf-dump-index>2491</span> => {<a class=sf-dump-ref>#4253</a> &#8230;4}
    <span class=sf-dump-index>2492</span> => {<a class=sf-dump-ref>#4254</a> &#8230;4}
    <span class=sf-dump-index>2493</span> => {<a class=sf-dump-ref>#4255</a> &#8230;4}
    <span class=sf-dump-index>2494</span> => {<a class=sf-dump-ref>#4256</a> &#8230;4}
    <span class=sf-dump-index>2495</span> => {<a class=sf-dump-ref>#4257</a> &#8230;4}
    <span class=sf-dump-index>2496</span> => {<a class=sf-dump-ref>#4258</a> &#8230;4}
    <span class=sf-dump-index>2497</span> => {<a class=sf-dump-ref>#4259</a> &#8230;4}
    <span class=sf-dump-index>2498</span> => {<a class=sf-dump-ref>#4260</a> &#8230;4}
    <span class=sf-dump-index>2499</span> => {<a class=sf-dump-ref>#4261</a> &#8230;4}
     &#8230;18762
  </samp>]
  #<span class=sf-dump-protected title=\"Protected property\">escapeWhenCastingToString</span>: <span class=sf-dump-const>false</span>
</samp>}
</pre><script>Sfdump(\"sf-dump-381566098\", {\"maxDepth\":3,\"maxStringLength\":160})</script>
"}},"userId":37,"exception":"[object] (Spatie\\LaravelIgnition\\Exceptions\\ViewException(code: 0): Undefined variable $startNum at C:/xampp/htdocs/edhartiMain/resources/views/report/lease-hold-demand-report.blade.php:174)
[stacktrace]
#0 C:/xampp/htdocs/edhartiMain/vendor/laravel/framework/src/Illuminate/Filesystem/Filesystem.php(123): require('C://xampp//htdocs...')
#1 C:/xampp/htdocs/edhartiMain/vendor/laravel/framework/src/Illuminate/Filesystem/Filesystem.php(124): Illuminate/Filesystem/Filesystem::Illuminate/Filesystem/{closure}()
#2 C:/xampp/htdocs/edhartiMain/vendor/laravel/framework/src/Illuminate/View/Engines/PhpEngine.php(58): Illuminate/Filesystem/Filesystem->getRequire('C://xampp//htdocs...', Array)
#3 C:/xampp/htdocs/edhartiMain/vendor/laravel/framework/src/Illuminate/View/Engines/CompilerEngine.php(72): Illuminate/View/Engines/PhpEngine->evaluatePath('C://xampp//htdocs...', Array)
#4 C:/xampp/htdocs/edhartiMain/vendor/laravel/framework/src/Illuminate/View/View.php(207): Illuminate/View/Engines/CompilerEngine->get('C://xampp//htdocs...', Array)
#5 C:/xampp/htdocs/edhartiMain/vendor/laravel/framework/src/Illuminate/View/View.php(190): Illuminate/View/View->getContents()
#6 C:/xampp/htdocs/edhartiMain/vendor/laravel/framework/src/Illuminate/View/View.php(159): Illuminate/View/View->renderContents()
#7 C:/xampp/htdocs/edhartiMain/vendor/laravel/framework/src/Illuminate/Http/Response.php(69): Illuminate/View/View->render()
#8 C:/xampp/htdocs/edhartiMain/vendor/laravel/framework/src/Illuminate/Http/Response.php(35): Illuminate/Http/Response->setContent(Object(Illuminate/View/View))
#9 C:/xampp/htdocs/edhartiMain/vendor/laravel/framework/src/Illuminate/Routing/Router.php(918): Illuminate/Http/Response->__construct(Object(Illuminate/View/View), 200, Array)
#10 C:/xampp/htdocs/edhartiMain/vendor/laravel/framework/src/Illuminate/Routing/Router.php(885): Illuminate/Routing/Router::toResponse(Object(Illuminate/Http/Request), Object(Illuminate/View/View))
#11 C:/xampp/htdocs/edhartiMain/vendor/laravel/framework/src/Illuminate/Routing/Router.php(805): Illuminate/Routing/Router->prepareResponse(Object(Illuminate/Http/Request), Object(Illuminate/View/View))
#12 C:/xampp/htdocs/edhartiMain/vendor/laravel/framework/src/Illuminate/Pipeline/Pipeline.php(144): Illuminate/Routing/Router->Illuminate/Routing/{closure}(Object(Illuminate/Http/Request))
#13 C:/xampp/htdocs/edhartiMain/app/Http/Middleware/OldRegistrationsMiddleware.php(140): Illuminate/Pipeline/Pipeline->Illuminate/Pipeline/{closure}(Object(Illuminate/Http/Request))
#14 C:/xampp/htdocs/edhartiMain/vendor/laravel/framework/src/Illuminate/Pipeline/Pipeline.php(183): App/Http/Middleware/OldRegistrationsMiddleware->handle(Object(Illuminate/Http/Request), Object(Closure))
#15 C:/xampp/htdocs/edhartiMain/app/Http/Middleware/VerifySessionIntegrity.php(43): Illuminate/Pipeline/Pipeline->Illuminate/Pipeline/{closure}(Object(Illuminate/Http/Request))
#16 C:/xampp/htdocs/edhartiMain/vendor/laravel/framework/src/Illuminate/Pipeline/Pipeline.php(183): App/Http/Middleware/VerifySessionIntegrity->handle(Object(Illuminate/Http/Request), Object(Closure))
#17 C:/xampp/htdocs/edhartiMain/app/Http/Middleware/SanitizeInput.php(32): Illuminate/Pipeline/Pipeline->Illuminate/Pipeline/{closure}(Object(Illuminate/Http/Request))
#18 C:/xampp/htdocs/edhartiMain/vendor/laravel/framework/src/Illuminate/Pipeline/Pipeline.php(183): App/Http/Middleware/SanitizeInput->handle(Object(Illuminate/Http/Request), Object(Closure))
#19 C:/xampp/htdocs/edhartiMain/vendor/laravel/framework/src/Illuminate/Routing/Middleware/SubstituteBindings.php(50): Illuminate/Pipeline/Pipeline->Illuminate/Pipeline/{closure}(Object(Illuminate/Http/Request))
#20 C:/xampp/htdocs/edhartiMain/vendor/laravel/framework/src/Illuminate/Pipeline/Pipeline.php(183): Illuminate/Routing/Middleware/SubstituteBindings->handle(Object(Illuminate/Http/Request), Object(Closure))
#21 C:/xampp/htdocs/edhartiMain/vendor/laravel/framework/src/Illuminate/Auth/Middleware/Authenticate.php(57): Illuminate/Pipeline/Pipeline->Illuminate/Pipeline/{closure}(Object(Illuminate/Http/Request))
#22 C:/xampp/htdocs/edhartiMain/vendor/laravel/framework/src/Illuminate/Pipeline/Pipeline.php(183): Illuminate/Auth/Middleware/Authenticate->handle(Object(Illuminate/Http/Request), Object(Closure))
#23 C:/xampp/htdocs/edhartiMain/vendor/laravel/framework/src/Illuminate/Foundation/Http/Middleware/VerifyCsrfToken.php(78): Illuminate/Pipeline/Pipeline->Illuminate/Pipeline/{closure}(Object(Illuminate/Http/Request))
#24 C:/xampp/htdocs/edhartiMain/vendor/laravel/framework/src/Illuminate/Pipeline/Pipeline.php(183): Illuminate/Foundation/Http/Middleware/VerifyCsrfToken->handle(Object(Illuminate/Http/Request), Object(Closure))
#25 C:/xampp/htdocs/edhartiMain/vendor/laravel/framework/src/Illuminate/View/Middleware/ShareErrorsFromSession.php(49): Illuminate/Pipeline/Pipeline->Illuminate/Pipeline/{closure}(Object(Illuminate/Http/Request))
#26 C:/xampp/htdocs/edhartiMain/vendor/laravel/framework/src/Illuminate/Pipeline/Pipeline.php(183): Illuminate/View/Middleware/ShareErrorsFromSession->handle(Object(Illuminate/Http/Request), Object(Closure))
#27 C:/xampp/htdocs/edhartiMain/vendor/laravel/framework/src/Illuminate/Session/Middleware/StartSession.php(121): Illuminate/Pipeline/Pipeline->Illuminate/Pipeline/{closure}(Object(Illuminate/Http/Request))
#28 C:/xampp/htdocs/edhartiMain/vendor/laravel/framework/src/Illuminate/Session/Middleware/StartSession.php(64): Illuminate/Session/Middleware/StartSession->handleStatefulRequest(Object(Illuminate/Http/Request), Object(Illuminate/Session/Store), Object(Closure))
#29 C:/xampp/htdocs/edhartiMain/vendor/laravel/framework/src/Illuminate/Pipeline/Pipeline.php(183): Illuminate/Session/Middleware/StartSession->handle(Object(Illuminate/Http/Request), Object(Closure))
#30 C:/xampp/htdocs/edhartiMain/vendor/laravel/framework/src/Illuminate/Cookie/Middleware/AddQueuedCookiesToResponse.php(37): Illuminate/Pipeline/Pipeline->Illuminate/Pipeline/{closure}(Object(Illuminate/Http/Request))
#31 C:/xampp/htdocs/edhartiMain/vendor/laravel/framework/src/Illuminate/Pipeline/Pipeline.php(183): Illuminate/Cookie/Middleware/AddQueuedCookiesToResponse->handle(Object(Illuminate/Http/Request), Object(Closure))
#32 C:/xampp/htdocs/edhartiMain/vendor/laravel/framework/src/Illuminate/Cookie/Middleware/EncryptCookies.php(67): Illuminate/Pipeline/Pipeline->Illuminate/Pipeline/{closure}(Object(Illuminate/Http/Request))
#33 C:/xampp/htdocs/edhartiMain/vendor/laravel/framework/src/Illuminate/Pipeline/Pipeline.php(183): Illuminate/Cookie/Middleware/EncryptCookies->handle(Object(Illuminate/Http/Request), Object(Closure))
#34 C:/xampp/htdocs/edhartiMain/vendor/laravel/framework/src/Illuminate/Pipeline/Pipeline.php(119): Illuminate/Pipeline/Pipeline->Illuminate/Pipeline/{closure}(Object(Illuminate/Http/Request))
#35 C:/xampp/htdocs/edhartiMain/vendor/laravel/framework/src/Illuminate/Routing/Router.php(805): Illuminate/Pipeline/Pipeline->then(Object(Closure))
#36 C:/xampp/htdocs/edhartiMain/vendor/laravel/framework/src/Illuminate/Routing/Router.php(784): Illuminate/Routing/Router->runRouteWithinStack(Object(Illuminate/Routing/Route), Object(Illuminate/Http/Request))
#37 C:/xampp/htdocs/edhartiMain/vendor/laravel/framework/src/Illuminate/Routing/Router.php(748): Illuminate/Routing/Router->runRoute(Object(Illuminate/Http/Request), Object(Illuminate/Routing/Route))
#38 C:/xampp/htdocs/edhartiMain/vendor/laravel/framework/src/Illuminate/Routing/Router.php(737): Illuminate/Routing/Router->dispatchToRoute(Object(Illuminate/Http/Request))
#39 C:/xampp/htdocs/edhartiMain/vendor/laravel/framework/src/Illuminate/Foundation/Http/Kernel.php(200): Illuminate/Routing/Router->dispatch(Object(Illuminate/Http/Request))
#40 C:/xampp/htdocs/edhartiMain/vendor/laravel/framework/src/Illuminate/Pipeline/Pipeline.php(144): Illuminate/Foundation/Http/Kernel->Illuminate/Foundation/Http/{closure}(Object(Illuminate/Http/Request))
#41 C:/xampp/htdocs/edhartiMain/app/Http/Middleware/PreventClickjacking.php(18): Illuminate/Pipeline/Pipeline->Illuminate/Pipeline/{closure}(Object(Illuminate/Http/Request))
#42 C:/xampp/htdocs/edhartiMain/vendor/laravel/framework/src/Illuminate/Pipeline/Pipeline.php(183): App/Http/Middleware/PreventClickjacking->handle(Object(Illuminate/Http/Request), Object(Closure))
#43 C:/xampp/htdocs/edhartiMain/vendor/laravel/framework/src/Illuminate/Foundation/Http/Middleware/TransformsRequest.php(21): Illuminate/Pipeline/Pipeline->Illuminate/Pipeline/{closure}(Object(Illuminate/Http/Request))
#44 C:/xampp/htdocs/edhartiMain/vendor/laravel/framework/src/Illuminate/Foundation/Http/Middleware/ConvertEmptyStringsToNull.php(31): Illuminate/Foundation/Http/Middleware/TransformsRequest->handle(Object(Illuminate/Http/Request), Object(Closure))
#45 C:/xampp/htdocs/edhartiMain/vendor/laravel/framework/src/Illuminate/Pipeline/Pipeline.php(183): Illuminate/Foundation/Http/Middleware/ConvertEmptyStringsToNull->handle(Object(Illuminate/Http/Request), Object(Closure))
#46 C:/xampp/htdocs/edhartiMain/vendor/laravel/framework/src/Illuminate/Foundation/Http/Middleware/TransformsRequest.php(21): Illuminate/Pipeline/Pipeline->Illuminate/Pipeline/{closure}(Object(Illuminate/Http/Request))
#47 C:/xampp/htdocs/edhartiMain/vendor/laravel/framework/src/Illuminate/Foundation/Http/Middleware/TrimStrings.php(40): Illuminate/Foundation/Http/Middleware/TransformsRequest->handle(Object(Illuminate/Http/Request), Object(Closure))
#48 C:/xampp/htdocs/edhartiMain/vendor/laravel/framework/src/Illuminate/Pipeline/Pipeline.php(183): Illuminate/Foundation/Http/Middleware/TrimStrings->handle(Object(Illuminate/Http/Request), Object(Closure))
#49 C:/xampp/htdocs/edhartiMain/vendor/laravel/framework/src/Illuminate/Foundation/Http/Middleware/ValidatePostSize.php(27): Illuminate/Pipeline/Pipeline->Illuminate/Pipeline/{closure}(Object(Illuminate/Http/Request))
#50 C:/xampp/htdocs/edhartiMain/vendor/laravel/framework/src/Illuminate/Pipeline/Pipeline.php(183): Illuminate/Foundation/Http/Middleware/ValidatePostSize->handle(Object(Illuminate/Http/Request), Object(Closure))
#51 C:/xampp/htdocs/edhartiMain/vendor/laravel/framework/src/Illuminate/Foundation/Http/Middleware/PreventRequestsDuringMaintenance.php(99): Illuminate/Pipeline/Pipeline->Illuminate/Pipeline/{closure}(Object(Illuminate/Http/Request))
#52 C:/xampp/htdocs/edhartiMain/vendor/laravel/framework/src/Illuminate/Pipeline/Pipeline.php(183): Illuminate/Foundation/Http/Middleware/PreventRequestsDuringMaintenance->handle(Object(Illuminate/Http/Request), Object(Closure))
#53 C:/xampp/htdocs/edhartiMain/vendor/laravel/framework/src/Illuminate/Http/Middleware/HandleCors.php(49): Illuminate/Pipeline/Pipeline->Illuminate/Pipeline/{closure}(Object(Illuminate/Http/Request))
#54 C:/xampp/htdocs/edhartiMain/vendor/laravel/framework/src/Illuminate/Pipeline/Pipeline.php(183): Illuminate/Http/Middleware/HandleCors->handle(Object(Illuminate/Http/Request), Object(Closure))
#55 C:/xampp/htdocs/edhartiMain/vendor/laravel/framework/src/Illuminate/Http/Middleware/TrustProxies.php(39): Illuminate/Pipeline/Pipeline->Illuminate/Pipeline/{closure}(Object(Illuminate/Http/Request))
#56 C:/xampp/htdocs/edhartiMain/vendor/laravel/framework/src/Illuminate/Pipeline/Pipeline.php(183): Illuminate/Http/Middleware/TrustProxies->handle(Object(Illuminate/Http/Request), Object(Closure))
#57 C:/xampp/htdocs/edhartiMain/vendor/laravel/framework/src/Illuminate/Pipeline/Pipeline.php(119): Illuminate/Pipeline/Pipeline->Illuminate/Pipeline/{closure}(Object(Illuminate/Http/Request))
#58 C:/xampp/htdocs/edhartiMain/vendor/laravel/framework/src/Illuminate/Foundation/Http/Kernel.php(175): Illuminate/Pipeline/Pipeline->then(Object(Closure))
#59 C:/xampp/htdocs/edhartiMain/vendor/laravel/framework/src/Illuminate/Foundation/Http/Kernel.php(144): Illuminate/Foundation/Http/Kernel->sendRequestThroughRouter(Object(Illuminate/Http/Request))
#60 C:/xampp/htdocs/edhartiMain/public/index.php(51): Illuminate/Foundation/Http/Kernel->handle(Object(Illuminate/Http/Request))
#61 C:/xampp/htdocs/edhartiMain/vendor/laravel/framework/src/Illuminate/Foundation/resources/server.php(16): require_once('C://xampp//htdocs...')
#62 {main}

[previous exception] [object] (ErrorException(code: 0): Undefined variable $startNum at C:/xampp/htdocs/edhartiMain/storage/framework/views/be5c64011d6c6d62229518fedc1663c4.php:57)
[stacktrace]
#0 C:/xampp/htdocs/edhartiMain/vendor/laravel/framework/src/Illuminate/Foundation/Bootstrap/HandleExceptions.php(255): Illuminate/Foundation/Bootstrap/HandleExceptions->handleError(2, 'Undefined varia...', 'C://xampp//htdocs...', 57)
#1 C:/xampp/htdocs/edhartiMain/storage/framework/views/be5c64011d6c6d62229518fedc1663c4.php(57): Illuminate/Foundation/Bootstrap/HandleExceptions->Illuminate/Foundation/Bootstrap/{closure}(2, 'Undefined varia...', 'C://xampp//htdocs...', 57)
#2 C:/xampp/htdocs/edhartiMain/vendor/laravel/framework/src/Illuminate/Filesystem/Filesystem.php(123): require('C://xampp//htdocs...')
#3 C:/xampp/htdocs/edhartiMain/vendor/laravel/framework/src/Illuminate/Filesystem/Filesystem.php(124): Illuminate/Filesystem/Filesystem::Illuminate/Filesystem/{closure}()
#4 C:/xampp/htdocs/edhartiMain/vendor/laravel/framework/src/Illuminate/View/Engines/PhpEngine.php(58): Illuminate/Filesystem/Filesystem->getRequire('C://xampp//htdocs...', Array)
#5 C:/xampp/htdocs/edhartiMain/vendor/laravel/framework/src/Illuminate/View/Engines/CompilerEngine.php(72): Illuminate/View/Engines/PhpEngine->evaluatePath('C://xampp//htdocs...', Array)
#6 C:/xampp/htdocs/edhartiMain/vendor/laravel/framework/src/Illuminate/View/View.php(207): Illuminate/View/Engines/CompilerEngine->get('C://xampp//htdocs...', Array)
#7 C:/xampp/htdocs/edhartiMain/vendor/laravel/framework/src/Illuminate/View/View.php(190): Illuminate/View/View->getContents()
#8 C:/xampp/htdocs/edhartiMain/vendor/laravel/framework/src/Illuminate/View/View.php(159): Illuminate/View/View->renderContents()
#9 C:/xampp/htdocs/edhartiMain/vendor/laravel/framework/src/Illuminate/Http/Response.php(69): Illuminate/View/View->render()
#10 C:/xampp/htdocs/edhartiMain/vendor/laravel/framework/src/Illuminate/Http/Response.php(35): Illuminate/Http/Response->setContent(Object(Illuminate/View/View))
#11 C:/xampp/htdocs/edhartiMain/vendor/laravel/framework/src/Illuminate/Routing/Router.php(918): Illuminate/Http/Response->__construct(Object(Illuminate/View/View), 200, Array)
#12 C:/xampp/htdocs/edhartiMain/vendor/laravel/framework/src/Illuminate/Routing/Router.php(885): Illuminate/Routing/Router::toResponse(Object(Illuminate/Http/Request), Object(Illuminate/View/View))
#13 C:/xampp/htdocs/edhartiMain/vendor/laravel/framework/src/Illuminate/Routing/Router.php(805): Illuminate/Routing/Router->prepareResponse(Object(Illuminate/Http/Request), Object(Illuminate/View/View))
#14 C:/xampp/htdocs/edhartiMain/vendor/laravel/framework/src/Illuminate/Pipeline/Pipeline.php(144): Illuminate/Routing/Router->Illuminate/Routing/{closure}(Object(Illuminate/Http/Request))
#15 C:/xampp/htdocs/edhartiMain/app/Http/Middleware/OldRegistrationsMiddleware.php(140): Illuminate/Pipeline/Pipeline->Illuminate/Pipeline/{closure}(Object(Illuminate/Http/Request))
#16 C:/xampp/htdocs/edhartiMain/vendor/laravel/framework/src/Illuminate/Pipeline/Pipeline.php(183): App/Http/Middleware/OldRegistrationsMiddleware->handle(Object(Illuminate/Http/Request), Object(Closure))
#17 C:/xampp/htdocs/edhartiMain/app/Http/Middleware/VerifySessionIntegrity.php(43): Illuminate/Pipeline/Pipeline->Illuminate/Pipeline/{closure}(Object(Illuminate/Http/Request))
#18 C:/xampp/htdocs/edhartiMain/vendor/laravel/framework/src/Illuminate/Pipeline/Pipeline.php(183): App/Http/Middleware/VerifySessionIntegrity->handle(Object(Illuminate/Http/Request), Object(Closure))
#19 C:/xampp/htdocs/edhartiMain/app/Http/Middleware/SanitizeInput.php(32): Illuminate/Pipeline/Pipeline->Illuminate/Pipeline/{closure}(Object(Illuminate/Http/Request))
#20 C:/xampp/htdocs/edhartiMain/vendor/laravel/framework/src/Illuminate/Pipeline/Pipeline.php(183): App/Http/Middleware/SanitizeInput->handle(Object(Illuminate/Http/Request), Object(Closure))
#21 C:/xampp/htdocs/edhartiMain/vendor/laravel/framework/src/Illuminate/Routing/Middleware/SubstituteBindings.php(50): Illuminate/Pipeline/Pipeline->Illuminate/Pipeline/{closure}(Object(Illuminate/Http/Request))
#22 C:/xampp/htdocs/edhartiMain/vendor/laravel/framework/src/Illuminate/Pipeline/Pipeline.php(183): Illuminate/Routing/Middleware/SubstituteBindings->handle(Object(Illuminate/Http/Request), Object(Closure))
#23 C:/xampp/htdocs/edhartiMain/vendor/laravel/framework/src/Illuminate/Auth/Middleware/Authenticate.php(57): Illuminate/Pipeline/Pipeline->Illuminate/Pipeline/{closure}(Object(Illuminate/Http/Request))
#24 C:/xampp/htdocs/edhartiMain/vendor/laravel/framework/src/Illuminate/Pipeline/Pipeline.php(183): Illuminate/Auth/Middleware/Authenticate->handle(Object(Illuminate/Http/Request), Object(Closure))
#25 C:/xampp/htdocs/edhartiMain/vendor/laravel/framework/src/Illuminate/Foundation/Http/Middleware/VerifyCsrfToken.php(78): Illuminate/Pipeline/Pipeline->Illuminate/Pipeline/{closure}(Object(Illuminate/Http/Request))
#26 C:/xampp/htdocs/edhartiMain/vendor/laravel/framework/src/Illuminate/Pipeline/Pipeline.php(183): Illuminate/Foundation/Http/Middleware/VerifyCsrfToken->handle(Object(Illuminate/Http/Request), Object(Closure))
#27 C:/xampp/htdocs/edhartiMain/vendor/laravel/framework/src/Illuminate/View/Middleware/ShareErrorsFromSession.php(49): Illuminate/Pipeline/Pipeline->Illuminate/Pipeline/{closure}(Object(Illuminate/Http/Request))
#28 C:/xampp/htdocs/edhartiMain/vendor/laravel/framework/src/Illuminate/Pipeline/Pipeline.php(183): Illuminate/View/Middleware/ShareErrorsFromSession->handle(Object(Illuminate/Http/Request), Object(Closure))
#29 C:/xampp/htdocs/edhartiMain/vendor/laravel/framework/src/Illuminate/Session/Middleware/StartSession.php(121): Illuminate/Pipeline/Pipeline->Illuminate/Pipeline/{closure}(Object(Illuminate/Http/Request))
#30 C:/xampp/htdocs/edhartiMain/vendor/laravel/framework/src/Illuminate/Session/Middleware/StartSession.php(64): Illuminate/Session/Middleware/StartSession->handleStatefulRequest(Object(Illuminate/Http/Request), Object(Illuminate/Session/Store), Object(Closure))
#31 C:/xampp/htdocs/edhartiMain/vendor/laravel/framework/src/Illuminate/Pipeline/Pipeline.php(183): Illuminate/Session/Middleware/StartSession->handle(Object(Illuminate/Http/Request), Object(Closure))
#32 C:/xampp/htdocs/edhartiMain/vendor/laravel/framework/src/Illuminate/Cookie/Middleware/AddQueuedCookiesToResponse.php(37): Illuminate/Pipeline/Pipeline->Illuminate/Pipeline/{closure}(Object(Illuminate/Http/Request))
#33 C:/xampp/htdocs/edhartiMain/vendor/laravel/framework/src/Illuminate/Pipeline/Pipeline.php(183): Illuminate/Cookie/Middleware/AddQueuedCookiesToResponse->handle(Object(Illuminate/Http/Request), Object(Closure))
#34 C:/xampp/htdocs/edhartiMain/vendor/laravel/framework/src/Illuminate/Cookie/Middleware/EncryptCookies.php(67): Illuminate/Pipeline/Pipeline->Illuminate/Pipeline/{closure}(Object(Illuminate/Http/Request))
#35 C:/xampp/htdocs/edhartiMain/vendor/laravel/framework/src/Illuminate/Pipeline/Pipeline.php(183): Illuminate/Cookie/Middleware/EncryptCookies->handle(Object(Illuminate/Http/Request), Object(Closure))
#36 C:/xampp/htdocs/edhartiMain/vendor/laravel/framework/src/Illuminate/Pipeline/Pipeline.php(119): Illuminate/Pipeline/Pipeline->Illuminate/Pipeline/{closure}(Object(Illuminate/Http/Request))
#37 C:/xampp/htdocs/edhartiMain/vendor/laravel/framework/src/Illuminate/Routing/Router.php(805): Illuminate/Pipeline/Pipeline->then(Object(Closure))
#38 C:/xampp/htdocs/edhartiMain/vendor/laravel/framework/src/Illuminate/Routing/Router.php(784): Illuminate/Routing/Router->runRouteWithinStack(Object(Illuminate/Routing/Route), Object(Illuminate/Http/Request))
#39 C:/xampp/htdocs/edhartiMain/vendor/laravel/framework/src/Illuminate/Routing/Router.php(748): Illuminate/Routing/Router->runRoute(Object(Illuminate/Http/Request), Object(Illuminate/Routing/Route))
#40 C:/xampp/htdocs/edhartiMain/vendor/laravel/framework/src/Illuminate/Routing/Router.php(737): Illuminate/Routing/Router->dispatchToRoute(Object(Illuminate/Http/Request))
#41 C:/xampp/htdocs/edhartiMain/vendor/laravel/framework/src/Illuminate/Foundation/Http/Kernel.php(200): Illuminate/Routing/Router->dispatch(Object(Illuminate/Http/Request))
#42 C:/xampp/htdocs/edhartiMain/vendor/laravel/framework/src/Illuminate/Pipeline/Pipeline.php(144): Illuminate/Foundation/Http/Kernel->Illuminate/Foundation/Http/{closure}(Object(Illuminate/Http/Request))
#43 C:/xampp/htdocs/edhartiMain/app/Http/Middleware/PreventClickjacking.php(18): Illuminate/Pipeline/Pipeline->Illuminate/Pipeline/{closure}(Object(Illuminate/Http/Request))
#44 C:/xampp/htdocs/edhartiMain/vendor/laravel/framework/src/Illuminate/Pipeline/Pipeline.php(183): App/Http/Middleware/PreventClickjacking->handle(Object(Illuminate/Http/Request), Object(Closure))
#45 C:/xampp/htdocs/edhartiMain/vendor/laravel/framework/src/Illuminate/Foundation/Http/Middleware/TransformsRequest.php(21): Illuminate/Pipeline/Pipeline->Illuminate/Pipeline/{closure}(Object(Illuminate/Http/Request))
#46 C:/xampp/htdocs/edhartiMain/vendor/laravel/framework/src/Illuminate/Foundation/Http/Middleware/ConvertEmptyStringsToNull.php(31): Illuminate/Foundation/Http/Middleware/TransformsRequest->handle(Object(Illuminate/Http/Request), Object(Closure))
#47 C:/xampp/htdocs/edhartiMain/vendor/laravel/framework/src/Illuminate/Pipeline/Pipeline.php(183): Illuminate/Foundation/Http/Middleware/ConvertEmptyStringsToNull->handle(Object(Illuminate/Http/Request), Object(Closure))
#48 C:/xampp/htdocs/edhartiMain/vendor/laravel/framework/src/Illuminate/Foundation/Http/Middleware/TransformsRequest.php(21): Illuminate/Pipeline/Pipeline->Illuminate/Pipeline/{closure}(Object(Illuminate/Http/Request))
#49 C:/xampp/htdocs/edhartiMain/vendor/laravel/framework/src/Illuminate/Foundation/Http/Middleware/TrimStrings.php(40): Illuminate/Foundation/Http/Middleware/TransformsRequest->handle(Object(Illuminate/Http/Request), Object(Closure))
#50 C:/xampp/htdocs/edhartiMain/vendor/laravel/framework/src/Illuminate/Pipeline/Pipeline.php(183): Illuminate/Foundation/Http/Middleware/TrimStrings->handle(Object(Illuminate/Http/Request), Object(Closure))
#51 C:/xampp/htdocs/edhartiMain/vendor/laravel/framework/src/Illuminate/Foundation/Http/Middleware/ValidatePostSize.php(27): Illuminate/Pipeline/Pipeline->Illuminate/Pipeline/{closure}(Object(Illuminate/Http/Request))
#52 C:/xampp/htdocs/edhartiMain/vendor/laravel/framework/src/Illuminate/Pipeline/Pipeline.php(183): Illuminate/Foundation/Http/Middleware/ValidatePostSize->handle(Object(Illuminate/Http/Request), Object(Closure))
#53 C:/xampp/htdocs/edhartiMain/vendor/laravel/framework/src/Illuminate/Foundation/Http/Middleware/PreventRequestsDuringMaintenance.php(99): Illuminate/Pipeline/Pipeline->Illuminate/Pipeline/{closure}(Object(Illuminate/Http/Request))
#54 C:/xampp/htdocs/edhartiMain/vendor/laravel/framework/src/Illuminate/Pipeline/Pipeline.php(183): Illuminate/Foundation/Http/Middleware/PreventRequestsDuringMaintenance->handle(Object(Illuminate/Http/Request), Object(Closure))
#55 C:/xampp/htdocs/edhartiMain/vendor/laravel/framework/src/Illuminate/Http/Middleware/HandleCors.php(49): Illuminate/Pipeline/Pipeline->Illuminate/Pipeline/{closure}(Object(Illuminate/Http/Request))
#56 C:/xampp/htdocs/edhartiMain/vendor/laravel/framework/src/Illuminate/Pipeline/Pipeline.php(183): Illuminate/Http/Middleware/HandleCors->handle(Object(Illuminate/Http/Request), Object(Closure))
#57 C:/xampp/htdocs/edhartiMain/vendor/laravel/framework/src/Illuminate/Http/Middleware/TrustProxies.php(39): Illuminate/Pipeline/Pipeline->Illuminate/Pipeline/{closure}(Object(Illuminate/Http/Request))
#58 C:/xampp/htdocs/edhartiMain/vendor/laravel/framework/src/Illuminate/Pipeline/Pipeline.php(183): Illuminate/Http/Middleware/TrustProxies->handle(Object(Illuminate/Http/Request), Object(Closure))
#59 C:/xampp/htdocs/edhartiMain/vendor/laravel/framework/src/Illuminate/Pipeline/Pipeline.php(119): Illuminate/Pipeline/Pipeline->Illuminate/Pipeline/{closure}(Object(Illuminate/Http/Request))
#60 C:/xampp/htdocs/edhartiMain/vendor/laravel/framework/src/Illuminate/Foundation/Http/Kernel.php(175): Illuminate/Pipeline/Pipeline->then(Object(Closure))
#61 C:/xampp/htdocs/edhartiMain/vendor/laravel/framework/src/Illuminate/Foundation/Http/Kernel.php(144): Illuminate/Foundation/Http/Kernel->sendRequestThroughRouter(Object(Illuminate/Http/Request))
#62 C:/xampp/htdocs/edhartiMain/public/index.php(51): Illuminate/Foundation/Http/Kernel->handle(Object(Illuminate/Http/Request))
#63 C:/xampp/htdocs/edhartiMain/vendor/laravel/framework/src/Illuminate/Foundation/resources/server.php(16): require_once('C://xampp//htdocs...')
#64 {main}
"} 
[2026-09-01 15:19:57] Production.ERROR: Method Illuminate\Support\Collection::total does not exist. {"view":{"view":"C:\\xampp\\htdocs\\edhartiMain\\resources\\views\\report\\lease-hold-demand-report.blade.php","data":{"errors":"<pre class=sf-dump id=sf-dump-276022636 data-indent-pad=\"  \"><span class=sf-dump-note>Illuminate\\Support\\ViewErrorBag</span> {<a class=sf-dump-ref>#1683</a><samp data-depth=1 class=sf-dump-expanded>
  #<span class=sf-dump-protected title=\"Protected property\">bags</span>: []
</samp>}
</pre><script>Sfdump(\"sf-dump-276022636\", {\"maxDepth\":3,\"maxStringLength\":160})</script>
","properties":"<pre class=sf-dump id=sf-dump-265110130 data-indent-pad=\"  \"><span class=sf-dump-note>Illuminate\\Support\\Collection</span> {<a class=sf-dump-ref>#1759</a><samp data-depth=1 class=sf-dump-expanded>
  #<span class=sf-dump-protected title=\"Protected property\">items</span>: <span class=sf-dump-note>array:21262</span> [<samp data-depth=2 class=sf-dump-compact>
    <span class=sf-dump-index>0</span> => {<a class=sf-dump-ref>#1761</a> &#8230;4}
    <span class=sf-dump-index>1</span> => {<a class=sf-dump-ref>#1762</a> &#8230;4}
    <span class=sf-dump-index>2</span> => {<a class=sf-dump-ref>#1763</a> &#8230;4}
    <span class=sf-dump-index>3</span> => {<a class=sf-dump-ref>#1764</a> &#8230;4}
    <span class=sf-dump-index>4</span> => {<a class=sf-dump-ref>#1768</a> &#8230;4}
    <span class=sf-dump-index>5</span> => {<a class=sf-dump-ref>#1766</a> &#8230;4}
    <span class=sf-dump-index>6</span> => {<a class=sf-dump-ref>#1767</a> &#8230;4}
    <span class=sf-dump-index>7</span> => {<a class=sf-dump-ref>#1771</a> &#8230;4}
    <span class=sf-dump-index>8</span> => {<a class=sf-dump-ref>#1769</a> &#8230;4}
    <span class=sf-dump-index>9</span> => {<a class=sf-dump-ref>#1770</a> &#8230;4}
    <span class=sf-dump-index>10</span> => {<a class=sf-dump-ref>#1772</a> &#8230;4}
    <span class=sf-dump-index>11</span> => {<a class=sf-dump-ref>#1773</a> &#8230;4}
    <span class=sf-dump-index>12</span> => {<a class=sf-dump-ref>#1774</a> &#8230;4}
    <span class=sf-dump-index>13</span> => {<a class=sf-dump-ref>#1776</a> &#8230;4}
    <span class=sf-dump-index>14</span> => {<a class=sf-dump-ref>#1777</a> &#8230;4}
    <span class=sf-dump-index>15</span> => {<a class=sf-dump-ref>#1775</a> &#8230;4}
    <span class=sf-dump-index>16</span> => {<a class=sf-dump-ref>#1778</a> &#8230;4}
    <span class=sf-dump-index>17</span> => {<a class=sf-dump-ref>#1779</a> &#8230;4}
    <span class=sf-dump-index>18</span> => {<a class=sf-dump-ref>#1780</a> &#8230;4}
    <span class=sf-dump-index>19</span> => {<a class=sf-dump-ref>#1781</a> &#8230;4}
    <span class=sf-dump-index>20</span> => {<a class=sf-dump-ref>#1782</a> &#8230;4}
    <span class=sf-dump-index>21</span> => {<a class=sf-dump-ref>#1783</a> &#8230;4}
    <span class=sf-dump-index>22</span> => {<a class=sf-dump-ref>#1784</a> &#8230;4}
    <span class=sf-dump-index>23</span> => {<a class=sf-dump-ref>#1785</a> &#8230;4}
    <span class=sf-dump-index>24</span> => {<a class=sf-dump-ref>#1786</a> &#8230;4}
    <span class=sf-dump-index>25</span> => {<a class=sf-dump-ref>#1787</a> &#8230;4}
    <span class=sf-dump-index>26</span> => {<a class=sf-dump-ref>#1788</a> &#8230;4}
    <span class=sf-dump-index>27</span> => {<a class=sf-dump-ref>#1789</a> &#8230;4}
    <span class=sf-dump-index>28</span> => {<a class=sf-dump-ref>#1790</a> &#8230;4}
    <span class=sf-dump-index>29</span> => {<a class=sf-dump-ref>#1791</a> &#8230;4}
    <span class=sf-dump-index>30</span> => {<a class=sf-dump-ref>#1792</a> &#8230;4}
    <span class=sf-dump-index>31</span> => {<a class=sf-dump-ref>#1793</a> &#8230;4}
    <span class=sf-dump-index>32</span> => {<a class=sf-dump-ref>#1794</a> &#8230;4}
    <span class=sf-dump-index>33</span> => {<a class=sf-dump-ref>#1795</a> &#8230;4}
    <span class=sf-dump-index>34</span> => {<a class=sf-dump-ref>#1796</a> &#8230;4}
    <span class=sf-dump-index>35</span> => {<a class=sf-dump-ref>#1797</a> &#8230;4}
    <span class=sf-dump-index>36</span> => {<a class=sf-dump-ref>#1798</a> &#8230;4}
    <span class=sf-dump-index>37</span> => {<a class=sf-dump-ref>#1799</a> &#8230;4}
    <span class=sf-dump-index>38</span> => {<a class=sf-dump-ref>#1800</a> &#8230;4}
    <span class=sf-dump-index>39</span> => {<a class=sf-dump-ref>#1801</a> &#8230;4}
    <span class=sf-dump-index>40</span> => {<a class=sf-dump-ref>#1802</a> &#8230;4}
    <span class=sf-dump-index>41</span> => {<a class=sf-dump-ref>#1803</a> &#8230;4}
    <span class=sf-dump-index>42</span> => {<a class=sf-dump-ref>#1804</a> &#8230;4}
    <span class=sf-dump-index>43</span> => {<a class=sf-dump-ref>#1805</a> &#8230;4}
    <span class=sf-dump-index>44</span> => {<a class=sf-dump-ref>#1806</a> &#8230;4}
    <span class=sf-dump-index>45</span> => {<a class=sf-dump-ref>#1807</a> &#8230;4}
    <span class=sf-dump-index>46</span> => {<a class=sf-dump-ref>#1808</a> &#8230;4}
    <span class=sf-dump-index>47</span> => {<a class=sf-dump-ref>#1809</a> &#8230;4}
    <span class=sf-dump-index>48</span> => {<a class=sf-dump-ref>#1810</a> &#8230;4}
    <span class=sf-dump-index>49</span> => {<a class=sf-dump-ref>#1811</a> &#8230;4}
    <span class=sf-dump-index>50</span> => {<a class=sf-dump-ref>#1812</a> &#8230;4}
    <span class=sf-dump-index>51</span> => {<a class=sf-dump-ref>#1813</a> &#8230;4}
    <span class=sf-dump-index>52</span> => {<a class=sf-dump-ref>#1814</a> &#8230;4}
    <span class=sf-dump-index>53</span> => {<a class=sf-dump-ref>#1815</a> &#8230;4}
    <span class=sf-dump-index>54</span> => {<a class=sf-dump-ref>#1816</a> &#8230;4}
    <span class=sf-dump-index>55</span> => {<a class=sf-dump-ref>#1817</a> &#8230;4}
    <span class=sf-dump-index>56</span> => {<a class=sf-dump-ref>#1818</a> &#8230;4}
    <span class=sf-dump-index>57</span> => {<a class=sf-dump-ref>#1819</a> &#8230;4}
    <span class=sf-dump-index>58</span> => {<a class=sf-dump-ref>#1820</a> &#8230;4}
    <span class=sf-dump-index>59</span> => {<a class=sf-dump-ref>#1821</a> &#8230;4}
    <span class=sf-dump-index>60</span> => {<a class=sf-dump-ref>#1822</a> &#8230;4}
    <span class=sf-dump-index>61</span> => {<a class=sf-dump-ref>#1823</a> &#8230;4}
    <span class=sf-dump-index>62</span> => {<a class=sf-dump-ref>#1824</a> &#8230;4}
    <span class=sf-dump-index>63</span> => {<a class=sf-dump-ref>#1825</a> &#8230;4}
    <span class=sf-dump-index>64</span> => {<a class=sf-dump-ref>#1826</a> &#8230;4}
    <span class=sf-dump-index>65</span> => {<a class=sf-dump-ref>#1827</a> &#8230;4}
    <span class=sf-dump-index>66</span> => {<a class=sf-dump-ref>#1828</a> &#8230;4}
    <span class=sf-dump-index>67</span> => {<a class=sf-dump-ref>#1829</a> &#8230;4}
    <span class=sf-dump-index>68</span> => {<a class=sf-dump-ref>#1830</a> &#8230;4}
    <span class=sf-dump-index>69</span> => {<a class=sf-dump-ref>#1831</a> &#8230;4}
    <span class=sf-dump-index>70</span> => {<a class=sf-dump-ref>#1832</a> &#8230;4}
    <span class=sf-dump-index>71</span> => {<a class=sf-dump-ref>#1833</a> &#8230;4}
    <span class=sf-dump-index>72</span> => {<a class=sf-dump-ref>#1834</a> &#8230;4}
    <span class=sf-dump-index>73</span> => {<a class=sf-dump-ref>#1835</a> &#8230;4}
    <span class=sf-dump-index>74</span> => {<a class=sf-dump-ref>#1836</a> &#8230;4}
    <span class=sf-dump-index>75</span> => {<a class=sf-dump-ref>#1837</a> &#8230;4}
    <span class=sf-dump-index>76</span> => {<a class=sf-dump-ref>#1838</a> &#8230;4}
    <span class=sf-dump-index>77</span> => {<a class=sf-dump-ref>#1839</a> &#8230;4}
    <span class=sf-dump-index>78</span> => {<a class=sf-dump-ref>#1840</a> &#8230;4}
    <span class=sf-dump-index>79</span> => {<a class=sf-dump-ref>#1841</a> &#8230;4}
    <span class=sf-dump-index>80</span> => {<a class=sf-dump-ref>#1842</a> &#8230;4}
    <span class=sf-dump-index>81</span> => {<a class=sf-dump-ref>#1843</a> &#8230;4}
    <span class=sf-dump-index>82</span> => {<a class=sf-dump-ref>#1844</a> &#8230;4}
    <span class=sf-dump-index>83</span> => {<a class=sf-dump-ref>#1845</a> &#8230;4}
    <span class=sf-dump-index>84</span> => {<a class=sf-dump-ref>#1846</a> &#8230;4}
    <span class=sf-dump-index>85</span> => {<a class=sf-dump-ref>#1847</a> &#8230;4}
    <span class=sf-dump-index>86</span> => {<a class=sf-dump-ref>#1848</a> &#8230;4}
    <span class=sf-dump-index>87</span> => {<a class=sf-dump-ref>#1849</a> &#8230;4}
    <span class=sf-dump-index>88</span> => {<a class=sf-dump-ref>#1850</a> &#8230;4}
    <span class=sf-dump-index>89</span> => {<a class=sf-dump-ref>#1851</a> &#8230;4}
    <span class=sf-dump-index>90</span> => {<a class=sf-dump-ref>#1852</a> &#8230;4}
    <span class=sf-dump-index>91</span> => {<a class=sf-dump-ref>#1853</a> &#8230;4}
    <span class=sf-dump-index>92</span> => {<a class=sf-dump-ref>#1854</a> &#8230;4}
    <span class=sf-dump-index>93</span> => {<a class=sf-dump-ref>#1855</a> &#8230;4}
    <span class=sf-dump-index>94</span> => {<a class=sf-dump-ref>#1856</a> &#8230;4}
    <span class=sf-dump-index>95</span> => {<a class=sf-dump-ref>#1857</a> &#8230;4}
    <span class=sf-dump-index>96</span> => {<a class=sf-dump-ref>#1858</a> &#8230;4}
    <span class=sf-dump-index>97</span> => {<a class=sf-dump-ref>#1859</a> &#8230;4}
    <span class=sf-dump-index>98</span> => {<a class=sf-dump-ref>#1860</a> &#8230;4}
    <span class=sf-dump-index>99</span> => {<a class=sf-dump-ref>#1861</a> &#8230;4}
    <span class=sf-dump-index>100</span> => {<a class=sf-dump-ref>#1862</a> &#8230;4}
    <span class=sf-dump-index>101</span> => {<a class=sf-dump-ref>#1863</a> &#8230;4}
    <span class=sf-dump-index>102</span> => {<a class=sf-dump-ref>#1864</a> &#8230;4}
    <span class=sf-dump-index>103</span> => {<a class=sf-dump-ref>#1865</a> &#8230;4}
    <span class=sf-dump-index>104</span> => {<a class=sf-dump-ref>#1866</a> &#8230;4}
    <span class=sf-dump-index>105</span> => {<a class=sf-dump-ref>#1867</a> &#8230;4}
    <span class=sf-dump-index>106</span> => {<a class=sf-dump-ref>#1868</a> &#8230;4}
    <span class=sf-dump-index>107</span> => {<a class=sf-dump-ref>#1869</a> &#8230;4}
    <span class=sf-dump-index>108</span> => {<a class=sf-dump-ref>#1870</a> &#8230;4}
    <span class=sf-dump-index>109</span> => {<a class=sf-dump-ref>#1871</a> &#8230;4}
    <span class=sf-dump-index>110</span> => {<a class=sf-dump-ref>#1872</a> &#8230;4}
    <span class=sf-dump-index>111</span> => {<a class=sf-dump-ref>#1873</a> &#8230;4}
    <span class=sf-dump-index>112</span> => {<a class=sf-dump-ref>#1874</a> &#8230;4}
    <span class=sf-dump-index>113</span> => {<a class=sf-dump-ref>#1875</a> &#8230;4}
    <span class=sf-dump-index>114</span> => {<a class=sf-dump-ref>#1876</a> &#8230;4}
    <span class=sf-dump-index>115</span> => {<a class=sf-dump-ref>#1877</a> &#8230;4}
    <span class=sf-dump-index>116</span> => {<a class=sf-dump-ref>#1878</a> &#8230;4}
    <span class=sf-dump-index>117</span> => {<a class=sf-dump-ref>#1879</a> &#8230;4}
    <span class=sf-dump-index>118</span> => {<a class=sf-dump-ref>#1880</a> &#8230;4}
    <span class=sf-dump-index>119</span> => {<a class=sf-dump-ref>#1881</a> &#8230;4}
    <span class=sf-dump-index>120</span> => {<a class=sf-dump-ref>#1882</a> &#8230;4}
    <span class=sf-dump-index>121</span> => {<a class=sf-dump-ref>#1883</a> &#8230;4}
    <span class=sf-dump-index>122</span> => {<a class=sf-dump-ref>#1884</a> &#8230;4}
    <span class=sf-dump-index>123</span> => {<a class=sf-dump-ref>#1885</a> &#8230;4}
    <span class=sf-dump-index>124</span> => {<a class=sf-dump-ref>#1886</a> &#8230;4}
    <span class=sf-dump-index>125</span> => {<a class=sf-dump-ref>#1887</a> &#8230;4}
    <span class=sf-dump-index>126</span> => {<a class=sf-dump-ref>#1888</a> &#8230;4}
    <span class=sf-dump-index>127</span> => {<a class=sf-dump-ref>#1889</a> &#8230;4}
    <span class=sf-dump-index>128</span> => {<a class=sf-dump-ref>#1890</a> &#8230;4}
    <span class=sf-dump-index>129</span> => {<a class=sf-dump-ref>#1891</a> &#8230;4}
    <span class=sf-dump-index>130</span> => {<a class=sf-dump-ref>#1892</a> &#8230;4}
    <span class=sf-dump-index>131</span> => {<a class=sf-dump-ref>#1893</a> &#8230;4}
    <span class=sf-dump-index>132</span> => {<a class=sf-dump-ref>#1894</a> &#8230;4}
    <span class=sf-dump-index>133</span> => {<a class=sf-dump-ref>#1895</a> &#8230;4}
    <span class=sf-dump-index>134</span> => {<a class=sf-dump-ref>#1896</a> &#8230;4}
    <span class=sf-dump-index>135</span> => {<a class=sf-dump-ref>#1897</a> &#8230;4}
    <span class=sf-dump-index>136</span> => {<a class=sf-dump-ref>#1898</a> &#8230;4}
    <span class=sf-dump-index>137</span> => {<a class=sf-dump-ref>#1899</a> &#8230;4}
    <span class=sf-dump-index>138</span> => {<a class=sf-dump-ref>#1900</a> &#8230;4}
    <span class=sf-dump-index>139</span> => {<a class=sf-dump-ref>#1901</a> &#8230;4}
    <span class=sf-dump-index>140</span> => {<a class=sf-dump-ref>#1902</a> &#8230;4}
    <span class=sf-dump-index>141</span> => {<a class=sf-dump-ref>#1903</a> &#8230;4}
    <span class=sf-dump-index>142</span> => {<a class=sf-dump-ref>#1904</a> &#8230;4}
    <span class=sf-dump-index>143</span> => {<a class=sf-dump-ref>#1905</a> &#8230;4}
    <span class=sf-dump-index>144</span> => {<a class=sf-dump-ref>#1906</a> &#8230;4}
    <span class=sf-dump-index>145</span> => {<a class=sf-dump-ref>#1907</a> &#8230;4}
    <span class=sf-dump-index>146</span> => {<a class=sf-dump-ref>#1908</a> &#8230;4}
    <span class=sf-dump-index>147</span> => {<a class=sf-dump-ref>#1909</a> &#8230;4}
    <span class=sf-dump-index>148</span> => {<a class=sf-dump-ref>#1910</a> &#8230;4}
    <span class=sf-dump-index>149</span> => {<a class=sf-dump-ref>#1911</a> &#8230;4}
    <span class=sf-dump-index>150</span> => {<a class=sf-dump-ref>#1912</a> &#8230;4}
    <span class=sf-dump-index>151</span> => {<a class=sf-dump-ref>#1913</a> &#8230;4}
    <span class=sf-dump-index>152</span> => {<a class=sf-dump-ref>#1914</a> &#8230;4}
    <span class=sf-dump-index>153</span> => {<a class=sf-dump-ref>#1915</a> &#8230;4}
    <span class=sf-dump-index>154</span> => {<a class=sf-dump-ref>#1916</a> &#8230;4}
    <span class=sf-dump-index>155</span> => {<a class=sf-dump-ref>#1917</a> &#8230;4}
    <span class=sf-dump-index>156</span> => {<a class=sf-dump-ref>#1918</a> &#8230;4}
    <span class=sf-dump-index>157</span> => {<a class=sf-dump-ref>#1919</a> &#8230;4}
    <span class=sf-dump-index>158</span> => {<a class=sf-dump-ref>#1920</a> &#8230;4}
    <span class=sf-dump-index>159</span> => {<a class=sf-dump-ref>#1921</a> &#8230;4}
    <span class=sf-dump-index>160</span> => {<a class=sf-dump-ref>#1922</a> &#8230;4}
    <span class=sf-dump-index>161</span> => {<a class=sf-dump-ref>#1923</a> &#8230;4}
    <span class=sf-dump-index>162</span> => {<a class=sf-dump-ref>#1924</a> &#8230;4}
    <span class=sf-dump-index>163</span> => {<a class=sf-dump-ref>#1925</a> &#8230;4}
    <span class=sf-dump-index>164</span> => {<a class=sf-dump-ref>#1926</a> &#8230;4}
    <span class=sf-dump-index>165</span> => {<a class=sf-dump-ref>#1927</a> &#8230;4}
    <span class=sf-dump-index>166</span> => {<a class=sf-dump-ref>#1928</a> &#8230;4}
    <span class=sf-dump-index>167</span> => {<a class=sf-dump-ref>#1929</a> &#8230;4}
    <span class=sf-dump-index>168</span> => {<a class=sf-dump-ref>#1930</a> &#8230;4}
    <span class=sf-dump-index>169</span> => {<a class=sf-dump-ref>#1931</a> &#8230;4}
    <span class=sf-dump-index>170</span> => {<a class=sf-dump-ref>#1932</a> &#8230;4}
    <span class=sf-dump-index>171</span> => {<a class=sf-dump-ref>#1933</a> &#8230;4}
    <span class=sf-dump-index>172</span> => {<a class=sf-dump-ref>#1934</a> &#8230;4}
    <span class=sf-dump-index>173</span> => {<a class=sf-dump-ref>#1935</a> &#8230;4}
    <span class=sf-dump-index>174</span> => {<a class=sf-dump-ref>#1936</a> &#8230;4}
    <span class=sf-dump-index>175</span> => {<a class=sf-dump-ref>#1937</a> &#8230;4}
    <span class=sf-dump-index>176</span> => {<a class=sf-dump-ref>#1938</a> &#8230;4}
    <span class=sf-dump-index>177</span> => {<a class=sf-dump-ref>#1939</a> &#8230;4}
    <span class=sf-dump-index>178</span> => {<a class=sf-dump-ref>#1940</a> &#8230;4}
    <span class=sf-dump-index>179</span> => {<a class=sf-dump-ref>#1941</a> &#8230;4}
    <span class=sf-dump-index>180</span> => {<a class=sf-dump-ref>#1942</a> &#8230;4}
    <span class=sf-dump-index>181</span> => {<a class=sf-dump-ref>#1943</a> &#8230;4}
    <span class=sf-dump-index>182</span> => {<a class=sf-dump-ref>#1944</a> &#8230;4}
    <span class=sf-dump-index>183</span> => {<a class=sf-dump-ref>#1945</a> &#8230;4}
    <span class=sf-dump-index>184</span> => {<a class=sf-dump-ref>#1946</a> &#8230;4}
    <span class=sf-dump-index>185</span> => {<a class=sf-dump-ref>#1947</a> &#8230;4}
    <span class=sf-dump-index>186</span> => {<a class=sf-dump-ref>#1948</a> &#8230;4}
    <span class=sf-dump-index>187</span> => {<a class=sf-dump-ref>#1949</a> &#8230;4}
    <span class=sf-dump-index>188</span> => {<a class=sf-dump-ref>#1950</a> &#8230;4}
    <span class=sf-dump-index>189</span> => {<a class=sf-dump-ref>#1951</a> &#8230;4}
    <span class=sf-dump-index>190</span> => {<a class=sf-dump-ref>#1952</a> &#8230;4}
    <span class=sf-dump-index>191</span> => {<a class=sf-dump-ref>#1953</a> &#8230;4}
    <span class=sf-dump-index>192</span> => {<a class=sf-dump-ref>#1954</a> &#8230;4}
    <span class=sf-dump-index>193</span> => {<a class=sf-dump-ref>#1955</a> &#8230;4}
    <span class=sf-dump-index>194</span> => {<a class=sf-dump-ref>#1956</a> &#8230;4}
    <span class=sf-dump-index>195</span> => {<a class=sf-dump-ref>#1957</a> &#8230;4}
    <span class=sf-dump-index>196</span> => {<a class=sf-dump-ref>#1958</a> &#8230;4}
    <span class=sf-dump-index>197</span> => {<a class=sf-dump-ref>#1959</a> &#8230;4}
    <span class=sf-dump-index>198</span> => {<a class=sf-dump-ref>#1960</a> &#8230;4}
    <span class=sf-dump-index>199</span> => {<a class=sf-dump-ref>#1961</a> &#8230;4}
    <span class=sf-dump-index>200</span> => {<a class=sf-dump-ref>#1962</a> &#8230;4}
    <span class=sf-dump-index>201</span> => {<a class=sf-dump-ref>#1963</a> &#8230;4}
    <span class=sf-dump-index>202</span> => {<a class=sf-dump-ref>#1964</a> &#8230;4}
    <span class=sf-dump-index>203</span> => {<a class=sf-dump-ref>#1965</a> &#8230;4}
    <span class=sf-dump-index>204</span> => {<a class=sf-dump-ref>#1966</a> &#8230;4}
    <span class=sf-dump-index>205</span> => {<a class=sf-dump-ref>#1967</a> &#8230;4}
    <span class=sf-dump-index>206</span> => {<a class=sf-dump-ref>#1968</a> &#8230;4}
    <span class=sf-dump-index>207</span> => {<a class=sf-dump-ref>#1969</a> &#8230;4}
    <span class=sf-dump-index>208</span> => {<a class=sf-dump-ref>#1970</a> &#8230;4}
    <span class=sf-dump-index>209</span> => {<a class=sf-dump-ref>#1971</a> &#8230;4}
    <span class=sf-dump-index>210</span> => {<a class=sf-dump-ref>#1972</a> &#8230;4}
    <span class=sf-dump-index>211</span> => {<a class=sf-dump-ref>#1973</a> &#8230;4}
    <span class=sf-dump-index>212</span> => {<a class=sf-dump-ref>#1974</a> &#8230;4}
    <span class=sf-dump-index>213</span> => {<a class=sf-dump-ref>#1975</a> &#8230;4}
    <span class=sf-dump-index>214</span> => {<a class=sf-dump-ref>#1976</a> &#8230;4}
    <span class=sf-dump-index>215</span> => {<a class=sf-dump-ref>#1977</a> &#8230;4}
    <span class=sf-dump-index>216</span> => {<a class=sf-dump-ref>#1978</a> &#8230;4}
    <span class=sf-dump-index>217</span> => {<a class=sf-dump-ref>#1979</a> &#8230;4}
    <span class=sf-dump-index>218</span> => {<a class=sf-dump-ref>#1980</a> &#8230;4}
    <span class=sf-dump-index>219</span> => {<a class=sf-dump-ref>#1981</a> &#8230;4}
    <span class=sf-dump-index>220</span> => {<a class=sf-dump-ref>#1982</a> &#8230;4}
    <span class=sf-dump-index>221</span> => {<a class=sf-dump-ref>#1983</a> &#8230;4}
    <span class=sf-dump-index>222</span> => {<a class=sf-dump-ref>#1984</a> &#8230;4}
    <span class=sf-dump-index>223</span> => {<a class=sf-dump-ref>#1985</a> &#8230;4}
    <span class=sf-dump-index>224</span> => {<a class=sf-dump-ref>#1986</a> &#8230;4}
    <span class=sf-dump-index>225</span> => {<a class=sf-dump-ref>#1987</a> &#8230;4}
    <span class=sf-dump-index>226</span> => {<a class=sf-dump-ref>#1988</a> &#8230;4}
    <span class=sf-dump-index>227</span> => {<a class=sf-dump-ref>#1989</a> &#8230;4}
    <span class=sf-dump-index>228</span> => {<a class=sf-dump-ref>#1990</a> &#8230;4}
    <span class=sf-dump-index>229</span> => {<a class=sf-dump-ref>#1991</a> &#8230;4}
    <span class=sf-dump-index>230</span> => {<a class=sf-dump-ref>#1992</a> &#8230;4}
    <span class=sf-dump-index>231</span> => {<a class=sf-dump-ref>#1993</a> &#8230;4}
    <span class=sf-dump-index>232</span> => {<a class=sf-dump-ref>#1994</a> &#8230;4}
    <span class=sf-dump-index>233</span> => {<a class=sf-dump-ref>#1995</a> &#8230;4}
    <span class=sf-dump-index>234</span> => {<a class=sf-dump-ref>#1996</a> &#8230;4}
    <span class=sf-dump-index>235</span> => {<a class=sf-dump-ref>#1997</a> &#8230;4}
    <span class=sf-dump-index>236</span> => {<a class=sf-dump-ref>#1998</a> &#8230;4}
    <span class=sf-dump-index>237</span> => {<a class=sf-dump-ref>#1999</a> &#8230;4}
    <span class=sf-dump-index>238</span> => {<a class=sf-dump-ref>#2000</a> &#8230;4}
    <span class=sf-dump-index>239</span> => {<a class=sf-dump-ref>#2001</a> &#8230;4}
    <span class=sf-dump-index>240</span> => {<a class=sf-dump-ref>#2002</a> &#8230;4}
    <span class=sf-dump-index>241</span> => {<a class=sf-dump-ref>#2003</a> &#8230;4}
    <span class=sf-dump-index>242</span> => {<a class=sf-dump-ref>#2004</a> &#8230;4}
    <span class=sf-dump-index>243</span> => {<a class=sf-dump-ref>#2005</a> &#8230;4}
    <span class=sf-dump-index>244</span> => {<a class=sf-dump-ref>#2006</a> &#8230;4}
    <span class=sf-dump-index>245</span> => {<a class=sf-dump-ref>#2007</a> &#8230;4}
    <span class=sf-dump-index>246</span> => {<a class=sf-dump-ref>#2008</a> &#8230;4}
    <span class=sf-dump-index>247</span> => {<a class=sf-dump-ref>#2009</a> &#8230;4}
    <span class=sf-dump-index>248</span> => {<a class=sf-dump-ref>#2010</a> &#8230;4}
    <span class=sf-dump-index>249</span> => {<a class=sf-dump-ref>#2011</a> &#8230;4}
    <span class=sf-dump-index>250</span> => {<a class=sf-dump-ref>#2012</a> &#8230;4}
    <span class=sf-dump-index>251</span> => {<a class=sf-dump-ref>#2013</a> &#8230;4}
    <span class=sf-dump-index>252</span> => {<a class=sf-dump-ref>#2014</a> &#8230;4}
    <span class=sf-dump-index>253</span> => {<a class=sf-dump-ref>#2015</a> &#8230;4}
    <span class=sf-dump-index>254</span> => {<a class=sf-dump-ref>#2016</a> &#8230;4}
    <span class=sf-dump-index>255</span> => {<a class=sf-dump-ref>#2017</a> &#8230;4}
    <span class=sf-dump-index>256</span> => {<a class=sf-dump-ref>#2018</a> &#8230;4}
    <span class=sf-dump-index>257</span> => {<a class=sf-dump-ref>#2019</a> &#8230;4}
    <span class=sf-dump-index>258</span> => {<a class=sf-dump-ref>#2020</a> &#8230;4}
    <span class=sf-dump-index>259</span> => {<a class=sf-dump-ref>#2021</a> &#8230;4}
    <span class=sf-dump-index>260</span> => {<a class=sf-dump-ref>#2022</a> &#8230;4}
    <span class=sf-dump-index>261</span> => {<a class=sf-dump-ref>#2023</a> &#8230;4}
    <span class=sf-dump-index>262</span> => {<a class=sf-dump-ref>#2024</a> &#8230;4}
    <span class=sf-dump-index>263</span> => {<a class=sf-dump-ref>#2025</a> &#8230;4}
    <span class=sf-dump-index>264</span> => {<a class=sf-dump-ref>#2026</a> &#8230;4}
    <span class=sf-dump-index>265</span> => {<a class=sf-dump-ref>#2027</a> &#8230;4}
    <span class=sf-dump-index>266</span> => {<a class=sf-dump-ref>#2028</a> &#8230;4}
    <span class=sf-dump-index>267</span> => {<a class=sf-dump-ref>#2029</a> &#8230;4}
    <span class=sf-dump-index>268</span> => {<a class=sf-dump-ref>#2030</a> &#8230;4}
    <span class=sf-dump-index>269</span> => {<a class=sf-dump-ref>#2031</a> &#8230;4}
    <span class=sf-dump-index>270</span> => {<a class=sf-dump-ref>#2032</a> &#8230;4}
    <span class=sf-dump-index>271</span> => {<a class=sf-dump-ref>#2033</a> &#8230;4}
    <span class=sf-dump-index>272</span> => {<a class=sf-dump-ref>#2034</a> &#8230;4}
    <span class=sf-dump-index>273</span> => {<a class=sf-dump-ref>#2035</a> &#8230;4}
    <span class=sf-dump-index>274</span> => {<a class=sf-dump-ref>#2036</a> &#8230;4}
    <span class=sf-dump-index>275</span> => {<a class=sf-dump-ref>#2037</a> &#8230;4}
    <span class=sf-dump-index>276</span> => {<a class=sf-dump-ref>#2038</a> &#8230;4}
    <span class=sf-dump-index>277</span> => {<a class=sf-dump-ref>#2039</a> &#8230;4}
    <span class=sf-dump-index>278</span> => {<a class=sf-dump-ref>#2040</a> &#8230;4}
    <span class=sf-dump-index>279</span> => {<a class=sf-dump-ref>#2041</a> &#8230;4}
    <span class=sf-dump-index>280</span> => {<a class=sf-dump-ref>#2042</a> &#8230;4}
    <span class=sf-dump-index>281</span> => {<a class=sf-dump-ref>#2043</a> &#8230;4}
    <span class=sf-dump-index>282</span> => {<a class=sf-dump-ref>#2044</a> &#8230;4}
    <span class=sf-dump-index>283</span> => {<a class=sf-dump-ref>#2045</a> &#8230;4}
    <span class=sf-dump-index>284</span> => {<a class=sf-dump-ref>#2046</a> &#8230;4}
    <span class=sf-dump-index>285</span> => {<a class=sf-dump-ref>#2047</a> &#8230;4}
    <span class=sf-dump-index>286</span> => {<a class=sf-dump-ref>#2048</a> &#8230;4}
    <span class=sf-dump-index>287</span> => {<a class=sf-dump-ref>#2049</a> &#8230;4}
    <span class=sf-dump-index>288</span> => {<a class=sf-dump-ref>#2050</a> &#8230;4}
    <span class=sf-dump-index>289</span> => {<a class=sf-dump-ref>#2051</a> &#8230;4}
    <span class=sf-dump-index>290</span> => {<a class=sf-dump-ref>#2052</a> &#8230;4}
    <span class=sf-dump-index>291</span> => {<a class=sf-dump-ref>#2053</a> &#8230;4}
    <span class=sf-dump-index>292</span> => {<a class=sf-dump-ref>#2054</a> &#8230;4}
    <span class=sf-dump-index>293</span> => {<a class=sf-dump-ref>#2055</a> &#8230;4}
    <span class=sf-dump-index>294</span> => {<a class=sf-dump-ref>#2056</a> &#8230;4}
    <span class=sf-dump-index>295</span> => {<a class=sf-dump-ref>#2057</a> &#8230;4}
    <span class=sf-dump-index>296</span> => {<a class=sf-dump-ref>#2058</a> &#8230;4}
    <span class=sf-dump-index>297</span> => {<a class=sf-dump-ref>#2059</a> &#8230;4}
    <span class=sf-dump-index>298</span> => {<a class=sf-dump-ref>#2060</a> &#8230;4}
    <span class=sf-dump-index>299</span> => {<a class=sf-dump-ref>#2061</a> &#8230;4}
    <span class=sf-dump-index>300</span> => {<a class=sf-dump-ref>#2062</a> &#8230;4}
    <span class=sf-dump-index>301</span> => {<a class=sf-dump-ref>#2063</a> &#8230;4}
    <span class=sf-dump-index>302</span> => {<a class=sf-dump-ref>#2064</a> &#8230;4}
    <span class=sf-dump-index>303</span> => {<a class=sf-dump-ref>#2065</a> &#8230;4}
    <span class=sf-dump-index>304</span> => {<a class=sf-dump-ref>#2066</a> &#8230;4}
    <span class=sf-dump-index>305</span> => {<a class=sf-dump-ref>#2067</a> &#8230;4}
    <span class=sf-dump-index>306</span> => {<a class=sf-dump-ref>#2068</a> &#8230;4}
    <span class=sf-dump-index>307</span> => {<a class=sf-dump-ref>#2069</a> &#8230;4}
    <span class=sf-dump-index>308</span> => {<a class=sf-dump-ref>#2070</a> &#8230;4}
    <span class=sf-dump-index>309</span> => {<a class=sf-dump-ref>#2071</a> &#8230;4}
    <span class=sf-dump-index>310</span> => {<a class=sf-dump-ref>#2072</a> &#8230;4}
    <span class=sf-dump-index>311</span> => {<a class=sf-dump-ref>#2073</a> &#8230;4}
    <span class=sf-dump-index>312</span> => {<a class=sf-dump-ref>#2074</a> &#8230;4}
    <span class=sf-dump-index>313</span> => {<a class=sf-dump-ref>#2075</a> &#8230;4}
    <span class=sf-dump-index>314</span> => {<a class=sf-dump-ref>#2076</a> &#8230;4}
    <span class=sf-dump-index>315</span> => {<a class=sf-dump-ref>#2077</a> &#8230;4}
    <span class=sf-dump-index>316</span> => {<a class=sf-dump-ref>#2078</a> &#8230;4}
    <span class=sf-dump-index>317</span> => {<a class=sf-dump-ref>#2079</a> &#8230;4}
    <span class=sf-dump-index>318</span> => {<a class=sf-dump-ref>#2080</a> &#8230;4}
    <span class=sf-dump-index>319</span> => {<a class=sf-dump-ref>#2081</a> &#8230;4}
    <span class=sf-dump-index>320</span> => {<a class=sf-dump-ref>#2082</a> &#8230;4}
    <span class=sf-dump-index>321</span> => {<a class=sf-dump-ref>#2083</a> &#8230;4}
    <span class=sf-dump-index>322</span> => {<a class=sf-dump-ref>#2084</a> &#8230;4}
    <span class=sf-dump-index>323</span> => {<a class=sf-dump-ref>#2085</a> &#8230;4}
    <span class=sf-dump-index>324</span> => {<a class=sf-dump-ref>#2086</a> &#8230;4}
    <span class=sf-dump-index>325</span> => {<a class=sf-dump-ref>#2087</a> &#8230;4}
    <span class=sf-dump-index>326</span> => {<a class=sf-dump-ref>#2088</a> &#8230;4}
    <span class=sf-dump-index>327</span> => {<a class=sf-dump-ref>#2089</a> &#8230;4}
    <span class=sf-dump-index>328</span> => {<a class=sf-dump-ref>#2090</a> &#8230;4}
    <span class=sf-dump-index>329</span> => {<a class=sf-dump-ref>#2091</a> &#8230;4}
    <span class=sf-dump-index>330</span> => {<a class=sf-dump-ref>#2092</a> &#8230;4}
    <span class=sf-dump-index>331</span> => {<a class=sf-dump-ref>#2093</a> &#8230;4}
    <span class=sf-dump-index>332</span> => {<a class=sf-dump-ref>#2094</a> &#8230;4}
    <span class=sf-dump-index>333</span> => {<a class=sf-dump-ref>#2095</a> &#8230;4}
    <span class=sf-dump-index>334</span> => {<a class=sf-dump-ref>#2096</a> &#8230;4}
    <span class=sf-dump-index>335</span> => {<a class=sf-dump-ref>#2097</a> &#8230;4}
    <span class=sf-dump-index>336</span> => {<a class=sf-dump-ref>#2098</a> &#8230;4}
    <span class=sf-dump-index>337</span> => {<a class=sf-dump-ref>#2099</a> &#8230;4}
    <span class=sf-dump-index>338</span> => {<a class=sf-dump-ref>#2100</a> &#8230;4}
    <span class=sf-dump-index>339</span> => {<a class=sf-dump-ref>#2101</a> &#8230;4}
    <span class=sf-dump-index>340</span> => {<a class=sf-dump-ref>#2102</a> &#8230;4}
    <span class=sf-dump-index>341</span> => {<a class=sf-dump-ref>#2103</a> &#8230;4}
    <span class=sf-dump-index>342</span> => {<a class=sf-dump-ref>#2104</a> &#8230;4}
    <span class=sf-dump-index>343</span> => {<a class=sf-dump-ref>#2105</a> &#8230;4}
    <span class=sf-dump-index>344</span> => {<a class=sf-dump-ref>#2106</a> &#8230;4}
    <span class=sf-dump-index>345</span> => {<a class=sf-dump-ref>#2107</a> &#8230;4}
    <span class=sf-dump-index>346</span> => {<a class=sf-dump-ref>#2108</a> &#8230;4}
    <span class=sf-dump-index>347</span> => {<a class=sf-dump-ref>#2109</a> &#8230;4}
    <span class=sf-dump-index>348</span> => {<a class=sf-dump-ref>#2110</a> &#8230;4}
    <span class=sf-dump-index>349</span> => {<a class=sf-dump-ref>#2111</a> &#8230;4}
    <span class=sf-dump-index>350</span> => {<a class=sf-dump-ref>#2112</a> &#8230;4}
    <span class=sf-dump-index>351</span> => {<a class=sf-dump-ref>#2113</a> &#8230;4}
    <span class=sf-dump-index>352</span> => {<a class=sf-dump-ref>#2114</a> &#8230;4}
    <span class=sf-dump-index>353</span> => {<a class=sf-dump-ref>#2115</a> &#8230;4}
    <span class=sf-dump-index>354</span> => {<a class=sf-dump-ref>#2116</a> &#8230;4}
    <span class=sf-dump-index>355</span> => {<a class=sf-dump-ref>#2117</a> &#8230;4}
    <span class=sf-dump-index>356</span> => {<a class=sf-dump-ref>#2118</a> &#8230;4}
    <span class=sf-dump-index>357</span> => {<a class=sf-dump-ref>#2119</a> &#8230;4}
    <span class=sf-dump-index>358</span> => {<a class=sf-dump-ref>#2120</a> &#8230;4}
    <span class=sf-dump-index>359</span> => {<a class=sf-dump-ref>#2121</a> &#8230;4}
    <span class=sf-dump-index>360</span> => {<a class=sf-dump-ref>#2122</a> &#8230;4}
    <span class=sf-dump-index>361</span> => {<a class=sf-dump-ref>#2123</a> &#8230;4}
    <span class=sf-dump-index>362</span> => {<a class=sf-dump-ref>#2124</a> &#8230;4}
    <span class=sf-dump-index>363</span> => {<a class=sf-dump-ref>#2125</a> &#8230;4}
    <span class=sf-dump-index>364</span> => {<a class=sf-dump-ref>#2126</a> &#8230;4}
    <span class=sf-dump-index>365</span> => {<a class=sf-dump-ref>#2127</a> &#8230;4}
    <span class=sf-dump-index>366</span> => {<a class=sf-dump-ref>#2128</a> &#8230;4}
    <span class=sf-dump-index>367</span> => {<a class=sf-dump-ref>#2129</a> &#8230;4}
    <span class=sf-dump-index>368</span> => {<a class=sf-dump-ref>#2130</a> &#8230;4}
    <span class=sf-dump-index>369</span> => {<a class=sf-dump-ref>#2131</a> &#8230;4}
    <span class=sf-dump-index>370</span> => {<a class=sf-dump-ref>#2132</a> &#8230;4}
    <span class=sf-dump-index>371</span> => {<a class=sf-dump-ref>#2133</a> &#8230;4}
    <span class=sf-dump-index>372</span> => {<a class=sf-dump-ref>#2134</a> &#8230;4}
    <span class=sf-dump-index>373</span> => {<a class=sf-dump-ref>#2135</a> &#8230;4}
    <span class=sf-dump-index>374</span> => {<a class=sf-dump-ref>#2136</a> &#8230;4}
    <span class=sf-dump-index>375</span> => {<a class=sf-dump-ref>#2137</a> &#8230;4}
    <span class=sf-dump-index>376</span> => {<a class=sf-dump-ref>#2138</a> &#8230;4}
    <span class=sf-dump-index>377</span> => {<a class=sf-dump-ref>#2139</a> &#8230;4}
    <span class=sf-dump-index>378</span> => {<a class=sf-dump-ref>#2140</a> &#8230;4}
    <span class=sf-dump-index>379</span> => {<a class=sf-dump-ref>#2141</a> &#8230;4}
    <span class=sf-dump-index>380</span> => {<a class=sf-dump-ref>#2142</a> &#8230;4}
    <span class=sf-dump-index>381</span> => {<a class=sf-dump-ref>#2143</a> &#8230;4}
    <span class=sf-dump-index>382</span> => {<a class=sf-dump-ref>#2144</a> &#8230;4}
    <span class=sf-dump-index>383</span> => {<a class=sf-dump-ref>#2145</a> &#8230;4}
    <span class=sf-dump-index>384</span> => {<a class=sf-dump-ref>#2146</a> &#8230;4}
    <span class=sf-dump-index>385</span> => {<a class=sf-dump-ref>#2147</a> &#8230;4}
    <span class=sf-dump-index>386</span> => {<a class=sf-dump-ref>#2148</a> &#8230;4}
    <span class=sf-dump-index>387</span> => {<a class=sf-dump-ref>#2149</a> &#8230;4}
    <span class=sf-dump-index>388</span> => {<a class=sf-dump-ref>#2150</a> &#8230;4}
    <span class=sf-dump-index>389</span> => {<a class=sf-dump-ref>#2151</a> &#8230;4}
    <span class=sf-dump-index>390</span> => {<a class=sf-dump-ref>#2152</a> &#8230;4}
    <span class=sf-dump-index>391</span> => {<a class=sf-dump-ref>#2153</a> &#8230;4}
    <span class=sf-dump-index>392</span> => {<a class=sf-dump-ref>#2154</a> &#8230;4}
    <span class=sf-dump-index>393</span> => {<a class=sf-dump-ref>#2155</a> &#8230;4}
    <span class=sf-dump-index>394</span> => {<a class=sf-dump-ref>#2156</a> &#8230;4}
    <span class=sf-dump-index>395</span> => {<a class=sf-dump-ref>#2157</a> &#8230;4}
    <span class=sf-dump-index>396</span> => {<a class=sf-dump-ref>#2158</a> &#8230;4}
    <span class=sf-dump-index>397</span> => {<a class=sf-dump-ref>#2159</a> &#8230;4}
    <span class=sf-dump-index>398</span> => {<a class=sf-dump-ref>#2160</a> &#8230;4}
    <span class=sf-dump-index>399</span> => {<a class=sf-dump-ref>#2161</a> &#8230;4}
    <span class=sf-dump-index>400</span> => {<a class=sf-dump-ref>#2162</a> &#8230;4}
    <span class=sf-dump-index>401</span> => {<a class=sf-dump-ref>#2163</a> &#8230;4}
    <span class=sf-dump-index>402</span> => {<a class=sf-dump-ref>#2164</a> &#8230;4}
    <span class=sf-dump-index>403</span> => {<a class=sf-dump-ref>#2165</a> &#8230;4}
    <span class=sf-dump-index>404</span> => {<a class=sf-dump-ref>#2166</a> &#8230;4}
    <span class=sf-dump-index>405</span> => {<a class=sf-dump-ref>#2167</a> &#8230;4}
    <span class=sf-dump-index>406</span> => {<a class=sf-dump-ref>#2168</a> &#8230;4}
    <span class=sf-dump-index>407</span> => {<a class=sf-dump-ref>#2169</a> &#8230;4}
    <span class=sf-dump-index>408</span> => {<a class=sf-dump-ref>#2170</a> &#8230;4}
    <span class=sf-dump-index>409</span> => {<a class=sf-dump-ref>#2171</a> &#8230;4}
    <span class=sf-dump-index>410</span> => {<a class=sf-dump-ref>#2172</a> &#8230;4}
    <span class=sf-dump-index>411</span> => {<a class=sf-dump-ref>#2173</a> &#8230;4}
    <span class=sf-dump-index>412</span> => {<a class=sf-dump-ref>#2174</a> &#8230;4}
    <span class=sf-dump-index>413</span> => {<a class=sf-dump-ref>#2175</a> &#8230;4}
    <span class=sf-dump-index>414</span> => {<a class=sf-dump-ref>#2176</a> &#8230;4}
    <span class=sf-dump-index>415</span> => {<a class=sf-dump-ref>#2177</a> &#8230;4}
    <span class=sf-dump-index>416</span> => {<a class=sf-dump-ref>#2178</a> &#8230;4}
    <span class=sf-dump-index>417</span> => {<a class=sf-dump-ref>#2179</a> &#8230;4}
    <span class=sf-dump-index>418</span> => {<a class=sf-dump-ref>#2180</a> &#8230;4}
    <span class=sf-dump-index>419</span> => {<a class=sf-dump-ref>#2181</a> &#8230;4}
    <span class=sf-dump-index>420</span> => {<a class=sf-dump-ref>#2182</a> &#8230;4}
    <span class=sf-dump-index>421</span> => {<a class=sf-dump-ref>#2183</a> &#8230;4}
    <span class=sf-dump-index>422</span> => {<a class=sf-dump-ref>#2184</a> &#8230;4}
    <span class=sf-dump-index>423</span> => {<a class=sf-dump-ref>#2185</a> &#8230;4}
    <span class=sf-dump-index>424</span> => {<a class=sf-dump-ref>#2186</a> &#8230;4}
    <span class=sf-dump-index>425</span> => {<a class=sf-dump-ref>#2187</a> &#8230;4}
    <span class=sf-dump-index>426</span> => {<a class=sf-dump-ref>#2188</a> &#8230;4}
    <span class=sf-dump-index>427</span> => {<a class=sf-dump-ref>#2189</a> &#8230;4}
    <span class=sf-dump-index>428</span> => {<a class=sf-dump-ref>#2190</a> &#8230;4}
    <span class=sf-dump-index>429</span> => {<a class=sf-dump-ref>#2191</a> &#8230;4}
    <span class=sf-dump-index>430</span> => {<a class=sf-dump-ref>#2192</a> &#8230;4}
    <span class=sf-dump-index>431</span> => {<a class=sf-dump-ref>#2193</a> &#8230;4}
    <span class=sf-dump-index>432</span> => {<a class=sf-dump-ref>#2194</a> &#8230;4}
    <span class=sf-dump-index>433</span> => {<a class=sf-dump-ref>#2195</a> &#8230;4}
    <span class=sf-dump-index>434</span> => {<a class=sf-dump-ref>#2196</a> &#8230;4}
    <span class=sf-dump-index>435</span> => {<a class=sf-dump-ref>#2197</a> &#8230;4}
    <span class=sf-dump-index>436</span> => {<a class=sf-dump-ref>#2198</a> &#8230;4}
    <span class=sf-dump-index>437</span> => {<a class=sf-dump-ref>#2199</a> &#8230;4}
    <span class=sf-dump-index>438</span> => {<a class=sf-dump-ref>#2200</a> &#8230;4}
    <span class=sf-dump-index>439</span> => {<a class=sf-dump-ref>#2201</a> &#8230;4}
    <span class=sf-dump-index>440</span> => {<a class=sf-dump-ref>#2202</a> &#8230;4}
    <span class=sf-dump-index>441</span> => {<a class=sf-dump-ref>#2203</a> &#8230;4}
    <span class=sf-dump-index>442</span> => {<a class=sf-dump-ref>#2204</a> &#8230;4}
    <span class=sf-dump-index>443</span> => {<a class=sf-dump-ref>#2205</a> &#8230;4}
    <span class=sf-dump-index>444</span> => {<a class=sf-dump-ref>#2206</a> &#8230;4}
    <span class=sf-dump-index>445</span> => {<a class=sf-dump-ref>#2207</a> &#8230;4}
    <span class=sf-dump-index>446</span> => {<a class=sf-dump-ref>#2208</a> &#8230;4}
    <span class=sf-dump-index>447</span> => {<a class=sf-dump-ref>#2209</a> &#8230;4}
    <span class=sf-dump-index>448</span> => {<a class=sf-dump-ref>#2210</a> &#8230;4}
    <span class=sf-dump-index>449</span> => {<a class=sf-dump-ref>#2211</a> &#8230;4}
    <span class=sf-dump-index>450</span> => {<a class=sf-dump-ref>#2212</a> &#8230;4}
    <span class=sf-dump-index>451</span> => {<a class=sf-dump-ref>#2213</a> &#8230;4}
    <span class=sf-dump-index>452</span> => {<a class=sf-dump-ref>#2214</a> &#8230;4}
    <span class=sf-dump-index>453</span> => {<a class=sf-dump-ref>#2215</a> &#8230;4}
    <span class=sf-dump-index>454</span> => {<a class=sf-dump-ref>#2216</a> &#8230;4}
    <span class=sf-dump-index>455</span> => {<a class=sf-dump-ref>#2217</a> &#8230;4}
    <span class=sf-dump-index>456</span> => {<a class=sf-dump-ref>#2218</a> &#8230;4}
    <span class=sf-dump-index>457</span> => {<a class=sf-dump-ref>#2219</a> &#8230;4}
    <span class=sf-dump-index>458</span> => {<a class=sf-dump-ref>#2220</a> &#8230;4}
    <span class=sf-dump-index>459</span> => {<a class=sf-dump-ref>#2221</a> &#8230;4}
    <span class=sf-dump-index>460</span> => {<a class=sf-dump-ref>#2222</a> &#8230;4}
    <span class=sf-dump-index>461</span> => {<a class=sf-dump-ref>#2223</a> &#8230;4}
    <span class=sf-dump-index>462</span> => {<a class=sf-dump-ref>#2224</a> &#8230;4}
    <span class=sf-dump-index>463</span> => {<a class=sf-dump-ref>#2225</a> &#8230;4}
    <span class=sf-dump-index>464</span> => {<a class=sf-dump-ref>#2226</a> &#8230;4}
    <span class=sf-dump-index>465</span> => {<a class=sf-dump-ref>#2227</a> &#8230;4}
    <span class=sf-dump-index>466</span> => {<a class=sf-dump-ref>#2228</a> &#8230;4}
    <span class=sf-dump-index>467</span> => {<a class=sf-dump-ref>#2229</a> &#8230;4}
    <span class=sf-dump-index>468</span> => {<a class=sf-dump-ref>#2230</a> &#8230;4}
    <span class=sf-dump-index>469</span> => {<a class=sf-dump-ref>#2231</a> &#8230;4}
    <span class=sf-dump-index>470</span> => {<a class=sf-dump-ref>#2232</a> &#8230;4}
    <span class=sf-dump-index>471</span> => {<a class=sf-dump-ref>#2233</a> &#8230;4}
    <span class=sf-dump-index>472</span> => {<a class=sf-dump-ref>#2234</a> &#8230;4}
    <span class=sf-dump-index>473</span> => {<a class=sf-dump-ref>#2235</a> &#8230;4}
    <span class=sf-dump-index>474</span> => {<a class=sf-dump-ref>#2236</a> &#8230;4}
    <span class=sf-dump-index>475</span> => {<a class=sf-dump-ref>#2237</a> &#8230;4}
    <span class=sf-dump-index>476</span> => {<a class=sf-dump-ref>#2238</a> &#8230;4}
    <span class=sf-dump-index>477</span> => {<a class=sf-dump-ref>#2239</a> &#8230;4}
    <span class=sf-dump-index>478</span> => {<a class=sf-dump-ref>#2240</a> &#8230;4}
    <span class=sf-dump-index>479</span> => {<a class=sf-dump-ref>#2241</a> &#8230;4}
    <span class=sf-dump-index>480</span> => {<a class=sf-dump-ref>#2242</a> &#8230;4}
    <span class=sf-dump-index>481</span> => {<a class=sf-dump-ref>#2243</a> &#8230;4}
    <span class=sf-dump-index>482</span> => {<a class=sf-dump-ref>#2244</a> &#8230;4}
    <span class=sf-dump-index>483</span> => {<a class=sf-dump-ref>#2245</a> &#8230;4}
    <span class=sf-dump-index>484</span> => {<a class=sf-dump-ref>#2246</a> &#8230;4}
    <span class=sf-dump-index>485</span> => {<a class=sf-dump-ref>#2247</a> &#8230;4}
    <span class=sf-dump-index>486</span> => {<a class=sf-dump-ref>#2248</a> &#8230;4}
    <span class=sf-dump-index>487</span> => {<a class=sf-dump-ref>#2249</a> &#8230;4}
    <span class=sf-dump-index>488</span> => {<a class=sf-dump-ref>#2250</a> &#8230;4}
    <span class=sf-dump-index>489</span> => {<a class=sf-dump-ref>#2251</a> &#8230;4}
    <span class=sf-dump-index>490</span> => {<a class=sf-dump-ref>#2252</a> &#8230;4}
    <span class=sf-dump-index>491</span> => {<a class=sf-dump-ref>#2253</a> &#8230;4}
    <span class=sf-dump-index>492</span> => {<a class=sf-dump-ref>#2254</a> &#8230;4}
    <span class=sf-dump-index>493</span> => {<a class=sf-dump-ref>#2255</a> &#8230;4}
    <span class=sf-dump-index>494</span> => {<a class=sf-dump-ref>#2256</a> &#8230;4}
    <span class=sf-dump-index>495</span> => {<a class=sf-dump-ref>#2257</a> &#8230;4}
    <span class=sf-dump-index>496</span> => {<a class=sf-dump-ref>#2258</a> &#8230;4}
    <span class=sf-dump-index>497</span> => {<a class=sf-dump-ref>#2259</a> &#8230;4}
    <span class=sf-dump-index>498</span> => {<a class=sf-dump-ref>#2260</a> &#8230;4}
    <span class=sf-dump-index>499</span> => {<a class=sf-dump-ref>#2261</a> &#8230;4}
    <span class=sf-dump-index>500</span> => {<a class=sf-dump-ref>#2262</a> &#8230;4}
    <span class=sf-dump-index>501</span> => {<a class=sf-dump-ref>#2263</a> &#8230;4}
    <span class=sf-dump-index>502</span> => {<a class=sf-dump-ref>#2264</a> &#8230;4}
    <span class=sf-dump-index>503</span> => {<a class=sf-dump-ref>#2265</a> &#8230;4}
    <span class=sf-dump-index>504</span> => {<a class=sf-dump-ref>#2266</a> &#8230;4}
    <span class=sf-dump-index>505</span> => {<a class=sf-dump-ref>#2267</a> &#8230;4}
    <span class=sf-dump-index>506</span> => {<a class=sf-dump-ref>#2268</a> &#8230;4}
    <span class=sf-dump-index>507</span> => {<a class=sf-dump-ref>#2269</a> &#8230;4}
    <span class=sf-dump-index>508</span> => {<a class=sf-dump-ref>#2270</a> &#8230;4}
    <span class=sf-dump-index>509</span> => {<a class=sf-dump-ref>#2271</a> &#8230;4}
    <span class=sf-dump-index>510</span> => {<a class=sf-dump-ref>#2272</a> &#8230;4}
    <span class=sf-dump-index>511</span> => {<a class=sf-dump-ref>#2273</a> &#8230;4}
    <span class=sf-dump-index>512</span> => {<a class=sf-dump-ref>#2274</a> &#8230;4}
    <span class=sf-dump-index>513</span> => {<a class=sf-dump-ref>#2275</a> &#8230;4}
    <span class=sf-dump-index>514</span> => {<a class=sf-dump-ref>#2276</a> &#8230;4}
    <span class=sf-dump-index>515</span> => {<a class=sf-dump-ref>#2277</a> &#8230;4}
    <span class=sf-dump-index>516</span> => {<a class=sf-dump-ref>#2278</a> &#8230;4}
    <span class=sf-dump-index>517</span> => {<a class=sf-dump-ref>#2279</a> &#8230;4}
    <span class=sf-dump-index>518</span> => {<a class=sf-dump-ref>#2280</a> &#8230;4}
    <span class=sf-dump-index>519</span> => {<a class=sf-dump-ref>#2281</a> &#8230;4}
    <span class=sf-dump-index>520</span> => {<a class=sf-dump-ref>#2282</a> &#8230;4}
    <span class=sf-dump-index>521</span> => {<a class=sf-dump-ref>#2283</a> &#8230;4}
    <span class=sf-dump-index>522</span> => {<a class=sf-dump-ref>#2284</a> &#8230;4}
    <span class=sf-dump-index>523</span> => {<a class=sf-dump-ref>#2285</a> &#8230;4}
    <span class=sf-dump-index>524</span> => {<a class=sf-dump-ref>#2286</a> &#8230;4}
    <span class=sf-dump-index>525</span> => {<a class=sf-dump-ref>#2287</a> &#8230;4}
    <span class=sf-dump-index>526</span> => {<a class=sf-dump-ref>#2288</a> &#8230;4}
    <span class=sf-dump-index>527</span> => {<a class=sf-dump-ref>#2289</a> &#8230;4}
    <span class=sf-dump-index>528</span> => {<a class=sf-dump-ref>#2290</a> &#8230;4}
    <span class=sf-dump-index>529</span> => {<a class=sf-dump-ref>#2291</a> &#8230;4}
    <span class=sf-dump-index>530</span> => {<a class=sf-dump-ref>#2292</a> &#8230;4}
    <span class=sf-dump-index>531</span> => {<a class=sf-dump-ref>#2293</a> &#8230;4}
    <span class=sf-dump-index>532</span> => {<a class=sf-dump-ref>#2294</a> &#8230;4}
    <span class=sf-dump-index>533</span> => {<a class=sf-dump-ref>#2295</a> &#8230;4}
    <span class=sf-dump-index>534</span> => {<a class=sf-dump-ref>#2296</a> &#8230;4}
    <span class=sf-dump-index>535</span> => {<a class=sf-dump-ref>#2297</a> &#8230;4}
    <span class=sf-dump-index>536</span> => {<a class=sf-dump-ref>#2298</a> &#8230;4}
    <span class=sf-dump-index>537</span> => {<a class=sf-dump-ref>#2299</a> &#8230;4}
    <span class=sf-dump-index>538</span> => {<a class=sf-dump-ref>#2300</a> &#8230;4}
    <span class=sf-dump-index>539</span> => {<a class=sf-dump-ref>#2301</a> &#8230;4}
    <span class=sf-dump-index>540</span> => {<a class=sf-dump-ref>#2302</a> &#8230;4}
    <span class=sf-dump-index>541</span> => {<a class=sf-dump-ref>#2303</a> &#8230;4}
    <span class=sf-dump-index>542</span> => {<a class=sf-dump-ref>#2304</a> &#8230;4}
    <span class=sf-dump-index>543</span> => {<a class=sf-dump-ref>#2305</a> &#8230;4}
    <span class=sf-dump-index>544</span> => {<a class=sf-dump-ref>#2306</a> &#8230;4}
    <span class=sf-dump-index>545</span> => {<a class=sf-dump-ref>#2307</a> &#8230;4}
    <span class=sf-dump-index>546</span> => {<a class=sf-dump-ref>#2308</a> &#8230;4}
    <span class=sf-dump-index>547</span> => {<a class=sf-dump-ref>#2309</a> &#8230;4}
    <span class=sf-dump-index>548</span> => {<a class=sf-dump-ref>#2310</a> &#8230;4}
    <span class=sf-dump-index>549</span> => {<a class=sf-dump-ref>#2311</a> &#8230;4}
    <span class=sf-dump-index>550</span> => {<a class=sf-dump-ref>#2312</a> &#8230;4}
    <span class=sf-dump-index>551</span> => {<a class=sf-dump-ref>#2313</a> &#8230;4}
    <span class=sf-dump-index>552</span> => {<a class=sf-dump-ref>#2314</a> &#8230;4}
    <span class=sf-dump-index>553</span> => {<a class=sf-dump-ref>#2315</a> &#8230;4}
    <span class=sf-dump-index>554</span> => {<a class=sf-dump-ref>#2316</a> &#8230;4}
    <span class=sf-dump-index>555</span> => {<a class=sf-dump-ref>#2317</a> &#8230;4}
    <span class=sf-dump-index>556</span> => {<a class=sf-dump-ref>#2318</a> &#8230;4}
    <span class=sf-dump-index>557</span> => {<a class=sf-dump-ref>#2319</a> &#8230;4}
    <span class=sf-dump-index>558</span> => {<a class=sf-dump-ref>#2320</a> &#8230;4}
    <span class=sf-dump-index>559</span> => {<a class=sf-dump-ref>#2321</a> &#8230;4}
    <span class=sf-dump-index>560</span> => {<a class=sf-dump-ref>#2322</a> &#8230;4}
    <span class=sf-dump-index>561</span> => {<a class=sf-dump-ref>#2323</a> &#8230;4}
    <span class=sf-dump-index>562</span> => {<a class=sf-dump-ref>#2324</a> &#8230;4}
    <span class=sf-dump-index>563</span> => {<a class=sf-dump-ref>#2325</a> &#8230;4}
    <span class=sf-dump-index>564</span> => {<a class=sf-dump-ref>#2326</a> &#8230;4}
    <span class=sf-dump-index>565</span> => {<a class=sf-dump-ref>#2327</a> &#8230;4}
    <span class=sf-dump-index>566</span> => {<a class=sf-dump-ref>#2328</a> &#8230;4}
    <span class=sf-dump-index>567</span> => {<a class=sf-dump-ref>#2329</a> &#8230;4}
    <span class=sf-dump-index>568</span> => {<a class=sf-dump-ref>#2330</a> &#8230;4}
    <span class=sf-dump-index>569</span> => {<a class=sf-dump-ref>#2331</a> &#8230;4}
    <span class=sf-dump-index>570</span> => {<a class=sf-dump-ref>#2332</a> &#8230;4}
    <span class=sf-dump-index>571</span> => {<a class=sf-dump-ref>#2333</a> &#8230;4}
    <span class=sf-dump-index>572</span> => {<a class=sf-dump-ref>#2334</a> &#8230;4}
    <span class=sf-dump-index>573</span> => {<a class=sf-dump-ref>#2335</a> &#8230;4}
    <span class=sf-dump-index>574</span> => {<a class=sf-dump-ref>#2336</a> &#8230;4}
    <span class=sf-dump-index>575</span> => {<a class=sf-dump-ref>#2337</a> &#8230;4}
    <span class=sf-dump-index>576</span> => {<a class=sf-dump-ref>#2338</a> &#8230;4}
    <span class=sf-dump-index>577</span> => {<a class=sf-dump-ref>#2339</a> &#8230;4}
    <span class=sf-dump-index>578</span> => {<a class=sf-dump-ref>#2340</a> &#8230;4}
    <span class=sf-dump-index>579</span> => {<a class=sf-dump-ref>#2341</a> &#8230;4}
    <span class=sf-dump-index>580</span> => {<a class=sf-dump-ref>#2342</a> &#8230;4}
    <span class=sf-dump-index>581</span> => {<a class=sf-dump-ref>#2343</a> &#8230;4}
    <span class=sf-dump-index>582</span> => {<a class=sf-dump-ref>#2344</a> &#8230;4}
    <span class=sf-dump-index>583</span> => {<a class=sf-dump-ref>#2345</a> &#8230;4}
    <span class=sf-dump-index>584</span> => {<a class=sf-dump-ref>#2346</a> &#8230;4}
    <span class=sf-dump-index>585</span> => {<a class=sf-dump-ref>#2347</a> &#8230;4}
    <span class=sf-dump-index>586</span> => {<a class=sf-dump-ref>#2348</a> &#8230;4}
    <span class=sf-dump-index>587</span> => {<a class=sf-dump-ref>#2349</a> &#8230;4}
    <span class=sf-dump-index>588</span> => {<a class=sf-dump-ref>#2350</a> &#8230;4}
    <span class=sf-dump-index>589</span> => {<a class=sf-dump-ref>#2351</a> &#8230;4}
    <span class=sf-dump-index>590</span> => {<a class=sf-dump-ref>#2352</a> &#8230;4}
    <span class=sf-dump-index>591</span> => {<a class=sf-dump-ref>#2353</a> &#8230;4}
    <span class=sf-dump-index>592</span> => {<a class=sf-dump-ref>#2354</a> &#8230;4}
    <span class=sf-dump-index>593</span> => {<a class=sf-dump-ref>#2355</a> &#8230;4}
    <span class=sf-dump-index>594</span> => {<a class=sf-dump-ref>#2356</a> &#8230;4}
    <span class=sf-dump-index>595</span> => {<a class=sf-dump-ref>#2357</a> &#8230;4}
    <span class=sf-dump-index>596</span> => {<a class=sf-dump-ref>#2358</a> &#8230;4}
    <span class=sf-dump-index>597</span> => {<a class=sf-dump-ref>#2359</a> &#8230;4}
    <span class=sf-dump-index>598</span> => {<a class=sf-dump-ref>#2360</a> &#8230;4}
    <span class=sf-dump-index>599</span> => {<a class=sf-dump-ref>#2361</a> &#8230;4}
    <span class=sf-dump-index>600</span> => {<a class=sf-dump-ref>#2362</a> &#8230;4}
    <span class=sf-dump-index>601</span> => {<a class=sf-dump-ref>#2363</a> &#8230;4}
    <span class=sf-dump-index>602</span> => {<a class=sf-dump-ref>#2364</a> &#8230;4}
    <span class=sf-dump-index>603</span> => {<a class=sf-dump-ref>#2365</a> &#8230;4}
    <span class=sf-dump-index>604</span> => {<a class=sf-dump-ref>#2366</a> &#8230;4}
    <span class=sf-dump-index>605</span> => {<a class=sf-dump-ref>#2367</a> &#8230;4}
    <span class=sf-dump-index>606</span> => {<a class=sf-dump-ref>#2368</a> &#8230;4}
    <span class=sf-dump-index>607</span> => {<a class=sf-dump-ref>#2369</a> &#8230;4}
    <span class=sf-dump-index>608</span> => {<a class=sf-dump-ref>#2370</a> &#8230;4}
    <span class=sf-dump-index>609</span> => {<a class=sf-dump-ref>#2371</a> &#8230;4}
    <span class=sf-dump-index>610</span> => {<a class=sf-dump-ref>#2372</a> &#8230;4}
    <span class=sf-dump-index>611</span> => {<a class=sf-dump-ref>#2373</a> &#8230;4}
    <span class=sf-dump-index>612</span> => {<a class=sf-dump-ref>#2374</a> &#8230;4}
    <span class=sf-dump-index>613</span> => {<a class=sf-dump-ref>#2375</a> &#8230;4}
    <span class=sf-dump-index>614</span> => {<a class=sf-dump-ref>#2376</a> &#8230;4}
    <span class=sf-dump-index>615</span> => {<a class=sf-dump-ref>#2377</a> &#8230;4}
    <span class=sf-dump-index>616</span> => {<a class=sf-dump-ref>#2378</a> &#8230;4}
    <span class=sf-dump-index>617</span> => {<a class=sf-dump-ref>#2379</a> &#8230;4}
    <span class=sf-dump-index>618</span> => {<a class=sf-dump-ref>#2380</a> &#8230;4}
    <span class=sf-dump-index>619</span> => {<a class=sf-dump-ref>#2381</a> &#8230;4}
    <span class=sf-dump-index>620</span> => {<a class=sf-dump-ref>#2382</a> &#8230;4}
    <span class=sf-dump-index>621</span> => {<a class=sf-dump-ref>#2383</a> &#8230;4}
    <span class=sf-dump-index>622</span> => {<a class=sf-dump-ref>#2384</a> &#8230;4}
    <span class=sf-dump-index>623</span> => {<a class=sf-dump-ref>#2385</a> &#8230;4}
    <span class=sf-dump-index>624</span> => {<a class=sf-dump-ref>#2386</a> &#8230;4}
    <span class=sf-dump-index>625</span> => {<a class=sf-dump-ref>#2387</a> &#8230;4}
    <span class=sf-dump-index>626</span> => {<a class=sf-dump-ref>#2388</a> &#8230;4}
    <span class=sf-dump-index>627</span> => {<a class=sf-dump-ref>#2389</a> &#8230;4}
    <span class=sf-dump-index>628</span> => {<a class=sf-dump-ref>#2390</a> &#8230;4}
    <span class=sf-dump-index>629</span> => {<a class=sf-dump-ref>#2391</a> &#8230;4}
    <span class=sf-dump-index>630</span> => {<a class=sf-dump-ref>#2392</a> &#8230;4}
    <span class=sf-dump-index>631</span> => {<a class=sf-dump-ref>#2393</a> &#8230;4}
    <span class=sf-dump-index>632</span> => {<a class=sf-dump-ref>#2394</a> &#8230;4}
    <span class=sf-dump-index>633</span> => {<a class=sf-dump-ref>#2395</a> &#8230;4}
    <span class=sf-dump-index>634</span> => {<a class=sf-dump-ref>#2396</a> &#8230;4}
    <span class=sf-dump-index>635</span> => {<a class=sf-dump-ref>#2397</a> &#8230;4}
    <span class=sf-dump-index>636</span> => {<a class=sf-dump-ref>#2398</a> &#8230;4}
    <span class=sf-dump-index>637</span> => {<a class=sf-dump-ref>#2399</a> &#8230;4}
    <span class=sf-dump-index>638</span> => {<a class=sf-dump-ref>#2400</a> &#8230;4}
    <span class=sf-dump-index>639</span> => {<a class=sf-dump-ref>#2401</a> &#8230;4}
    <span class=sf-dump-index>640</span> => {<a class=sf-dump-ref>#2402</a> &#8230;4}
    <span class=sf-dump-index>641</span> => {<a class=sf-dump-ref>#2403</a> &#8230;4}
    <span class=sf-dump-index>642</span> => {<a class=sf-dump-ref>#2404</a> &#8230;4}
    <span class=sf-dump-index>643</span> => {<a class=sf-dump-ref>#2405</a> &#8230;4}
    <span class=sf-dump-index>644</span> => {<a class=sf-dump-ref>#2406</a> &#8230;4}
    <span class=sf-dump-index>645</span> => {<a class=sf-dump-ref>#2407</a> &#8230;4}
    <span class=sf-dump-index>646</span> => {<a class=sf-dump-ref>#2408</a> &#8230;4}
    <span class=sf-dump-index>647</span> => {<a class=sf-dump-ref>#2409</a> &#8230;4}
    <span class=sf-dump-index>648</span> => {<a class=sf-dump-ref>#2410</a> &#8230;4}
    <span class=sf-dump-index>649</span> => {<a class=sf-dump-ref>#2411</a> &#8230;4}
    <span class=sf-dump-index>650</span> => {<a class=sf-dump-ref>#2412</a> &#8230;4}
    <span class=sf-dump-index>651</span> => {<a class=sf-dump-ref>#2413</a> &#8230;4}
    <span class=sf-dump-index>652</span> => {<a class=sf-dump-ref>#2414</a> &#8230;4}
    <span class=sf-dump-index>653</span> => {<a class=sf-dump-ref>#2415</a> &#8230;4}
    <span class=sf-dump-index>654</span> => {<a class=sf-dump-ref>#2416</a> &#8230;4}
    <span class=sf-dump-index>655</span> => {<a class=sf-dump-ref>#2417</a> &#8230;4}
    <span class=sf-dump-index>656</span> => {<a class=sf-dump-ref>#2418</a> &#8230;4}
    <span class=sf-dump-index>657</span> => {<a class=sf-dump-ref>#2419</a> &#8230;4}
    <span class=sf-dump-index>658</span> => {<a class=sf-dump-ref>#2420</a> &#8230;4}
    <span class=sf-dump-index>659</span> => {<a class=sf-dump-ref>#2421</a> &#8230;4}
    <span class=sf-dump-index>660</span> => {<a class=sf-dump-ref>#2422</a> &#8230;4}
    <span class=sf-dump-index>661</span> => {<a class=sf-dump-ref>#2423</a> &#8230;4}
    <span class=sf-dump-index>662</span> => {<a class=sf-dump-ref>#2424</a> &#8230;4}
    <span class=sf-dump-index>663</span> => {<a class=sf-dump-ref>#2425</a> &#8230;4}
    <span class=sf-dump-index>664</span> => {<a class=sf-dump-ref>#2426</a> &#8230;4}
    <span class=sf-dump-index>665</span> => {<a class=sf-dump-ref>#2427</a> &#8230;4}
    <span class=sf-dump-index>666</span> => {<a class=sf-dump-ref>#2428</a> &#8230;4}
    <span class=sf-dump-index>667</span> => {<a class=sf-dump-ref>#2429</a> &#8230;4}
    <span class=sf-dump-index>668</span> => {<a class=sf-dump-ref>#2430</a> &#8230;4}
    <span class=sf-dump-index>669</span> => {<a class=sf-dump-ref>#2431</a> &#8230;4}
    <span class=sf-dump-index>670</span> => {<a class=sf-dump-ref>#2432</a> &#8230;4}
    <span class=sf-dump-index>671</span> => {<a class=sf-dump-ref>#2433</a> &#8230;4}
    <span class=sf-dump-index>672</span> => {<a class=sf-dump-ref>#2434</a> &#8230;4}
    <span class=sf-dump-index>673</span> => {<a class=sf-dump-ref>#2435</a> &#8230;4}
    <span class=sf-dump-index>674</span> => {<a class=sf-dump-ref>#2436</a> &#8230;4}
    <span class=sf-dump-index>675</span> => {<a class=sf-dump-ref>#2437</a> &#8230;4}
    <span class=sf-dump-index>676</span> => {<a class=sf-dump-ref>#2438</a> &#8230;4}
    <span class=sf-dump-index>677</span> => {<a class=sf-dump-ref>#2439</a> &#8230;4}
    <span class=sf-dump-index>678</span> => {<a class=sf-dump-ref>#2440</a> &#8230;4}
    <span class=sf-dump-index>679</span> => {<a class=sf-dump-ref>#2441</a> &#8230;4}
    <span class=sf-dump-index>680</span> => {<a class=sf-dump-ref>#2442</a> &#8230;4}
    <span class=sf-dump-index>681</span> => {<a class=sf-dump-ref>#2443</a> &#8230;4}
    <span class=sf-dump-index>682</span> => {<a class=sf-dump-ref>#2444</a> &#8230;4}
    <span class=sf-dump-index>683</span> => {<a class=sf-dump-ref>#2445</a> &#8230;4}
    <span class=sf-dump-index>684</span> => {<a class=sf-dump-ref>#2446</a> &#8230;4}
    <span class=sf-dump-index>685</span> => {<a class=sf-dump-ref>#2447</a> &#8230;4}
    <span class=sf-dump-index>686</span> => {<a class=sf-dump-ref>#2448</a> &#8230;4}
    <span class=sf-dump-index>687</span> => {<a class=sf-dump-ref>#2449</a> &#8230;4}
    <span class=sf-dump-index>688</span> => {<a class=sf-dump-ref>#2450</a> &#8230;4}
    <span class=sf-dump-index>689</span> => {<a class=sf-dump-ref>#2451</a> &#8230;4}
    <span class=sf-dump-index>690</span> => {<a class=sf-dump-ref>#2452</a> &#8230;4}
    <span class=sf-dump-index>691</span> => {<a class=sf-dump-ref>#2453</a> &#8230;4}
    <span class=sf-dump-index>692</span> => {<a class=sf-dump-ref>#2454</a> &#8230;4}
    <span class=sf-dump-index>693</span> => {<a class=sf-dump-ref>#2455</a> &#8230;4}
    <span class=sf-dump-index>694</span> => {<a class=sf-dump-ref>#2456</a> &#8230;4}
    <span class=sf-dump-index>695</span> => {<a class=sf-dump-ref>#2457</a> &#8230;4}
    <span class=sf-dump-index>696</span> => {<a class=sf-dump-ref>#2458</a> &#8230;4}
    <span class=sf-dump-index>697</span> => {<a class=sf-dump-ref>#2459</a> &#8230;4}
    <span class=sf-dump-index>698</span> => {<a class=sf-dump-ref>#2460</a> &#8230;4}
    <span class=sf-dump-index>699</span> => {<a class=sf-dump-ref>#2461</a> &#8230;4}
    <span class=sf-dump-index>700</span> => {<a class=sf-dump-ref>#2462</a> &#8230;4}
    <span class=sf-dump-index>701</span> => {<a class=sf-dump-ref>#2463</a> &#8230;4}
    <span class=sf-dump-index>702</span> => {<a class=sf-dump-ref>#2464</a> &#8230;4}
    <span class=sf-dump-index>703</span> => {<a class=sf-dump-ref>#2465</a> &#8230;4}
    <span class=sf-dump-index>704</span> => {<a class=sf-dump-ref>#2466</a> &#8230;4}
    <span class=sf-dump-index>705</span> => {<a class=sf-dump-ref>#2467</a> &#8230;4}
    <span class=sf-dump-index>706</span> => {<a class=sf-dump-ref>#2468</a> &#8230;4}
    <span class=sf-dump-index>707</span> => {<a class=sf-dump-ref>#2469</a> &#8230;4}
    <span class=sf-dump-index>708</span> => {<a class=sf-dump-ref>#2470</a> &#8230;4}
    <span class=sf-dump-index>709</span> => {<a class=sf-dump-ref>#2471</a> &#8230;4}
    <span class=sf-dump-index>710</span> => {<a class=sf-dump-ref>#2472</a> &#8230;4}
    <span class=sf-dump-index>711</span> => {<a class=sf-dump-ref>#2473</a> &#8230;4}
    <span class=sf-dump-index>712</span> => {<a class=sf-dump-ref>#2474</a> &#8230;4}
    <span class=sf-dump-index>713</span> => {<a class=sf-dump-ref>#2475</a> &#8230;4}
    <span class=sf-dump-index>714</span> => {<a class=sf-dump-ref>#2476</a> &#8230;4}
    <span class=sf-dump-index>715</span> => {<a class=sf-dump-ref>#2477</a> &#8230;4}
    <span class=sf-dump-index>716</span> => {<a class=sf-dump-ref>#2478</a> &#8230;4}
    <span class=sf-dump-index>717</span> => {<a class=sf-dump-ref>#2479</a> &#8230;4}
    <span class=sf-dump-index>718</span> => {<a class=sf-dump-ref>#2480</a> &#8230;4}
    <span class=sf-dump-index>719</span> => {<a class=sf-dump-ref>#2481</a> &#8230;4}
    <span class=sf-dump-index>720</span> => {<a class=sf-dump-ref>#2482</a> &#8230;4}
    <span class=sf-dump-index>721</span> => {<a class=sf-dump-ref>#2483</a> &#8230;4}
    <span class=sf-dump-index>722</span> => {<a class=sf-dump-ref>#2484</a> &#8230;4}
    <span class=sf-dump-index>723</span> => {<a class=sf-dump-ref>#2485</a> &#8230;4}
    <span class=sf-dump-index>724</span> => {<a class=sf-dump-ref>#2486</a> &#8230;4}
    <span class=sf-dump-index>725</span> => {<a class=sf-dump-ref>#2487</a> &#8230;4}
    <span class=sf-dump-index>726</span> => {<a class=sf-dump-ref>#2488</a> &#8230;4}
    <span class=sf-dump-index>727</span> => {<a class=sf-dump-ref>#2489</a> &#8230;4}
    <span class=sf-dump-index>728</span> => {<a class=sf-dump-ref>#2490</a> &#8230;4}
    <span class=sf-dump-index>729</span> => {<a class=sf-dump-ref>#2491</a> &#8230;4}
    <span class=sf-dump-index>730</span> => {<a class=sf-dump-ref>#2492</a> &#8230;4}
    <span class=sf-dump-index>731</span> => {<a class=sf-dump-ref>#2493</a> &#8230;4}
    <span class=sf-dump-index>732</span> => {<a class=sf-dump-ref>#2494</a> &#8230;4}
    <span class=sf-dump-index>733</span> => {<a class=sf-dump-ref>#2495</a> &#8230;4}
    <span class=sf-dump-index>734</span> => {<a class=sf-dump-ref>#2496</a> &#8230;4}
    <span class=sf-dump-index>735</span> => {<a class=sf-dump-ref>#2497</a> &#8230;4}
    <span class=sf-dump-index>736</span> => {<a class=sf-dump-ref>#2498</a> &#8230;4}
    <span class=sf-dump-index>737</span> => {<a class=sf-dump-ref>#2499</a> &#8230;4}
    <span class=sf-dump-index>738</span> => {<a class=sf-dump-ref>#2500</a> &#8230;4}
    <span class=sf-dump-index>739</span> => {<a class=sf-dump-ref>#2501</a> &#8230;4}
    <span class=sf-dump-index>740</span> => {<a class=sf-dump-ref>#2502</a> &#8230;4}
    <span class=sf-dump-index>741</span> => {<a class=sf-dump-ref>#2503</a> &#8230;4}
    <span class=sf-dump-index>742</span> => {<a class=sf-dump-ref>#2504</a> &#8230;4}
    <span class=sf-dump-index>743</span> => {<a class=sf-dump-ref>#2505</a> &#8230;4}
    <span class=sf-dump-index>744</span> => {<a class=sf-dump-ref>#2506</a> &#8230;4}
    <span class=sf-dump-index>745</span> => {<a class=sf-dump-ref>#2507</a> &#8230;4}
    <span class=sf-dump-index>746</span> => {<a class=sf-dump-ref>#2508</a> &#8230;4}
    <span class=sf-dump-index>747</span> => {<a class=sf-dump-ref>#2509</a> &#8230;4}
    <span class=sf-dump-index>748</span> => {<a class=sf-dump-ref>#2510</a> &#8230;4}
    <span class=sf-dump-index>749</span> => {<a class=sf-dump-ref>#2511</a> &#8230;4}
    <span class=sf-dump-index>750</span> => {<a class=sf-dump-ref>#2512</a> &#8230;4}
    <span class=sf-dump-index>751</span> => {<a class=sf-dump-ref>#2513</a> &#8230;4}
    <span class=sf-dump-index>752</span> => {<a class=sf-dump-ref>#2514</a> &#8230;4}
    <span class=sf-dump-index>753</span> => {<a class=sf-dump-ref>#2515</a> &#8230;4}
    <span class=sf-dump-index>754</span> => {<a class=sf-dump-ref>#2516</a> &#8230;4}
    <span class=sf-dump-index>755</span> => {<a class=sf-dump-ref>#2517</a> &#8230;4}
    <span class=sf-dump-index>756</span> => {<a class=sf-dump-ref>#2518</a> &#8230;4}
    <span class=sf-dump-index>757</span> => {<a class=sf-dump-ref>#2519</a> &#8230;4}
    <span class=sf-dump-index>758</span> => {<a class=sf-dump-ref>#2520</a> &#8230;4}
    <span class=sf-dump-index>759</span> => {<a class=sf-dump-ref>#2521</a> &#8230;4}
    <span class=sf-dump-index>760</span> => {<a class=sf-dump-ref>#2522</a> &#8230;4}
    <span class=sf-dump-index>761</span> => {<a class=sf-dump-ref>#2523</a> &#8230;4}
    <span class=sf-dump-index>762</span> => {<a class=sf-dump-ref>#2524</a> &#8230;4}
    <span class=sf-dump-index>763</span> => {<a class=sf-dump-ref>#2525</a> &#8230;4}
    <span class=sf-dump-index>764</span> => {<a class=sf-dump-ref>#2526</a> &#8230;4}
    <span class=sf-dump-index>765</span> => {<a class=sf-dump-ref>#2527</a> &#8230;4}
    <span class=sf-dump-index>766</span> => {<a class=sf-dump-ref>#2528</a> &#8230;4}
    <span class=sf-dump-index>767</span> => {<a class=sf-dump-ref>#2529</a> &#8230;4}
    <span class=sf-dump-index>768</span> => {<a class=sf-dump-ref>#2530</a> &#8230;4}
    <span class=sf-dump-index>769</span> => {<a class=sf-dump-ref>#2531</a> &#8230;4}
    <span class=sf-dump-index>770</span> => {<a class=sf-dump-ref>#2532</a> &#8230;4}
    <span class=sf-dump-index>771</span> => {<a class=sf-dump-ref>#2533</a> &#8230;4}
    <span class=sf-dump-index>772</span> => {<a class=sf-dump-ref>#2534</a> &#8230;4}
    <span class=sf-dump-index>773</span> => {<a class=sf-dump-ref>#2535</a> &#8230;4}
    <span class=sf-dump-index>774</span> => {<a class=sf-dump-ref>#2536</a> &#8230;4}
    <span class=sf-dump-index>775</span> => {<a class=sf-dump-ref>#2537</a> &#8230;4}
    <span class=sf-dump-index>776</span> => {<a class=sf-dump-ref>#2538</a> &#8230;4}
    <span class=sf-dump-index>777</span> => {<a class=sf-dump-ref>#2539</a> &#8230;4}
    <span class=sf-dump-index>778</span> => {<a class=sf-dump-ref>#2540</a> &#8230;4}
    <span class=sf-dump-index>779</span> => {<a class=sf-dump-ref>#2541</a> &#8230;4}
    <span class=sf-dump-index>780</span> => {<a class=sf-dump-ref>#2542</a> &#8230;4}
    <span class=sf-dump-index>781</span> => {<a class=sf-dump-ref>#2543</a> &#8230;4}
    <span class=sf-dump-index>782</span> => {<a class=sf-dump-ref>#2544</a> &#8230;4}
    <span class=sf-dump-index>783</span> => {<a class=sf-dump-ref>#2545</a> &#8230;4}
    <span class=sf-dump-index>784</span> => {<a class=sf-dump-ref>#2546</a> &#8230;4}
    <span class=sf-dump-index>785</span> => {<a class=sf-dump-ref>#2547</a> &#8230;4}
    <span class=sf-dump-index>786</span> => {<a class=sf-dump-ref>#2548</a> &#8230;4}
    <span class=sf-dump-index>787</span> => {<a class=sf-dump-ref>#2549</a> &#8230;4}
    <span class=sf-dump-index>788</span> => {<a class=sf-dump-ref>#2550</a> &#8230;4}
    <span class=sf-dump-index>789</span> => {<a class=sf-dump-ref>#2551</a> &#8230;4}
    <span class=sf-dump-index>790</span> => {<a class=sf-dump-ref>#2552</a> &#8230;4}
    <span class=sf-dump-index>791</span> => {<a class=sf-dump-ref>#2553</a> &#8230;4}
    <span class=sf-dump-index>792</span> => {<a class=sf-dump-ref>#2554</a> &#8230;4}
    <span class=sf-dump-index>793</span> => {<a class=sf-dump-ref>#2555</a> &#8230;4}
    <span class=sf-dump-index>794</span> => {<a class=sf-dump-ref>#2556</a> &#8230;4}
    <span class=sf-dump-index>795</span> => {<a class=sf-dump-ref>#2557</a> &#8230;4}
    <span class=sf-dump-index>796</span> => {<a class=sf-dump-ref>#2558</a> &#8230;4}
    <span class=sf-dump-index>797</span> => {<a class=sf-dump-ref>#2559</a> &#8230;4}
    <span class=sf-dump-index>798</span> => {<a class=sf-dump-ref>#2560</a> &#8230;4}
    <span class=sf-dump-index>799</span> => {<a class=sf-dump-ref>#2561</a> &#8230;4}
    <span class=sf-dump-index>800</span> => {<a class=sf-dump-ref>#2562</a> &#8230;4}
    <span class=sf-dump-index>801</span> => {<a class=sf-dump-ref>#2563</a> &#8230;4}
    <span class=sf-dump-index>802</span> => {<a class=sf-dump-ref>#2564</a> &#8230;4}
    <span class=sf-dump-index>803</span> => {<a class=sf-dump-ref>#2565</a> &#8230;4}
    <span class=sf-dump-index>804</span> => {<a class=sf-dump-ref>#2566</a> &#8230;4}
    <span class=sf-dump-index>805</span> => {<a class=sf-dump-ref>#2567</a> &#8230;4}
    <span class=sf-dump-index>806</span> => {<a class=sf-dump-ref>#2568</a> &#8230;4}
    <span class=sf-dump-index>807</span> => {<a class=sf-dump-ref>#2569</a> &#8230;4}
    <span class=sf-dump-index>808</span> => {<a class=sf-dump-ref>#2570</a> &#8230;4}
    <span class=sf-dump-index>809</span> => {<a class=sf-dump-ref>#2571</a> &#8230;4}
    <span class=sf-dump-index>810</span> => {<a class=sf-dump-ref>#2572</a> &#8230;4}
    <span class=sf-dump-index>811</span> => {<a class=sf-dump-ref>#2573</a> &#8230;4}
    <span class=sf-dump-index>812</span> => {<a class=sf-dump-ref>#2574</a> &#8230;4}
    <span class=sf-dump-index>813</span> => {<a class=sf-dump-ref>#2575</a> &#8230;4}
    <span class=sf-dump-index>814</span> => {<a class=sf-dump-ref>#2576</a> &#8230;4}
    <span class=sf-dump-index>815</span> => {<a class=sf-dump-ref>#2577</a> &#8230;4}
    <span class=sf-dump-index>816</span> => {<a class=sf-dump-ref>#2578</a> &#8230;4}
    <span class=sf-dump-index>817</span> => {<a class=sf-dump-ref>#2579</a> &#8230;4}
    <span class=sf-dump-index>818</span> => {<a class=sf-dump-ref>#2580</a> &#8230;4}
    <span class=sf-dump-index>819</span> => {<a class=sf-dump-ref>#2581</a> &#8230;4}
    <span class=sf-dump-index>820</span> => {<a class=sf-dump-ref>#2582</a> &#8230;4}
    <span class=sf-dump-index>821</span> => {<a class=sf-dump-ref>#2583</a> &#8230;4}
    <span class=sf-dump-index>822</span> => {<a class=sf-dump-ref>#2584</a> &#8230;4}
    <span class=sf-dump-index>823</span> => {<a class=sf-dump-ref>#2585</a> &#8230;4}
    <span class=sf-dump-index>824</span> => {<a class=sf-dump-ref>#2586</a> &#8230;4}
    <span class=sf-dump-index>825</span> => {<a class=sf-dump-ref>#2587</a> &#8230;4}
    <span class=sf-dump-index>826</span> => {<a class=sf-dump-ref>#2588</a> &#8230;4}
    <span class=sf-dump-index>827</span> => {<a class=sf-dump-ref>#2589</a> &#8230;4}
    <span class=sf-dump-index>828</span> => {<a class=sf-dump-ref>#2590</a> &#8230;4}
    <span class=sf-dump-index>829</span> => {<a class=sf-dump-ref>#2591</a> &#8230;4}
    <span class=sf-dump-index>830</span> => {<a class=sf-dump-ref>#2592</a> &#8230;4}
    <span class=sf-dump-index>831</span> => {<a class=sf-dump-ref>#2593</a> &#8230;4}
    <span class=sf-dump-index>832</span> => {<a class=sf-dump-ref>#2594</a> &#8230;4}
    <span class=sf-dump-index>833</span> => {<a class=sf-dump-ref>#2595</a> &#8230;4}
    <span class=sf-dump-index>834</span> => {<a class=sf-dump-ref>#2596</a> &#8230;4}
    <span class=sf-dump-index>835</span> => {<a class=sf-dump-ref>#2597</a> &#8230;4}
    <span class=sf-dump-index>836</span> => {<a class=sf-dump-ref>#2598</a> &#8230;4}
    <span class=sf-dump-index>837</span> => {<a class=sf-dump-ref>#2599</a> &#8230;4}
    <span class=sf-dump-index>838</span> => {<a class=sf-dump-ref>#2600</a> &#8230;4}
    <span class=sf-dump-index>839</span> => {<a class=sf-dump-ref>#2601</a> &#8230;4}
    <span class=sf-dump-index>840</span> => {<a class=sf-dump-ref>#2602</a> &#8230;4}
    <span class=sf-dump-index>841</span> => {<a class=sf-dump-ref>#2603</a> &#8230;4}
    <span class=sf-dump-index>842</span> => {<a class=sf-dump-ref>#2604</a> &#8230;4}
    <span class=sf-dump-index>843</span> => {<a class=sf-dump-ref>#2605</a> &#8230;4}
    <span class=sf-dump-index>844</span> => {<a class=sf-dump-ref>#2606</a> &#8230;4}
    <span class=sf-dump-index>845</span> => {<a class=sf-dump-ref>#2607</a> &#8230;4}
    <span class=sf-dump-index>846</span> => {<a class=sf-dump-ref>#2608</a> &#8230;4}
    <span class=sf-dump-index>847</span> => {<a class=sf-dump-ref>#2609</a> &#8230;4}
    <span class=sf-dump-index>848</span> => {<a class=sf-dump-ref>#2610</a> &#8230;4}
    <span class=sf-dump-index>849</span> => {<a class=sf-dump-ref>#2611</a> &#8230;4}
    <span class=sf-dump-index>850</span> => {<a class=sf-dump-ref>#2612</a> &#8230;4}
    <span class=sf-dump-index>851</span> => {<a class=sf-dump-ref>#2613</a> &#8230;4}
    <span class=sf-dump-index>852</span> => {<a class=sf-dump-ref>#2614</a> &#8230;4}
    <span class=sf-dump-index>853</span> => {<a class=sf-dump-ref>#2615</a> &#8230;4}
    <span class=sf-dump-index>854</span> => {<a class=sf-dump-ref>#2616</a> &#8230;4}
    <span class=sf-dump-index>855</span> => {<a class=sf-dump-ref>#2617</a> &#8230;4}
    <span class=sf-dump-index>856</span> => {<a class=sf-dump-ref>#2618</a> &#8230;4}
    <span class=sf-dump-index>857</span> => {<a class=sf-dump-ref>#2619</a> &#8230;4}
    <span class=sf-dump-index>858</span> => {<a class=sf-dump-ref>#2620</a> &#8230;4}
    <span class=sf-dump-index>859</span> => {<a class=sf-dump-ref>#2621</a> &#8230;4}
    <span class=sf-dump-index>860</span> => {<a class=sf-dump-ref>#2622</a> &#8230;4}
    <span class=sf-dump-index>861</span> => {<a class=sf-dump-ref>#2623</a> &#8230;4}
    <span class=sf-dump-index>862</span> => {<a class=sf-dump-ref>#2624</a> &#8230;4}
    <span class=sf-dump-index>863</span> => {<a class=sf-dump-ref>#2625</a> &#8230;4}
    <span class=sf-dump-index>864</span> => {<a class=sf-dump-ref>#2626</a> &#8230;4}
    <span class=sf-dump-index>865</span> => {<a class=sf-dump-ref>#2627</a> &#8230;4}
    <span class=sf-dump-index>866</span> => {<a class=sf-dump-ref>#2628</a> &#8230;4}
    <span class=sf-dump-index>867</span> => {<a class=sf-dump-ref>#2629</a> &#8230;4}
    <span class=sf-dump-index>868</span> => {<a class=sf-dump-ref>#2630</a> &#8230;4}
    <span class=sf-dump-index>869</span> => {<a class=sf-dump-ref>#2631</a> &#8230;4}
    <span class=sf-dump-index>870</span> => {<a class=sf-dump-ref>#2632</a> &#8230;4}
    <span class=sf-dump-index>871</span> => {<a class=sf-dump-ref>#2633</a> &#8230;4}
    <span class=sf-dump-index>872</span> => {<a class=sf-dump-ref>#2634</a> &#8230;4}
    <span class=sf-dump-index>873</span> => {<a class=sf-dump-ref>#2635</a> &#8230;4}
    <span class=sf-dump-index>874</span> => {<a class=sf-dump-ref>#2636</a> &#8230;4}
    <span class=sf-dump-index>875</span> => {<a class=sf-dump-ref>#2637</a> &#8230;4}
    <span class=sf-dump-index>876</span> => {<a class=sf-dump-ref>#2638</a> &#8230;4}
    <span class=sf-dump-index>877</span> => {<a class=sf-dump-ref>#2639</a> &#8230;4}
    <span class=sf-dump-index>878</span> => {<a class=sf-dump-ref>#2640</a> &#8230;4}
    <span class=sf-dump-index>879</span> => {<a class=sf-dump-ref>#2641</a> &#8230;4}
    <span class=sf-dump-index>880</span> => {<a class=sf-dump-ref>#2642</a> &#8230;4}
    <span class=sf-dump-index>881</span> => {<a class=sf-dump-ref>#2643</a> &#8230;4}
    <span class=sf-dump-index>882</span> => {<a class=sf-dump-ref>#2644</a> &#8230;4}
    <span class=sf-dump-index>883</span> => {<a class=sf-dump-ref>#2645</a> &#8230;4}
    <span class=sf-dump-index>884</span> => {<a class=sf-dump-ref>#2646</a> &#8230;4}
    <span class=sf-dump-index>885</span> => {<a class=sf-dump-ref>#2647</a> &#8230;4}
    <span class=sf-dump-index>886</span> => {<a class=sf-dump-ref>#2648</a> &#8230;4}
    <span class=sf-dump-index>887</span> => {<a class=sf-dump-ref>#2649</a> &#8230;4}
    <span class=sf-dump-index>888</span> => {<a class=sf-dump-ref>#2650</a> &#8230;4}
    <span class=sf-dump-index>889</span> => {<a class=sf-dump-ref>#2651</a> &#8230;4}
    <span class=sf-dump-index>890</span> => {<a class=sf-dump-ref>#2652</a> &#8230;4}
    <span class=sf-dump-index>891</span> => {<a class=sf-dump-ref>#2653</a> &#8230;4}
    <span class=sf-dump-index>892</span> => {<a class=sf-dump-ref>#2654</a> &#8230;4}
    <span class=sf-dump-index>893</span> => {<a class=sf-dump-ref>#2655</a> &#8230;4}
    <span class=sf-dump-index>894</span> => {<a class=sf-dump-ref>#2656</a> &#8230;4}
    <span class=sf-dump-index>895</span> => {<a class=sf-dump-ref>#2657</a> &#8230;4}
    <span class=sf-dump-index>896</span> => {<a class=sf-dump-ref>#2658</a> &#8230;4}
    <span class=sf-dump-index>897</span> => {<a class=sf-dump-ref>#2659</a> &#8230;4}
    <span class=sf-dump-index>898</span> => {<a class=sf-dump-ref>#2660</a> &#8230;4}
    <span class=sf-dump-index>899</span> => {<a class=sf-dump-ref>#2661</a> &#8230;4}
    <span class=sf-dump-index>900</span> => {<a class=sf-dump-ref>#2662</a> &#8230;4}
    <span class=sf-dump-index>901</span> => {<a class=sf-dump-ref>#2663</a> &#8230;4}
    <span class=sf-dump-index>902</span> => {<a class=sf-dump-ref>#2664</a> &#8230;4}
    <span class=sf-dump-index>903</span> => {<a class=sf-dump-ref>#2665</a> &#8230;4}
    <span class=sf-dump-index>904</span> => {<a class=sf-dump-ref>#2666</a> &#8230;4}
    <span class=sf-dump-index>905</span> => {<a class=sf-dump-ref>#2667</a> &#8230;4}
    <span class=sf-dump-index>906</span> => {<a class=sf-dump-ref>#2668</a> &#8230;4}
    <span class=sf-dump-index>907</span> => {<a class=sf-dump-ref>#2669</a> &#8230;4}
    <span class=sf-dump-index>908</span> => {<a class=sf-dump-ref>#2670</a> &#8230;4}
    <span class=sf-dump-index>909</span> => {<a class=sf-dump-ref>#2671</a> &#8230;4}
    <span class=sf-dump-index>910</span> => {<a class=sf-dump-ref>#2672</a> &#8230;4}
    <span class=sf-dump-index>911</span> => {<a class=sf-dump-ref>#2673</a> &#8230;4}
    <span class=sf-dump-index>912</span> => {<a class=sf-dump-ref>#2674</a> &#8230;4}
    <span class=sf-dump-index>913</span> => {<a class=sf-dump-ref>#2675</a> &#8230;4}
    <span class=sf-dump-index>914</span> => {<a class=sf-dump-ref>#2676</a> &#8230;4}
    <span class=sf-dump-index>915</span> => {<a class=sf-dump-ref>#2677</a> &#8230;4}
    <span class=sf-dump-index>916</span> => {<a class=sf-dump-ref>#2678</a> &#8230;4}
    <span class=sf-dump-index>917</span> => {<a class=sf-dump-ref>#2679</a> &#8230;4}
    <span class=sf-dump-index>918</span> => {<a class=sf-dump-ref>#2680</a> &#8230;4}
    <span class=sf-dump-index>919</span> => {<a class=sf-dump-ref>#2681</a> &#8230;4}
    <span class=sf-dump-index>920</span> => {<a class=sf-dump-ref>#2682</a> &#8230;4}
    <span class=sf-dump-index>921</span> => {<a class=sf-dump-ref>#2683</a> &#8230;4}
    <span class=sf-dump-index>922</span> => {<a class=sf-dump-ref>#2684</a> &#8230;4}
    <span class=sf-dump-index>923</span> => {<a class=sf-dump-ref>#2685</a> &#8230;4}
    <span class=sf-dump-index>924</span> => {<a class=sf-dump-ref>#2686</a> &#8230;4}
    <span class=sf-dump-index>925</span> => {<a class=sf-dump-ref>#2687</a> &#8230;4}
    <span class=sf-dump-index>926</span> => {<a class=sf-dump-ref>#2688</a> &#8230;4}
    <span class=sf-dump-index>927</span> => {<a class=sf-dump-ref>#2689</a> &#8230;4}
    <span class=sf-dump-index>928</span> => {<a class=sf-dump-ref>#2690</a> &#8230;4}
    <span class=sf-dump-index>929</span> => {<a class=sf-dump-ref>#2691</a> &#8230;4}
    <span class=sf-dump-index>930</span> => {<a class=sf-dump-ref>#2692</a> &#8230;4}
    <span class=sf-dump-index>931</span> => {<a class=sf-dump-ref>#2693</a> &#8230;4}
    <span class=sf-dump-index>932</span> => {<a class=sf-dump-ref>#2694</a> &#8230;4}
    <span class=sf-dump-index>933</span> => {<a class=sf-dump-ref>#2695</a> &#8230;4}
    <span class=sf-dump-index>934</span> => {<a class=sf-dump-ref>#2696</a> &#8230;4}
    <span class=sf-dump-index>935</span> => {<a class=sf-dump-ref>#2697</a> &#8230;4}
    <span class=sf-dump-index>936</span> => {<a class=sf-dump-ref>#2698</a> &#8230;4}
    <span class=sf-dump-index>937</span> => {<a class=sf-dump-ref>#2699</a> &#8230;4}
    <span class=sf-dump-index>938</span> => {<a class=sf-dump-ref>#2700</a> &#8230;4}
    <span class=sf-dump-index>939</span> => {<a class=sf-dump-ref>#2701</a> &#8230;4}
    <span class=sf-dump-index>940</span> => {<a class=sf-dump-ref>#2702</a> &#8230;4}
    <span class=sf-dump-index>941</span> => {<a class=sf-dump-ref>#2703</a> &#8230;4}
    <span class=sf-dump-index>942</span> => {<a class=sf-dump-ref>#2704</a> &#8230;4}
    <span class=sf-dump-index>943</span> => {<a class=sf-dump-ref>#2705</a> &#8230;4}
    <span class=sf-dump-index>944</span> => {<a class=sf-dump-ref>#2706</a> &#8230;4}
    <span class=sf-dump-index>945</span> => {<a class=sf-dump-ref>#2707</a> &#8230;4}
    <span class=sf-dump-index>946</span> => {<a class=sf-dump-ref>#2708</a> &#8230;4}
    <span class=sf-dump-index>947</span> => {<a class=sf-dump-ref>#2709</a> &#8230;4}
    <span class=sf-dump-index>948</span> => {<a class=sf-dump-ref>#2710</a> &#8230;4}
    <span class=sf-dump-index>949</span> => {<a class=sf-dump-ref>#2711</a> &#8230;4}
    <span class=sf-dump-index>950</span> => {<a class=sf-dump-ref>#2712</a> &#8230;4}
    <span class=sf-dump-index>951</span> => {<a class=sf-dump-ref>#2713</a> &#8230;4}
    <span class=sf-dump-index>952</span> => {<a class=sf-dump-ref>#2714</a> &#8230;4}
    <span class=sf-dump-index>953</span> => {<a class=sf-dump-ref>#2715</a> &#8230;4}
    <span class=sf-dump-index>954</span> => {<a class=sf-dump-ref>#2716</a> &#8230;4}
    <span class=sf-dump-index>955</span> => {<a class=sf-dump-ref>#2717</a> &#8230;4}
    <span class=sf-dump-index>956</span> => {<a class=sf-dump-ref>#2718</a> &#8230;4}
    <span class=sf-dump-index>957</span> => {<a class=sf-dump-ref>#2719</a> &#8230;4}
    <span class=sf-dump-index>958</span> => {<a class=sf-dump-ref>#2720</a> &#8230;4}
    <span class=sf-dump-index>959</span> => {<a class=sf-dump-ref>#2721</a> &#8230;4}
    <span class=sf-dump-index>960</span> => {<a class=sf-dump-ref>#2722</a> &#8230;4}
    <span class=sf-dump-index>961</span> => {<a class=sf-dump-ref>#2723</a> &#8230;4}
    <span class=sf-dump-index>962</span> => {<a class=sf-dump-ref>#2724</a> &#8230;4}
    <span class=sf-dump-index>963</span> => {<a class=sf-dump-ref>#2725</a> &#8230;4}
    <span class=sf-dump-index>964</span> => {<a class=sf-dump-ref>#2726</a> &#8230;4}
    <span class=sf-dump-index>965</span> => {<a class=sf-dump-ref>#2727</a> &#8230;4}
    <span class=sf-dump-index>966</span> => {<a class=sf-dump-ref>#2728</a> &#8230;4}
    <span class=sf-dump-index>967</span> => {<a class=sf-dump-ref>#2729</a> &#8230;4}
    <span class=sf-dump-index>968</span> => {<a class=sf-dump-ref>#2730</a> &#8230;4}
    <span class=sf-dump-index>969</span> => {<a class=sf-dump-ref>#2731</a> &#8230;4}
    <span class=sf-dump-index>970</span> => {<a class=sf-dump-ref>#2732</a> &#8230;4}
    <span class=sf-dump-index>971</span> => {<a class=sf-dump-ref>#2733</a> &#8230;4}
    <span class=sf-dump-index>972</span> => {<a class=sf-dump-ref>#2734</a> &#8230;4}
    <span class=sf-dump-index>973</span> => {<a class=sf-dump-ref>#2735</a> &#8230;4}
    <span class=sf-dump-index>974</span> => {<a class=sf-dump-ref>#2736</a> &#8230;4}
    <span class=sf-dump-index>975</span> => {<a class=sf-dump-ref>#2737</a> &#8230;4}
    <span class=sf-dump-index>976</span> => {<a class=sf-dump-ref>#2738</a> &#8230;4}
    <span class=sf-dump-index>977</span> => {<a class=sf-dump-ref>#2739</a> &#8230;4}
    <span class=sf-dump-index>978</span> => {<a class=sf-dump-ref>#2740</a> &#8230;4}
    <span class=sf-dump-index>979</span> => {<a class=sf-dump-ref>#2741</a> &#8230;4}
    <span class=sf-dump-index>980</span> => {<a class=sf-dump-ref>#2742</a> &#8230;4}
    <span class=sf-dump-index>981</span> => {<a class=sf-dump-ref>#2743</a> &#8230;4}
    <span class=sf-dump-index>982</span> => {<a class=sf-dump-ref>#2744</a> &#8230;4}
    <span class=sf-dump-index>983</span> => {<a class=sf-dump-ref>#2745</a> &#8230;4}
    <span class=sf-dump-index>984</span> => {<a class=sf-dump-ref>#2746</a> &#8230;4}
    <span class=sf-dump-index>985</span> => {<a class=sf-dump-ref>#2747</a> &#8230;4}
    <span class=sf-dump-index>986</span> => {<a class=sf-dump-ref>#2748</a> &#8230;4}
    <span class=sf-dump-index>987</span> => {<a class=sf-dump-ref>#2749</a> &#8230;4}
    <span class=sf-dump-index>988</span> => {<a class=sf-dump-ref>#2750</a> &#8230;4}
    <span class=sf-dump-index>989</span> => {<a class=sf-dump-ref>#2751</a> &#8230;4}
    <span class=sf-dump-index>990</span> => {<a class=sf-dump-ref>#2752</a> &#8230;4}
    <span class=sf-dump-index>991</span> => {<a class=sf-dump-ref>#2753</a> &#8230;4}
    <span class=sf-dump-index>992</span> => {<a class=sf-dump-ref>#2754</a> &#8230;4}
    <span class=sf-dump-index>993</span> => {<a class=sf-dump-ref>#2755</a> &#8230;4}
    <span class=sf-dump-index>994</span> => {<a class=sf-dump-ref>#2756</a> &#8230;4}
    <span class=sf-dump-index>995</span> => {<a class=sf-dump-ref>#2757</a> &#8230;4}
    <span class=sf-dump-index>996</span> => {<a class=sf-dump-ref>#2758</a> &#8230;4}
    <span class=sf-dump-index>997</span> => {<a class=sf-dump-ref>#2759</a> &#8230;4}
    <span class=sf-dump-index>998</span> => {<a class=sf-dump-ref>#2760</a> &#8230;4}
    <span class=sf-dump-index>999</span> => {<a class=sf-dump-ref>#2761</a> &#8230;4}
    <span class=sf-dump-index>1000</span> => {<a class=sf-dump-ref>#2762</a> &#8230;4}
    <span class=sf-dump-index>1001</span> => {<a class=sf-dump-ref>#2763</a> &#8230;4}
    <span class=sf-dump-index>1002</span> => {<a class=sf-dump-ref>#2764</a> &#8230;4}
    <span class=sf-dump-index>1003</span> => {<a class=sf-dump-ref>#2765</a> &#8230;4}
    <span class=sf-dump-index>1004</span> => {<a class=sf-dump-ref>#2766</a> &#8230;4}
    <span class=sf-dump-index>1005</span> => {<a class=sf-dump-ref>#2767</a> &#8230;4}
    <span class=sf-dump-index>1006</span> => {<a class=sf-dump-ref>#2768</a> &#8230;4}
    <span class=sf-dump-index>1007</span> => {<a class=sf-dump-ref>#2769</a> &#8230;4}
    <span class=sf-dump-index>1008</span> => {<a class=sf-dump-ref>#2770</a> &#8230;4}
    <span class=sf-dump-index>1009</span> => {<a class=sf-dump-ref>#2771</a> &#8230;4}
    <span class=sf-dump-index>1010</span> => {<a class=sf-dump-ref>#2772</a> &#8230;4}
    <span class=sf-dump-index>1011</span> => {<a class=sf-dump-ref>#2773</a> &#8230;4}
    <span class=sf-dump-index>1012</span> => {<a class=sf-dump-ref>#2774</a> &#8230;4}
    <span class=sf-dump-index>1013</span> => {<a class=sf-dump-ref>#2775</a> &#8230;4}
    <span class=sf-dump-index>1014</span> => {<a class=sf-dump-ref>#2776</a> &#8230;4}
    <span class=sf-dump-index>1015</span> => {<a class=sf-dump-ref>#2777</a> &#8230;4}
    <span class=sf-dump-index>1016</span> => {<a class=sf-dump-ref>#2778</a> &#8230;4}
    <span class=sf-dump-index>1017</span> => {<a class=sf-dump-ref>#2779</a> &#8230;4}
    <span class=sf-dump-index>1018</span> => {<a class=sf-dump-ref>#2780</a> &#8230;4}
    <span class=sf-dump-index>1019</span> => {<a class=sf-dump-ref>#2781</a> &#8230;4}
    <span class=sf-dump-index>1020</span> => {<a class=sf-dump-ref>#2782</a> &#8230;4}
    <span class=sf-dump-index>1021</span> => {<a class=sf-dump-ref>#2783</a> &#8230;4}
    <span class=sf-dump-index>1022</span> => {<a class=sf-dump-ref>#2784</a> &#8230;4}
    <span class=sf-dump-index>1023</span> => {<a class=sf-dump-ref>#2785</a> &#8230;4}
    <span class=sf-dump-index>1024</span> => {<a class=sf-dump-ref>#2786</a> &#8230;4}
    <span class=sf-dump-index>1025</span> => {<a class=sf-dump-ref>#2787</a> &#8230;4}
    <span class=sf-dump-index>1026</span> => {<a class=sf-dump-ref>#2788</a> &#8230;4}
    <span class=sf-dump-index>1027</span> => {<a class=sf-dump-ref>#2789</a> &#8230;4}
    <span class=sf-dump-index>1028</span> => {<a class=sf-dump-ref>#2790</a> &#8230;4}
    <span class=sf-dump-index>1029</span> => {<a class=sf-dump-ref>#2791</a> &#8230;4}
    <span class=sf-dump-index>1030</span> => {<a class=sf-dump-ref>#2792</a> &#8230;4}
    <span class=sf-dump-index>1031</span> => {<a class=sf-dump-ref>#2793</a> &#8230;4}
    <span class=sf-dump-index>1032</span> => {<a class=sf-dump-ref>#2794</a> &#8230;4}
    <span class=sf-dump-index>1033</span> => {<a class=sf-dump-ref>#2795</a> &#8230;4}
    <span class=sf-dump-index>1034</span> => {<a class=sf-dump-ref>#2796</a> &#8230;4}
    <span class=sf-dump-index>1035</span> => {<a class=sf-dump-ref>#2797</a> &#8230;4}
    <span class=sf-dump-index>1036</span> => {<a class=sf-dump-ref>#2798</a> &#8230;4}
    <span class=sf-dump-index>1037</span> => {<a class=sf-dump-ref>#2799</a> &#8230;4}
    <span class=sf-dump-index>1038</span> => {<a class=sf-dump-ref>#2800</a> &#8230;4}
    <span class=sf-dump-index>1039</span> => {<a class=sf-dump-ref>#2801</a> &#8230;4}
    <span class=sf-dump-index>1040</span> => {<a class=sf-dump-ref>#2802</a> &#8230;4}
    <span class=sf-dump-index>1041</span> => {<a class=sf-dump-ref>#2803</a> &#8230;4}
    <span class=sf-dump-index>1042</span> => {<a class=sf-dump-ref>#2804</a> &#8230;4}
    <span class=sf-dump-index>1043</span> => {<a class=sf-dump-ref>#2805</a> &#8230;4}
    <span class=sf-dump-index>1044</span> => {<a class=sf-dump-ref>#2806</a> &#8230;4}
    <span class=sf-dump-index>1045</span> => {<a class=sf-dump-ref>#2807</a> &#8230;4}
    <span class=sf-dump-index>1046</span> => {<a class=sf-dump-ref>#2808</a> &#8230;4}
    <span class=sf-dump-index>1047</span> => {<a class=sf-dump-ref>#2809</a> &#8230;4}
    <span class=sf-dump-index>1048</span> => {<a class=sf-dump-ref>#2810</a> &#8230;4}
    <span class=sf-dump-index>1049</span> => {<a class=sf-dump-ref>#2811</a> &#8230;4}
    <span class=sf-dump-index>1050</span> => {<a class=sf-dump-ref>#2812</a> &#8230;4}
    <span class=sf-dump-index>1051</span> => {<a class=sf-dump-ref>#2813</a> &#8230;4}
    <span class=sf-dump-index>1052</span> => {<a class=sf-dump-ref>#2814</a> &#8230;4}
    <span class=sf-dump-index>1053</span> => {<a class=sf-dump-ref>#2815</a> &#8230;4}
    <span class=sf-dump-index>1054</span> => {<a class=sf-dump-ref>#2816</a> &#8230;4}
    <span class=sf-dump-index>1055</span> => {<a class=sf-dump-ref>#2817</a> &#8230;4}
    <span class=sf-dump-index>1056</span> => {<a class=sf-dump-ref>#2818</a> &#8230;4}
    <span class=sf-dump-index>1057</span> => {<a class=sf-dump-ref>#2819</a> &#8230;4}
    <span class=sf-dump-index>1058</span> => {<a class=sf-dump-ref>#2820</a> &#8230;4}
    <span class=sf-dump-index>1059</span> => {<a class=sf-dump-ref>#2821</a> &#8230;4}
    <span class=sf-dump-index>1060</span> => {<a class=sf-dump-ref>#2822</a> &#8230;4}
    <span class=sf-dump-index>1061</span> => {<a class=sf-dump-ref>#2823</a> &#8230;4}
    <span class=sf-dump-index>1062</span> => {<a class=sf-dump-ref>#2824</a> &#8230;4}
    <span class=sf-dump-index>1063</span> => {<a class=sf-dump-ref>#2825</a> &#8230;4}
    <span class=sf-dump-index>1064</span> => {<a class=sf-dump-ref>#2826</a> &#8230;4}
    <span class=sf-dump-index>1065</span> => {<a class=sf-dump-ref>#2827</a> &#8230;4}
    <span class=sf-dump-index>1066</span> => {<a class=sf-dump-ref>#2828</a> &#8230;4}
    <span class=sf-dump-index>1067</span> => {<a class=sf-dump-ref>#2829</a> &#8230;4}
    <span class=sf-dump-index>1068</span> => {<a class=sf-dump-ref>#2830</a> &#8230;4}
    <span class=sf-dump-index>1069</span> => {<a class=sf-dump-ref>#2831</a> &#8230;4}
    <span class=sf-dump-index>1070</span> => {<a class=sf-dump-ref>#2832</a> &#8230;4}
    <span class=sf-dump-index>1071</span> => {<a class=sf-dump-ref>#2833</a> &#8230;4}
    <span class=sf-dump-index>1072</span> => {<a class=sf-dump-ref>#2834</a> &#8230;4}
    <span class=sf-dump-index>1073</span> => {<a class=sf-dump-ref>#2835</a> &#8230;4}
    <span class=sf-dump-index>1074</span> => {<a class=sf-dump-ref>#2836</a> &#8230;4}
    <span class=sf-dump-index>1075</span> => {<a class=sf-dump-ref>#2837</a> &#8230;4}
    <span class=sf-dump-index>1076</span> => {<a class=sf-dump-ref>#2838</a> &#8230;4}
    <span class=sf-dump-index>1077</span> => {<a class=sf-dump-ref>#2839</a> &#8230;4}
    <span class=sf-dump-index>1078</span> => {<a class=sf-dump-ref>#2840</a> &#8230;4}
    <span class=sf-dump-index>1079</span> => {<a class=sf-dump-ref>#2841</a> &#8230;4}
    <span class=sf-dump-index>1080</span> => {<a class=sf-dump-ref>#2842</a> &#8230;4}
    <span class=sf-dump-index>1081</span> => {<a class=sf-dump-ref>#2843</a> &#8230;4}
    <span class=sf-dump-index>1082</span> => {<a class=sf-dump-ref>#2844</a> &#8230;4}
    <span class=sf-dump-index>1083</span> => {<a class=sf-dump-ref>#2845</a> &#8230;4}
    <span class=sf-dump-index>1084</span> => {<a class=sf-dump-ref>#2846</a> &#8230;4}
    <span class=sf-dump-index>1085</span> => {<a class=sf-dump-ref>#2847</a> &#8230;4}
    <span class=sf-dump-index>1086</span> => {<a class=sf-dump-ref>#2848</a> &#8230;4}
    <span class=sf-dump-index>1087</span> => {<a class=sf-dump-ref>#2849</a> &#8230;4}
    <span class=sf-dump-index>1088</span> => {<a class=sf-dump-ref>#2850</a> &#8230;4}
    <span class=sf-dump-index>1089</span> => {<a class=sf-dump-ref>#2851</a> &#8230;4}
    <span class=sf-dump-index>1090</span> => {<a class=sf-dump-ref>#2852</a> &#8230;4}
    <span class=sf-dump-index>1091</span> => {<a class=sf-dump-ref>#2853</a> &#8230;4}
    <span class=sf-dump-index>1092</span> => {<a class=sf-dump-ref>#2854</a> &#8230;4}
    <span class=sf-dump-index>1093</span> => {<a class=sf-dump-ref>#2855</a> &#8230;4}
    <span class=sf-dump-index>1094</span> => {<a class=sf-dump-ref>#2856</a> &#8230;4}
    <span class=sf-dump-index>1095</span> => {<a class=sf-dump-ref>#2857</a> &#8230;4}
    <span class=sf-dump-index>1096</span> => {<a class=sf-dump-ref>#2858</a> &#8230;4}
    <span class=sf-dump-index>1097</span> => {<a class=sf-dump-ref>#2859</a> &#8230;4}
    <span class=sf-dump-index>1098</span> => {<a class=sf-dump-ref>#2860</a> &#8230;4}
    <span class=sf-dump-index>1099</span> => {<a class=sf-dump-ref>#2861</a> &#8230;4}
    <span class=sf-dump-index>1100</span> => {<a class=sf-dump-ref>#2862</a> &#8230;4}
    <span class=sf-dump-index>1101</span> => {<a class=sf-dump-ref>#2863</a> &#8230;4}
    <span class=sf-dump-index>1102</span> => {<a class=sf-dump-ref>#2864</a> &#8230;4}
    <span class=sf-dump-index>1103</span> => {<a class=sf-dump-ref>#2865</a> &#8230;4}
    <span class=sf-dump-index>1104</span> => {<a class=sf-dump-ref>#2866</a> &#8230;4}
    <span class=sf-dump-index>1105</span> => {<a class=sf-dump-ref>#2867</a> &#8230;4}
    <span class=sf-dump-index>1106</span> => {<a class=sf-dump-ref>#2868</a> &#8230;4}
    <span class=sf-dump-index>1107</span> => {<a class=sf-dump-ref>#2869</a> &#8230;4}
    <span class=sf-dump-index>1108</span> => {<a class=sf-dump-ref>#2870</a> &#8230;4}
    <span class=sf-dump-index>1109</span> => {<a class=sf-dump-ref>#2871</a> &#8230;4}
    <span class=sf-dump-index>1110</span> => {<a class=sf-dump-ref>#2872</a> &#8230;4}
    <span class=sf-dump-index>1111</span> => {<a class=sf-dump-ref>#2873</a> &#8230;4}
    <span class=sf-dump-index>1112</span> => {<a class=sf-dump-ref>#2874</a> &#8230;4}
    <span class=sf-dump-index>1113</span> => {<a class=sf-dump-ref>#2875</a> &#8230;4}
    <span class=sf-dump-index>1114</span> => {<a class=sf-dump-ref>#2876</a> &#8230;4}
    <span class=sf-dump-index>1115</span> => {<a class=sf-dump-ref>#2877</a> &#8230;4}
    <span class=sf-dump-index>1116</span> => {<a class=sf-dump-ref>#2878</a> &#8230;4}
    <span class=sf-dump-index>1117</span> => {<a class=sf-dump-ref>#2879</a> &#8230;4}
    <span class=sf-dump-index>1118</span> => {<a class=sf-dump-ref>#2880</a> &#8230;4}
    <span class=sf-dump-index>1119</span> => {<a class=sf-dump-ref>#2881</a> &#8230;4}
    <span class=sf-dump-index>1120</span> => {<a class=sf-dump-ref>#2882</a> &#8230;4}
    <span class=sf-dump-index>1121</span> => {<a class=sf-dump-ref>#2883</a> &#8230;4}
    <span class=sf-dump-index>1122</span> => {<a class=sf-dump-ref>#2884</a> &#8230;4}
    <span class=sf-dump-index>1123</span> => {<a class=sf-dump-ref>#2885</a> &#8230;4}
    <span class=sf-dump-index>1124</span> => {<a class=sf-dump-ref>#2886</a> &#8230;4}
    <span class=sf-dump-index>1125</span> => {<a class=sf-dump-ref>#2887</a> &#8230;4}
    <span class=sf-dump-index>1126</span> => {<a class=sf-dump-ref>#2888</a> &#8230;4}
    <span class=sf-dump-index>1127</span> => {<a class=sf-dump-ref>#2889</a> &#8230;4}
    <span class=sf-dump-index>1128</span> => {<a class=sf-dump-ref>#2890</a> &#8230;4}
    <span class=sf-dump-index>1129</span> => {<a class=sf-dump-ref>#2891</a> &#8230;4}
    <span class=sf-dump-index>1130</span> => {<a class=sf-dump-ref>#2892</a> &#8230;4}
    <span class=sf-dump-index>1131</span> => {<a class=sf-dump-ref>#2893</a> &#8230;4}
    <span class=sf-dump-index>1132</span> => {<a class=sf-dump-ref>#2894</a> &#8230;4}
    <span class=sf-dump-index>1133</span> => {<a class=sf-dump-ref>#2895</a> &#8230;4}
    <span class=sf-dump-index>1134</span> => {<a class=sf-dump-ref>#2896</a> &#8230;4}
    <span class=sf-dump-index>1135</span> => {<a class=sf-dump-ref>#2897</a> &#8230;4}
    <span class=sf-dump-index>1136</span> => {<a class=sf-dump-ref>#2898</a> &#8230;4}
    <span class=sf-dump-index>1137</span> => {<a class=sf-dump-ref>#2899</a> &#8230;4}
    <span class=sf-dump-index>1138</span> => {<a class=sf-dump-ref>#2900</a> &#8230;4}
    <span class=sf-dump-index>1139</span> => {<a class=sf-dump-ref>#2901</a> &#8230;4}
    <span class=sf-dump-index>1140</span> => {<a class=sf-dump-ref>#2902</a> &#8230;4}
    <span class=sf-dump-index>1141</span> => {<a class=sf-dump-ref>#2903</a> &#8230;4}
    <span class=sf-dump-index>1142</span> => {<a class=sf-dump-ref>#2904</a> &#8230;4}
    <span class=sf-dump-index>1143</span> => {<a class=sf-dump-ref>#2905</a> &#8230;4}
    <span class=sf-dump-index>1144</span> => {<a class=sf-dump-ref>#2906</a> &#8230;4}
    <span class=sf-dump-index>1145</span> => {<a class=sf-dump-ref>#2907</a> &#8230;4}
    <span class=sf-dump-index>1146</span> => {<a class=sf-dump-ref>#2908</a> &#8230;4}
    <span class=sf-dump-index>1147</span> => {<a class=sf-dump-ref>#2909</a> &#8230;4}
    <span class=sf-dump-index>1148</span> => {<a class=sf-dump-ref>#2910</a> &#8230;4}
    <span class=sf-dump-index>1149</span> => {<a class=sf-dump-ref>#2911</a> &#8230;4}
    <span class=sf-dump-index>1150</span> => {<a class=sf-dump-ref>#2912</a> &#8230;4}
    <span class=sf-dump-index>1151</span> => {<a class=sf-dump-ref>#2913</a> &#8230;4}
    <span class=sf-dump-index>1152</span> => {<a class=sf-dump-ref>#2914</a> &#8230;4}
    <span class=sf-dump-index>1153</span> => {<a class=sf-dump-ref>#2915</a> &#8230;4}
    <span class=sf-dump-index>1154</span> => {<a class=sf-dump-ref>#2916</a> &#8230;4}
    <span class=sf-dump-index>1155</span> => {<a class=sf-dump-ref>#2917</a> &#8230;4}
    <span class=sf-dump-index>1156</span> => {<a class=sf-dump-ref>#2918</a> &#8230;4}
    <span class=sf-dump-index>1157</span> => {<a class=sf-dump-ref>#2919</a> &#8230;4}
    <span class=sf-dump-index>1158</span> => {<a class=sf-dump-ref>#2920</a> &#8230;4}
    <span class=sf-dump-index>1159</span> => {<a class=sf-dump-ref>#2921</a> &#8230;4}
    <span class=sf-dump-index>1160</span> => {<a class=sf-dump-ref>#2922</a> &#8230;4}
    <span class=sf-dump-index>1161</span> => {<a class=sf-dump-ref>#2923</a> &#8230;4}
    <span class=sf-dump-index>1162</span> => {<a class=sf-dump-ref>#2924</a> &#8230;4}
    <span class=sf-dump-index>1163</span> => {<a class=sf-dump-ref>#2925</a> &#8230;4}
    <span class=sf-dump-index>1164</span> => {<a class=sf-dump-ref>#2926</a> &#8230;4}
    <span class=sf-dump-index>1165</span> => {<a class=sf-dump-ref>#2927</a> &#8230;4}
    <span class=sf-dump-index>1166</span> => {<a class=sf-dump-ref>#2928</a> &#8230;4}
    <span class=sf-dump-index>1167</span> => {<a class=sf-dump-ref>#2929</a> &#8230;4}
    <span class=sf-dump-index>1168</span> => {<a class=sf-dump-ref>#2930</a> &#8230;4}
    <span class=sf-dump-index>1169</span> => {<a class=sf-dump-ref>#2931</a> &#8230;4}
    <span class=sf-dump-index>1170</span> => {<a class=sf-dump-ref>#2932</a> &#8230;4}
    <span class=sf-dump-index>1171</span> => {<a class=sf-dump-ref>#2933</a> &#8230;4}
    <span class=sf-dump-index>1172</span> => {<a class=sf-dump-ref>#2934</a> &#8230;4}
    <span class=sf-dump-index>1173</span> => {<a class=sf-dump-ref>#2935</a> &#8230;4}
    <span class=sf-dump-index>1174</span> => {<a class=sf-dump-ref>#2936</a> &#8230;4}
    <span class=sf-dump-index>1175</span> => {<a class=sf-dump-ref>#2937</a> &#8230;4}
    <span class=sf-dump-index>1176</span> => {<a class=sf-dump-ref>#2938</a> &#8230;4}
    <span class=sf-dump-index>1177</span> => {<a class=sf-dump-ref>#2939</a> &#8230;4}
    <span class=sf-dump-index>1178</span> => {<a class=sf-dump-ref>#2940</a> &#8230;4}
    <span class=sf-dump-index>1179</span> => {<a class=sf-dump-ref>#2941</a> &#8230;4}
    <span class=sf-dump-index>1180</span> => {<a class=sf-dump-ref>#2942</a> &#8230;4}
    <span class=sf-dump-index>1181</span> => {<a class=sf-dump-ref>#2943</a> &#8230;4}
    <span class=sf-dump-index>1182</span> => {<a class=sf-dump-ref>#2944</a> &#8230;4}
    <span class=sf-dump-index>1183</span> => {<a class=sf-dump-ref>#2945</a> &#8230;4}
    <span class=sf-dump-index>1184</span> => {<a class=sf-dump-ref>#2946</a> &#8230;4}
    <span class=sf-dump-index>1185</span> => {<a class=sf-dump-ref>#2947</a> &#8230;4}
    <span class=sf-dump-index>1186</span> => {<a class=sf-dump-ref>#2948</a> &#8230;4}
    <span class=sf-dump-index>1187</span> => {<a class=sf-dump-ref>#2949</a> &#8230;4}
    <span class=sf-dump-index>1188</span> => {<a class=sf-dump-ref>#2950</a> &#8230;4}
    <span class=sf-dump-index>1189</span> => {<a class=sf-dump-ref>#2951</a> &#8230;4}
    <span class=sf-dump-index>1190</span> => {<a class=sf-dump-ref>#2952</a> &#8230;4}
    <span class=sf-dump-index>1191</span> => {<a class=sf-dump-ref>#2953</a> &#8230;4}
    <span class=sf-dump-index>1192</span> => {<a class=sf-dump-ref>#2954</a> &#8230;4}
    <span class=sf-dump-index>1193</span> => {<a class=sf-dump-ref>#2955</a> &#8230;4}
    <span class=sf-dump-index>1194</span> => {<a class=sf-dump-ref>#2956</a> &#8230;4}
    <span class=sf-dump-index>1195</span> => {<a class=sf-dump-ref>#2957</a> &#8230;4}
    <span class=sf-dump-index>1196</span> => {<a class=sf-dump-ref>#2958</a> &#8230;4}
    <span class=sf-dump-index>1197</span> => {<a class=sf-dump-ref>#2959</a> &#8230;4}
    <span class=sf-dump-index>1198</span> => {<a class=sf-dump-ref>#2960</a> &#8230;4}
    <span class=sf-dump-index>1199</span> => {<a class=sf-dump-ref>#2961</a> &#8230;4}
    <span class=sf-dump-index>1200</span> => {<a class=sf-dump-ref>#2962</a> &#8230;4}
    <span class=sf-dump-index>1201</span> => {<a class=sf-dump-ref>#2963</a> &#8230;4}
    <span class=sf-dump-index>1202</span> => {<a class=sf-dump-ref>#2964</a> &#8230;4}
    <span class=sf-dump-index>1203</span> => {<a class=sf-dump-ref>#2965</a> &#8230;4}
    <span class=sf-dump-index>1204</span> => {<a class=sf-dump-ref>#2966</a> &#8230;4}
    <span class=sf-dump-index>1205</span> => {<a class=sf-dump-ref>#2967</a> &#8230;4}
    <span class=sf-dump-index>1206</span> => {<a class=sf-dump-ref>#2968</a> &#8230;4}
    <span class=sf-dump-index>1207</span> => {<a class=sf-dump-ref>#2969</a> &#8230;4}
    <span class=sf-dump-index>1208</span> => {<a class=sf-dump-ref>#2970</a> &#8230;4}
    <span class=sf-dump-index>1209</span> => {<a class=sf-dump-ref>#2971</a> &#8230;4}
    <span class=sf-dump-index>1210</span> => {<a class=sf-dump-ref>#2972</a> &#8230;4}
    <span class=sf-dump-index>1211</span> => {<a class=sf-dump-ref>#2973</a> &#8230;4}
    <span class=sf-dump-index>1212</span> => {<a class=sf-dump-ref>#2974</a> &#8230;4}
    <span class=sf-dump-index>1213</span> => {<a class=sf-dump-ref>#2975</a> &#8230;4}
    <span class=sf-dump-index>1214</span> => {<a class=sf-dump-ref>#2976</a> &#8230;4}
    <span class=sf-dump-index>1215</span> => {<a class=sf-dump-ref>#2977</a> &#8230;4}
    <span class=sf-dump-index>1216</span> => {<a class=sf-dump-ref>#2978</a> &#8230;4}
    <span class=sf-dump-index>1217</span> => {<a class=sf-dump-ref>#2979</a> &#8230;4}
    <span class=sf-dump-index>1218</span> => {<a class=sf-dump-ref>#2980</a> &#8230;4}
    <span class=sf-dump-index>1219</span> => {<a class=sf-dump-ref>#2981</a> &#8230;4}
    <span class=sf-dump-index>1220</span> => {<a class=sf-dump-ref>#2982</a> &#8230;4}
    <span class=sf-dump-index>1221</span> => {<a class=sf-dump-ref>#2983</a> &#8230;4}
    <span class=sf-dump-index>1222</span> => {<a class=sf-dump-ref>#2984</a> &#8230;4}
    <span class=sf-dump-index>1223</span> => {<a class=sf-dump-ref>#2985</a> &#8230;4}
    <span class=sf-dump-index>1224</span> => {<a class=sf-dump-ref>#2986</a> &#8230;4}
    <span class=sf-dump-index>1225</span> => {<a class=sf-dump-ref>#2987</a> &#8230;4}
    <span class=sf-dump-index>1226</span> => {<a class=sf-dump-ref>#2988</a> &#8230;4}
    <span class=sf-dump-index>1227</span> => {<a class=sf-dump-ref>#2989</a> &#8230;4}
    <span class=sf-dump-index>1228</span> => {<a class=sf-dump-ref>#2990</a> &#8230;4}
    <span class=sf-dump-index>1229</span> => {<a class=sf-dump-ref>#2991</a> &#8230;4}
    <span class=sf-dump-index>1230</span> => {<a class=sf-dump-ref>#2992</a> &#8230;4}
    <span class=sf-dump-index>1231</span> => {<a class=sf-dump-ref>#2993</a> &#8230;4}
    <span class=sf-dump-index>1232</span> => {<a class=sf-dump-ref>#2994</a> &#8230;4}
    <span class=sf-dump-index>1233</span> => {<a class=sf-dump-ref>#2995</a> &#8230;4}
    <span class=sf-dump-index>1234</span> => {<a class=sf-dump-ref>#2996</a> &#8230;4}
    <span class=sf-dump-index>1235</span> => {<a class=sf-dump-ref>#2997</a> &#8230;4}
    <span class=sf-dump-index>1236</span> => {<a class=sf-dump-ref>#2998</a> &#8230;4}
    <span class=sf-dump-index>1237</span> => {<a class=sf-dump-ref>#2999</a> &#8230;4}
    <span class=sf-dump-index>1238</span> => {<a class=sf-dump-ref>#3000</a> &#8230;4}
    <span class=sf-dump-index>1239</span> => {<a class=sf-dump-ref>#3001</a> &#8230;4}
    <span class=sf-dump-index>1240</span> => {<a class=sf-dump-ref>#3002</a> &#8230;4}
    <span class=sf-dump-index>1241</span> => {<a class=sf-dump-ref>#3003</a> &#8230;4}
    <span class=sf-dump-index>1242</span> => {<a class=sf-dump-ref>#3004</a> &#8230;4}
    <span class=sf-dump-index>1243</span> => {<a class=sf-dump-ref>#3005</a> &#8230;4}
    <span class=sf-dump-index>1244</span> => {<a class=sf-dump-ref>#3006</a> &#8230;4}
    <span class=sf-dump-index>1245</span> => {<a class=sf-dump-ref>#3007</a> &#8230;4}
    <span class=sf-dump-index>1246</span> => {<a class=sf-dump-ref>#3008</a> &#8230;4}
    <span class=sf-dump-index>1247</span> => {<a class=sf-dump-ref>#3009</a> &#8230;4}
    <span class=sf-dump-index>1248</span> => {<a class=sf-dump-ref>#3010</a> &#8230;4}
    <span class=sf-dump-index>1249</span> => {<a class=sf-dump-ref>#3011</a> &#8230;4}
    <span class=sf-dump-index>1250</span> => {<a class=sf-dump-ref>#3012</a> &#8230;4}
    <span class=sf-dump-index>1251</span> => {<a class=sf-dump-ref>#3013</a> &#8230;4}
    <span class=sf-dump-index>1252</span> => {<a class=sf-dump-ref>#3014</a> &#8230;4}
    <span class=sf-dump-index>1253</span> => {<a class=sf-dump-ref>#3015</a> &#8230;4}
    <span class=sf-dump-index>1254</span> => {<a class=sf-dump-ref>#3016</a> &#8230;4}
    <span class=sf-dump-index>1255</span> => {<a class=sf-dump-ref>#3017</a> &#8230;4}
    <span class=sf-dump-index>1256</span> => {<a class=sf-dump-ref>#3018</a> &#8230;4}
    <span class=sf-dump-index>1257</span> => {<a class=sf-dump-ref>#3019</a> &#8230;4}
    <span class=sf-dump-index>1258</span> => {<a class=sf-dump-ref>#3020</a> &#8230;4}
    <span class=sf-dump-index>1259</span> => {<a class=sf-dump-ref>#3021</a> &#8230;4}
    <span class=sf-dump-index>1260</span> => {<a class=sf-dump-ref>#3022</a> &#8230;4}
    <span class=sf-dump-index>1261</span> => {<a class=sf-dump-ref>#3023</a> &#8230;4}
    <span class=sf-dump-index>1262</span> => {<a class=sf-dump-ref>#3024</a> &#8230;4}
    <span class=sf-dump-index>1263</span> => {<a class=sf-dump-ref>#3025</a> &#8230;4}
    <span class=sf-dump-index>1264</span> => {<a class=sf-dump-ref>#3026</a> &#8230;4}
    <span class=sf-dump-index>1265</span> => {<a class=sf-dump-ref>#3027</a> &#8230;4}
    <span class=sf-dump-index>1266</span> => {<a class=sf-dump-ref>#3028</a> &#8230;4}
    <span class=sf-dump-index>1267</span> => {<a class=sf-dump-ref>#3029</a> &#8230;4}
    <span class=sf-dump-index>1268</span> => {<a class=sf-dump-ref>#3030</a> &#8230;4}
    <span class=sf-dump-index>1269</span> => {<a class=sf-dump-ref>#3031</a> &#8230;4}
    <span class=sf-dump-index>1270</span> => {<a class=sf-dump-ref>#3032</a> &#8230;4}
    <span class=sf-dump-index>1271</span> => {<a class=sf-dump-ref>#3033</a> &#8230;4}
    <span class=sf-dump-index>1272</span> => {<a class=sf-dump-ref>#3034</a> &#8230;4}
    <span class=sf-dump-index>1273</span> => {<a class=sf-dump-ref>#3035</a> &#8230;4}
    <span class=sf-dump-index>1274</span> => {<a class=sf-dump-ref>#3036</a> &#8230;4}
    <span class=sf-dump-index>1275</span> => {<a class=sf-dump-ref>#3037</a> &#8230;4}
    <span class=sf-dump-index>1276</span> => {<a class=sf-dump-ref>#3038</a> &#8230;4}
    <span class=sf-dump-index>1277</span> => {<a class=sf-dump-ref>#3039</a> &#8230;4}
    <span class=sf-dump-index>1278</span> => {<a class=sf-dump-ref>#3040</a> &#8230;4}
    <span class=sf-dump-index>1279</span> => {<a class=sf-dump-ref>#3041</a> &#8230;4}
    <span class=sf-dump-index>1280</span> => {<a class=sf-dump-ref>#3042</a> &#8230;4}
    <span class=sf-dump-index>1281</span> => {<a class=sf-dump-ref>#3043</a> &#8230;4}
    <span class=sf-dump-index>1282</span> => {<a class=sf-dump-ref>#3044</a> &#8230;4}
    <span class=sf-dump-index>1283</span> => {<a class=sf-dump-ref>#3045</a> &#8230;4}
    <span class=sf-dump-index>1284</span> => {<a class=sf-dump-ref>#3046</a> &#8230;4}
    <span class=sf-dump-index>1285</span> => {<a class=sf-dump-ref>#3047</a> &#8230;4}
    <span class=sf-dump-index>1286</span> => {<a class=sf-dump-ref>#3048</a> &#8230;4}
    <span class=sf-dump-index>1287</span> => {<a class=sf-dump-ref>#3049</a> &#8230;4}
    <span class=sf-dump-index>1288</span> => {<a class=sf-dump-ref>#3050</a> &#8230;4}
    <span class=sf-dump-index>1289</span> => {<a class=sf-dump-ref>#3051</a> &#8230;4}
    <span class=sf-dump-index>1290</span> => {<a class=sf-dump-ref>#3052</a> &#8230;4}
    <span class=sf-dump-index>1291</span> => {<a class=sf-dump-ref>#3053</a> &#8230;4}
    <span class=sf-dump-index>1292</span> => {<a class=sf-dump-ref>#3054</a> &#8230;4}
    <span class=sf-dump-index>1293</span> => {<a class=sf-dump-ref>#3055</a> &#8230;4}
    <span class=sf-dump-index>1294</span> => {<a class=sf-dump-ref>#3056</a> &#8230;4}
    <span class=sf-dump-index>1295</span> => {<a class=sf-dump-ref>#3057</a> &#8230;4}
    <span class=sf-dump-index>1296</span> => {<a class=sf-dump-ref>#3058</a> &#8230;4}
    <span class=sf-dump-index>1297</span> => {<a class=sf-dump-ref>#3059</a> &#8230;4}
    <span class=sf-dump-index>1298</span> => {<a class=sf-dump-ref>#3060</a> &#8230;4}
    <span class=sf-dump-index>1299</span> => {<a class=sf-dump-ref>#3061</a> &#8230;4}
    <span class=sf-dump-index>1300</span> => {<a class=sf-dump-ref>#3062</a> &#8230;4}
    <span class=sf-dump-index>1301</span> => {<a class=sf-dump-ref>#3063</a> &#8230;4}
    <span class=sf-dump-index>1302</span> => {<a class=sf-dump-ref>#3064</a> &#8230;4}
    <span class=sf-dump-index>1303</span> => {<a class=sf-dump-ref>#3065</a> &#8230;4}
    <span class=sf-dump-index>1304</span> => {<a class=sf-dump-ref>#3066</a> &#8230;4}
    <span class=sf-dump-index>1305</span> => {<a class=sf-dump-ref>#3067</a> &#8230;4}
    <span class=sf-dump-index>1306</span> => {<a class=sf-dump-ref>#3068</a> &#8230;4}
    <span class=sf-dump-index>1307</span> => {<a class=sf-dump-ref>#3069</a> &#8230;4}
    <span class=sf-dump-index>1308</span> => {<a class=sf-dump-ref>#3070</a> &#8230;4}
    <span class=sf-dump-index>1309</span> => {<a class=sf-dump-ref>#3071</a> &#8230;4}
    <span class=sf-dump-index>1310</span> => {<a class=sf-dump-ref>#3072</a> &#8230;4}
    <span class=sf-dump-index>1311</span> => {<a class=sf-dump-ref>#3073</a> &#8230;4}
    <span class=sf-dump-index>1312</span> => {<a class=sf-dump-ref>#3074</a> &#8230;4}
    <span class=sf-dump-index>1313</span> => {<a class=sf-dump-ref>#3075</a> &#8230;4}
    <span class=sf-dump-index>1314</span> => {<a class=sf-dump-ref>#3076</a> &#8230;4}
    <span class=sf-dump-index>1315</span> => {<a class=sf-dump-ref>#3077</a> &#8230;4}
    <span class=sf-dump-index>1316</span> => {<a class=sf-dump-ref>#3078</a> &#8230;4}
    <span class=sf-dump-index>1317</span> => {<a class=sf-dump-ref>#3079</a> &#8230;4}
    <span class=sf-dump-index>1318</span> => {<a class=sf-dump-ref>#3080</a> &#8230;4}
    <span class=sf-dump-index>1319</span> => {<a class=sf-dump-ref>#3081</a> &#8230;4}
    <span class=sf-dump-index>1320</span> => {<a class=sf-dump-ref>#3082</a> &#8230;4}
    <span class=sf-dump-index>1321</span> => {<a class=sf-dump-ref>#3083</a> &#8230;4}
    <span class=sf-dump-index>1322</span> => {<a class=sf-dump-ref>#3084</a> &#8230;4}
    <span class=sf-dump-index>1323</span> => {<a class=sf-dump-ref>#3085</a> &#8230;4}
    <span class=sf-dump-index>1324</span> => {<a class=sf-dump-ref>#3086</a> &#8230;4}
    <span class=sf-dump-index>1325</span> => {<a class=sf-dump-ref>#3087</a> &#8230;4}
    <span class=sf-dump-index>1326</span> => {<a class=sf-dump-ref>#3088</a> &#8230;4}
    <span class=sf-dump-index>1327</span> => {<a class=sf-dump-ref>#3089</a> &#8230;4}
    <span class=sf-dump-index>1328</span> => {<a class=sf-dump-ref>#3090</a> &#8230;4}
    <span class=sf-dump-index>1329</span> => {<a class=sf-dump-ref>#3091</a> &#8230;4}
    <span class=sf-dump-index>1330</span> => {<a class=sf-dump-ref>#3092</a> &#8230;4}
    <span class=sf-dump-index>1331</span> => {<a class=sf-dump-ref>#3093</a> &#8230;4}
    <span class=sf-dump-index>1332</span> => {<a class=sf-dump-ref>#3094</a> &#8230;4}
    <span class=sf-dump-index>1333</span> => {<a class=sf-dump-ref>#3095</a> &#8230;4}
    <span class=sf-dump-index>1334</span> => {<a class=sf-dump-ref>#3096</a> &#8230;4}
    <span class=sf-dump-index>1335</span> => {<a class=sf-dump-ref>#3097</a> &#8230;4}
    <span class=sf-dump-index>1336</span> => {<a class=sf-dump-ref>#3098</a> &#8230;4}
    <span class=sf-dump-index>1337</span> => {<a class=sf-dump-ref>#3099</a> &#8230;4}
    <span class=sf-dump-index>1338</span> => {<a class=sf-dump-ref>#3100</a> &#8230;4}
    <span class=sf-dump-index>1339</span> => {<a class=sf-dump-ref>#3101</a> &#8230;4}
    <span class=sf-dump-index>1340</span> => {<a class=sf-dump-ref>#3102</a> &#8230;4}
    <span class=sf-dump-index>1341</span> => {<a class=sf-dump-ref>#3103</a> &#8230;4}
    <span class=sf-dump-index>1342</span> => {<a class=sf-dump-ref>#3104</a> &#8230;4}
    <span class=sf-dump-index>1343</span> => {<a class=sf-dump-ref>#3105</a> &#8230;4}
    <span class=sf-dump-index>1344</span> => {<a class=sf-dump-ref>#3106</a> &#8230;4}
    <span class=sf-dump-index>1345</span> => {<a class=sf-dump-ref>#3107</a> &#8230;4}
    <span class=sf-dump-index>1346</span> => {<a class=sf-dump-ref>#3108</a> &#8230;4}
    <span class=sf-dump-index>1347</span> => {<a class=sf-dump-ref>#3109</a> &#8230;4}
    <span class=sf-dump-index>1348</span> => {<a class=sf-dump-ref>#3110</a> &#8230;4}
    <span class=sf-dump-index>1349</span> => {<a class=sf-dump-ref>#3111</a> &#8230;4}
    <span class=sf-dump-index>1350</span> => {<a class=sf-dump-ref>#3112</a> &#8230;4}
    <span class=sf-dump-index>1351</span> => {<a class=sf-dump-ref>#3113</a> &#8230;4}
    <span class=sf-dump-index>1352</span> => {<a class=sf-dump-ref>#3114</a> &#8230;4}
    <span class=sf-dump-index>1353</span> => {<a class=sf-dump-ref>#3115</a> &#8230;4}
    <span class=sf-dump-index>1354</span> => {<a class=sf-dump-ref>#3116</a> &#8230;4}
    <span class=sf-dump-index>1355</span> => {<a class=sf-dump-ref>#3117</a> &#8230;4}
    <span class=sf-dump-index>1356</span> => {<a class=sf-dump-ref>#3118</a> &#8230;4}
    <span class=sf-dump-index>1357</span> => {<a class=sf-dump-ref>#3119</a> &#8230;4}
    <span class=sf-dump-index>1358</span> => {<a class=sf-dump-ref>#3120</a> &#8230;4}
    <span class=sf-dump-index>1359</span> => {<a class=sf-dump-ref>#3121</a> &#8230;4}
    <span class=sf-dump-index>1360</span> => {<a class=sf-dump-ref>#3122</a> &#8230;4}
    <span class=sf-dump-index>1361</span> => {<a class=sf-dump-ref>#3123</a> &#8230;4}
    <span class=sf-dump-index>1362</span> => {<a class=sf-dump-ref>#3124</a> &#8230;4}
    <span class=sf-dump-index>1363</span> => {<a class=sf-dump-ref>#3125</a> &#8230;4}
    <span class=sf-dump-index>1364</span> => {<a class=sf-dump-ref>#3126</a> &#8230;4}
    <span class=sf-dump-index>1365</span> => {<a class=sf-dump-ref>#3127</a> &#8230;4}
    <span class=sf-dump-index>1366</span> => {<a class=sf-dump-ref>#3128</a> &#8230;4}
    <span class=sf-dump-index>1367</span> => {<a class=sf-dump-ref>#3129</a> &#8230;4}
    <span class=sf-dump-index>1368</span> => {<a class=sf-dump-ref>#3130</a> &#8230;4}
    <span class=sf-dump-index>1369</span> => {<a class=sf-dump-ref>#3131</a> &#8230;4}
    <span class=sf-dump-index>1370</span> => {<a class=sf-dump-ref>#3132</a> &#8230;4}
    <span class=sf-dump-index>1371</span> => {<a class=sf-dump-ref>#3133</a> &#8230;4}
    <span class=sf-dump-index>1372</span> => {<a class=sf-dump-ref>#3134</a> &#8230;4}
    <span class=sf-dump-index>1373</span> => {<a class=sf-dump-ref>#3135</a> &#8230;4}
    <span class=sf-dump-index>1374</span> => {<a class=sf-dump-ref>#3136</a> &#8230;4}
    <span class=sf-dump-index>1375</span> => {<a class=sf-dump-ref>#3137</a> &#8230;4}
    <span class=sf-dump-index>1376</span> => {<a class=sf-dump-ref>#3138</a> &#8230;4}
    <span class=sf-dump-index>1377</span> => {<a class=sf-dump-ref>#3139</a> &#8230;4}
    <span class=sf-dump-index>1378</span> => {<a class=sf-dump-ref>#3140</a> &#8230;4}
    <span class=sf-dump-index>1379</span> => {<a class=sf-dump-ref>#3141</a> &#8230;4}
    <span class=sf-dump-index>1380</span> => {<a class=sf-dump-ref>#3142</a> &#8230;4}
    <span class=sf-dump-index>1381</span> => {<a class=sf-dump-ref>#3143</a> &#8230;4}
    <span class=sf-dump-index>1382</span> => {<a class=sf-dump-ref>#3144</a> &#8230;4}
    <span class=sf-dump-index>1383</span> => {<a class=sf-dump-ref>#3145</a> &#8230;4}
    <span class=sf-dump-index>1384</span> => {<a class=sf-dump-ref>#3146</a> &#8230;4}
    <span class=sf-dump-index>1385</span> => {<a class=sf-dump-ref>#3147</a> &#8230;4}
    <span class=sf-dump-index>1386</span> => {<a class=sf-dump-ref>#3148</a> &#8230;4}
    <span class=sf-dump-index>1387</span> => {<a class=sf-dump-ref>#3149</a> &#8230;4}
    <span class=sf-dump-index>1388</span> => {<a class=sf-dump-ref>#3150</a> &#8230;4}
    <span class=sf-dump-index>1389</span> => {<a class=sf-dump-ref>#3151</a> &#8230;4}
    <span class=sf-dump-index>1390</span> => {<a class=sf-dump-ref>#3152</a> &#8230;4}
    <span class=sf-dump-index>1391</span> => {<a class=sf-dump-ref>#3153</a> &#8230;4}
    <span class=sf-dump-index>1392</span> => {<a class=sf-dump-ref>#3154</a> &#8230;4}
    <span class=sf-dump-index>1393</span> => {<a class=sf-dump-ref>#3155</a> &#8230;4}
    <span class=sf-dump-index>1394</span> => {<a class=sf-dump-ref>#3156</a> &#8230;4}
    <span class=sf-dump-index>1395</span> => {<a class=sf-dump-ref>#3157</a> &#8230;4}
    <span class=sf-dump-index>1396</span> => {<a class=sf-dump-ref>#3158</a> &#8230;4}
    <span class=sf-dump-index>1397</span> => {<a class=sf-dump-ref>#3159</a> &#8230;4}
    <span class=sf-dump-index>1398</span> => {<a class=sf-dump-ref>#3160</a> &#8230;4}
    <span class=sf-dump-index>1399</span> => {<a class=sf-dump-ref>#3161</a> &#8230;4}
    <span class=sf-dump-index>1400</span> => {<a class=sf-dump-ref>#3162</a> &#8230;4}
    <span class=sf-dump-index>1401</span> => {<a class=sf-dump-ref>#3163</a> &#8230;4}
    <span class=sf-dump-index>1402</span> => {<a class=sf-dump-ref>#3164</a> &#8230;4}
    <span class=sf-dump-index>1403</span> => {<a class=sf-dump-ref>#3165</a> &#8230;4}
    <span class=sf-dump-index>1404</span> => {<a class=sf-dump-ref>#3166</a> &#8230;4}
    <span class=sf-dump-index>1405</span> => {<a class=sf-dump-ref>#3167</a> &#8230;4}
    <span class=sf-dump-index>1406</span> => {<a class=sf-dump-ref>#3168</a> &#8230;4}
    <span class=sf-dump-index>1407</span> => {<a class=sf-dump-ref>#3169</a> &#8230;4}
    <span class=sf-dump-index>1408</span> => {<a class=sf-dump-ref>#3170</a> &#8230;4}
    <span class=sf-dump-index>1409</span> => {<a class=sf-dump-ref>#3171</a> &#8230;4}
    <span class=sf-dump-index>1410</span> => {<a class=sf-dump-ref>#3172</a> &#8230;4}
    <span class=sf-dump-index>1411</span> => {<a class=sf-dump-ref>#3173</a> &#8230;4}
    <span class=sf-dump-index>1412</span> => {<a class=sf-dump-ref>#3174</a> &#8230;4}
    <span class=sf-dump-index>1413</span> => {<a class=sf-dump-ref>#3175</a> &#8230;4}
    <span class=sf-dump-index>1414</span> => {<a class=sf-dump-ref>#3176</a> &#8230;4}
    <span class=sf-dump-index>1415</span> => {<a class=sf-dump-ref>#3177</a> &#8230;4}
    <span class=sf-dump-index>1416</span> => {<a class=sf-dump-ref>#3178</a> &#8230;4}
    <span class=sf-dump-index>1417</span> => {<a class=sf-dump-ref>#3179</a> &#8230;4}
    <span class=sf-dump-index>1418</span> => {<a class=sf-dump-ref>#3180</a> &#8230;4}
    <span class=sf-dump-index>1419</span> => {<a class=sf-dump-ref>#3181</a> &#8230;4}
    <span class=sf-dump-index>1420</span> => {<a class=sf-dump-ref>#3182</a> &#8230;4}
    <span class=sf-dump-index>1421</span> => {<a class=sf-dump-ref>#3183</a> &#8230;4}
    <span class=sf-dump-index>1422</span> => {<a class=sf-dump-ref>#3184</a> &#8230;4}
    <span class=sf-dump-index>1423</span> => {<a class=sf-dump-ref>#3185</a> &#8230;4}
    <span class=sf-dump-index>1424</span> => {<a class=sf-dump-ref>#3186</a> &#8230;4}
    <span class=sf-dump-index>1425</span> => {<a class=sf-dump-ref>#3187</a> &#8230;4}
    <span class=sf-dump-index>1426</span> => {<a class=sf-dump-ref>#3188</a> &#8230;4}
    <span class=sf-dump-index>1427</span> => {<a class=sf-dump-ref>#3189</a> &#8230;4}
    <span class=sf-dump-index>1428</span> => {<a class=sf-dump-ref>#3190</a> &#8230;4}
    <span class=sf-dump-index>1429</span> => {<a class=sf-dump-ref>#3191</a> &#8230;4}
    <span class=sf-dump-index>1430</span> => {<a class=sf-dump-ref>#3192</a> &#8230;4}
    <span class=sf-dump-index>1431</span> => {<a class=sf-dump-ref>#3193</a> &#8230;4}
    <span class=sf-dump-index>1432</span> => {<a class=sf-dump-ref>#3194</a> &#8230;4}
    <span class=sf-dump-index>1433</span> => {<a class=sf-dump-ref>#3195</a> &#8230;4}
    <span class=sf-dump-index>1434</span> => {<a class=sf-dump-ref>#3196</a> &#8230;4}
    <span class=sf-dump-index>1435</span> => {<a class=sf-dump-ref>#3197</a> &#8230;4}
    <span class=sf-dump-index>1436</span> => {<a class=sf-dump-ref>#3198</a> &#8230;4}
    <span class=sf-dump-index>1437</span> => {<a class=sf-dump-ref>#3199</a> &#8230;4}
    <span class=sf-dump-index>1438</span> => {<a class=sf-dump-ref>#3200</a> &#8230;4}
    <span class=sf-dump-index>1439</span> => {<a class=sf-dump-ref>#3201</a> &#8230;4}
    <span class=sf-dump-index>1440</span> => {<a class=sf-dump-ref>#3202</a> &#8230;4}
    <span class=sf-dump-index>1441</span> => {<a class=sf-dump-ref>#3203</a> &#8230;4}
    <span class=sf-dump-index>1442</span> => {<a class=sf-dump-ref>#3204</a> &#8230;4}
    <span class=sf-dump-index>1443</span> => {<a class=sf-dump-ref>#3205</a> &#8230;4}
    <span class=sf-dump-index>1444</span> => {<a class=sf-dump-ref>#3206</a> &#8230;4}
    <span class=sf-dump-index>1445</span> => {<a class=sf-dump-ref>#3207</a> &#8230;4}
    <span class=sf-dump-index>1446</span> => {<a class=sf-dump-ref>#3208</a> &#8230;4}
    <span class=sf-dump-index>1447</span> => {<a class=sf-dump-ref>#3209</a> &#8230;4}
    <span class=sf-dump-index>1448</span> => {<a class=sf-dump-ref>#3210</a> &#8230;4}
    <span class=sf-dump-index>1449</span> => {<a class=sf-dump-ref>#3211</a> &#8230;4}
    <span class=sf-dump-index>1450</span> => {<a class=sf-dump-ref>#3212</a> &#8230;4}
    <span class=sf-dump-index>1451</span> => {<a class=sf-dump-ref>#3213</a> &#8230;4}
    <span class=sf-dump-index>1452</span> => {<a class=sf-dump-ref>#3214</a> &#8230;4}
    <span class=sf-dump-index>1453</span> => {<a class=sf-dump-ref>#3215</a> &#8230;4}
    <span class=sf-dump-index>1454</span> => {<a class=sf-dump-ref>#3216</a> &#8230;4}
    <span class=sf-dump-index>1455</span> => {<a class=sf-dump-ref>#3217</a> &#8230;4}
    <span class=sf-dump-index>1456</span> => {<a class=sf-dump-ref>#3218</a> &#8230;4}
    <span class=sf-dump-index>1457</span> => {<a class=sf-dump-ref>#3219</a> &#8230;4}
    <span class=sf-dump-index>1458</span> => {<a class=sf-dump-ref>#3220</a> &#8230;4}
    <span class=sf-dump-index>1459</span> => {<a class=sf-dump-ref>#3221</a> &#8230;4}
    <span class=sf-dump-index>1460</span> => {<a class=sf-dump-ref>#3222</a> &#8230;4}
    <span class=sf-dump-index>1461</span> => {<a class=sf-dump-ref>#3223</a> &#8230;4}
    <span class=sf-dump-index>1462</span> => {<a class=sf-dump-ref>#3224</a> &#8230;4}
    <span class=sf-dump-index>1463</span> => {<a class=sf-dump-ref>#3225</a> &#8230;4}
    <span class=sf-dump-index>1464</span> => {<a class=sf-dump-ref>#3226</a> &#8230;4}
    <span class=sf-dump-index>1465</span> => {<a class=sf-dump-ref>#3227</a> &#8230;4}
    <span class=sf-dump-index>1466</span> => {<a class=sf-dump-ref>#3228</a> &#8230;4}
    <span class=sf-dump-index>1467</span> => {<a class=sf-dump-ref>#3229</a> &#8230;4}
    <span class=sf-dump-index>1468</span> => {<a class=sf-dump-ref>#3230</a> &#8230;4}
    <span class=sf-dump-index>1469</span> => {<a class=sf-dump-ref>#3231</a> &#8230;4}
    <span class=sf-dump-index>1470</span> => {<a class=sf-dump-ref>#3232</a> &#8230;4}
    <span class=sf-dump-index>1471</span> => {<a class=sf-dump-ref>#3233</a> &#8230;4}
    <span class=sf-dump-index>1472</span> => {<a class=sf-dump-ref>#3234</a> &#8230;4}
    <span class=sf-dump-index>1473</span> => {<a class=sf-dump-ref>#3235</a> &#8230;4}
    <span class=sf-dump-index>1474</span> => {<a class=sf-dump-ref>#3236</a> &#8230;4}
    <span class=sf-dump-index>1475</span> => {<a class=sf-dump-ref>#3237</a> &#8230;4}
    <span class=sf-dump-index>1476</span> => {<a class=sf-dump-ref>#3238</a> &#8230;4}
    <span class=sf-dump-index>1477</span> => {<a class=sf-dump-ref>#3239</a> &#8230;4}
    <span class=sf-dump-index>1478</span> => {<a class=sf-dump-ref>#3240</a> &#8230;4}
    <span class=sf-dump-index>1479</span> => {<a class=sf-dump-ref>#3241</a> &#8230;4}
    <span class=sf-dump-index>1480</span> => {<a class=sf-dump-ref>#3242</a> &#8230;4}
    <span class=sf-dump-index>1481</span> => {<a class=sf-dump-ref>#3243</a> &#8230;4}
    <span class=sf-dump-index>1482</span> => {<a class=sf-dump-ref>#3244</a> &#8230;4}
    <span class=sf-dump-index>1483</span> => {<a class=sf-dump-ref>#3245</a> &#8230;4}
    <span class=sf-dump-index>1484</span> => {<a class=sf-dump-ref>#3246</a> &#8230;4}
    <span class=sf-dump-index>1485</span> => {<a class=sf-dump-ref>#3247</a> &#8230;4}
    <span class=sf-dump-index>1486</span> => {<a class=sf-dump-ref>#3248</a> &#8230;4}
    <span class=sf-dump-index>1487</span> => {<a class=sf-dump-ref>#3249</a> &#8230;4}
    <span class=sf-dump-index>1488</span> => {<a class=sf-dump-ref>#3250</a> &#8230;4}
    <span class=sf-dump-index>1489</span> => {<a class=sf-dump-ref>#3251</a> &#8230;4}
    <span class=sf-dump-index>1490</span> => {<a class=sf-dump-ref>#3252</a> &#8230;4}
    <span class=sf-dump-index>1491</span> => {<a class=sf-dump-ref>#3253</a> &#8230;4}
    <span class=sf-dump-index>1492</span> => {<a class=sf-dump-ref>#3254</a> &#8230;4}
    <span class=sf-dump-index>1493</span> => {<a class=sf-dump-ref>#3255</a> &#8230;4}
    <span class=sf-dump-index>1494</span> => {<a class=sf-dump-ref>#3256</a> &#8230;4}
    <span class=sf-dump-index>1495</span> => {<a class=sf-dump-ref>#3257</a> &#8230;4}
    <span class=sf-dump-index>1496</span> => {<a class=sf-dump-ref>#3258</a> &#8230;4}
    <span class=sf-dump-index>1497</span> => {<a class=sf-dump-ref>#3259</a> &#8230;4}
    <span class=sf-dump-index>1498</span> => {<a class=sf-dump-ref>#3260</a> &#8230;4}
    <span class=sf-dump-index>1499</span> => {<a class=sf-dump-ref>#3261</a> &#8230;4}
    <span class=sf-dump-index>1500</span> => {<a class=sf-dump-ref>#3262</a> &#8230;4}
    <span class=sf-dump-index>1501</span> => {<a class=sf-dump-ref>#3263</a> &#8230;4}
    <span class=sf-dump-index>1502</span> => {<a class=sf-dump-ref>#3264</a> &#8230;4}
    <span class=sf-dump-index>1503</span> => {<a class=sf-dump-ref>#3265</a> &#8230;4}
    <span class=sf-dump-index>1504</span> => {<a class=sf-dump-ref>#3266</a> &#8230;4}
    <span class=sf-dump-index>1505</span> => {<a class=sf-dump-ref>#3267</a> &#8230;4}
    <span class=sf-dump-index>1506</span> => {<a class=sf-dump-ref>#3268</a> &#8230;4}
    <span class=sf-dump-index>1507</span> => {<a class=sf-dump-ref>#3269</a> &#8230;4}
    <span class=sf-dump-index>1508</span> => {<a class=sf-dump-ref>#3270</a> &#8230;4}
    <span class=sf-dump-index>1509</span> => {<a class=sf-dump-ref>#3271</a> &#8230;4}
    <span class=sf-dump-index>1510</span> => {<a class=sf-dump-ref>#3272</a> &#8230;4}
    <span class=sf-dump-index>1511</span> => {<a class=sf-dump-ref>#3273</a> &#8230;4}
    <span class=sf-dump-index>1512</span> => {<a class=sf-dump-ref>#3274</a> &#8230;4}
    <span class=sf-dump-index>1513</span> => {<a class=sf-dump-ref>#3275</a> &#8230;4}
    <span class=sf-dump-index>1514</span> => {<a class=sf-dump-ref>#3276</a> &#8230;4}
    <span class=sf-dump-index>1515</span> => {<a class=sf-dump-ref>#3277</a> &#8230;4}
    <span class=sf-dump-index>1516</span> => {<a class=sf-dump-ref>#3278</a> &#8230;4}
    <span class=sf-dump-index>1517</span> => {<a class=sf-dump-ref>#3279</a> &#8230;4}
    <span class=sf-dump-index>1518</span> => {<a class=sf-dump-ref>#3280</a> &#8230;4}
    <span class=sf-dump-index>1519</span> => {<a class=sf-dump-ref>#3281</a> &#8230;4}
    <span class=sf-dump-index>1520</span> => {<a class=sf-dump-ref>#3282</a> &#8230;4}
    <span class=sf-dump-index>1521</span> => {<a class=sf-dump-ref>#3283</a> &#8230;4}
    <span class=sf-dump-index>1522</span> => {<a class=sf-dump-ref>#3284</a> &#8230;4}
    <span class=sf-dump-index>1523</span> => {<a class=sf-dump-ref>#3285</a> &#8230;4}
    <span class=sf-dump-index>1524</span> => {<a class=sf-dump-ref>#3286</a> &#8230;4}
    <span class=sf-dump-index>1525</span> => {<a class=sf-dump-ref>#3287</a> &#8230;4}
    <span class=sf-dump-index>1526</span> => {<a class=sf-dump-ref>#3288</a> &#8230;4}
    <span class=sf-dump-index>1527</span> => {<a class=sf-dump-ref>#3289</a> &#8230;4}
    <span class=sf-dump-index>1528</span> => {<a class=sf-dump-ref>#3290</a> &#8230;4}
    <span class=sf-dump-index>1529</span> => {<a class=sf-dump-ref>#3291</a> &#8230;4}
    <span class=sf-dump-index>1530</span> => {<a class=sf-dump-ref>#3292</a> &#8230;4}
    <span class=sf-dump-index>1531</span> => {<a class=sf-dump-ref>#3293</a> &#8230;4}
    <span class=sf-dump-index>1532</span> => {<a class=sf-dump-ref>#3294</a> &#8230;4}
    <span class=sf-dump-index>1533</span> => {<a class=sf-dump-ref>#3295</a> &#8230;4}
    <span class=sf-dump-index>1534</span> => {<a class=sf-dump-ref>#3296</a> &#8230;4}
    <span class=sf-dump-index>1535</span> => {<a class=sf-dump-ref>#3297</a> &#8230;4}
    <span class=sf-dump-index>1536</span> => {<a class=sf-dump-ref>#3298</a> &#8230;4}
    <span class=sf-dump-index>1537</span> => {<a class=sf-dump-ref>#3299</a> &#8230;4}
    <span class=sf-dump-index>1538</span> => {<a class=sf-dump-ref>#3300</a> &#8230;4}
    <span class=sf-dump-index>1539</span> => {<a class=sf-dump-ref>#3301</a> &#8230;4}
    <span class=sf-dump-index>1540</span> => {<a class=sf-dump-ref>#3302</a> &#8230;4}
    <span class=sf-dump-index>1541</span> => {<a class=sf-dump-ref>#3303</a> &#8230;4}
    <span class=sf-dump-index>1542</span> => {<a class=sf-dump-ref>#3304</a> &#8230;4}
    <span class=sf-dump-index>1543</span> => {<a class=sf-dump-ref>#3305</a> &#8230;4}
    <span class=sf-dump-index>1544</span> => {<a class=sf-dump-ref>#3306</a> &#8230;4}
    <span class=sf-dump-index>1545</span> => {<a class=sf-dump-ref>#3307</a> &#8230;4}
    <span class=sf-dump-index>1546</span> => {<a class=sf-dump-ref>#3308</a> &#8230;4}
    <span class=sf-dump-index>1547</span> => {<a class=sf-dump-ref>#3309</a> &#8230;4}
    <span class=sf-dump-index>1548</span> => {<a class=sf-dump-ref>#3310</a> &#8230;4}
    <span class=sf-dump-index>1549</span> => {<a class=sf-dump-ref>#3311</a> &#8230;4}
    <span class=sf-dump-index>1550</span> => {<a class=sf-dump-ref>#3312</a> &#8230;4}
    <span class=sf-dump-index>1551</span> => {<a class=sf-dump-ref>#3313</a> &#8230;4}
    <span class=sf-dump-index>1552</span> => {<a class=sf-dump-ref>#3314</a> &#8230;4}
    <span class=sf-dump-index>1553</span> => {<a class=sf-dump-ref>#3315</a> &#8230;4}
    <span class=sf-dump-index>1554</span> => {<a class=sf-dump-ref>#3316</a> &#8230;4}
    <span class=sf-dump-index>1555</span> => {<a class=sf-dump-ref>#3317</a> &#8230;4}
    <span class=sf-dump-index>1556</span> => {<a class=sf-dump-ref>#3318</a> &#8230;4}
    <span class=sf-dump-index>1557</span> => {<a class=sf-dump-ref>#3319</a> &#8230;4}
    <span class=sf-dump-index>1558</span> => {<a class=sf-dump-ref>#3320</a> &#8230;4}
    <span class=sf-dump-index>1559</span> => {<a class=sf-dump-ref>#3321</a> &#8230;4}
    <span class=sf-dump-index>1560</span> => {<a class=sf-dump-ref>#3322</a> &#8230;4}
    <span class=sf-dump-index>1561</span> => {<a class=sf-dump-ref>#3323</a> &#8230;4}
    <span class=sf-dump-index>1562</span> => {<a class=sf-dump-ref>#3324</a> &#8230;4}
    <span class=sf-dump-index>1563</span> => {<a class=sf-dump-ref>#3325</a> &#8230;4}
    <span class=sf-dump-index>1564</span> => {<a class=sf-dump-ref>#3326</a> &#8230;4}
    <span class=sf-dump-index>1565</span> => {<a class=sf-dump-ref>#3327</a> &#8230;4}
    <span class=sf-dump-index>1566</span> => {<a class=sf-dump-ref>#3328</a> &#8230;4}
    <span class=sf-dump-index>1567</span> => {<a class=sf-dump-ref>#3329</a> &#8230;4}
    <span class=sf-dump-index>1568</span> => {<a class=sf-dump-ref>#3330</a> &#8230;4}
    <span class=sf-dump-index>1569</span> => {<a class=sf-dump-ref>#3331</a> &#8230;4}
    <span class=sf-dump-index>1570</span> => {<a class=sf-dump-ref>#3332</a> &#8230;4}
    <span class=sf-dump-index>1571</span> => {<a class=sf-dump-ref>#3333</a> &#8230;4}
    <span class=sf-dump-index>1572</span> => {<a class=sf-dump-ref>#3334</a> &#8230;4}
    <span class=sf-dump-index>1573</span> => {<a class=sf-dump-ref>#3335</a> &#8230;4}
    <span class=sf-dump-index>1574</span> => {<a class=sf-dump-ref>#3336</a> &#8230;4}
    <span class=sf-dump-index>1575</span> => {<a class=sf-dump-ref>#3337</a> &#8230;4}
    <span class=sf-dump-index>1576</span> => {<a class=sf-dump-ref>#3338</a> &#8230;4}
    <span class=sf-dump-index>1577</span> => {<a class=sf-dump-ref>#3339</a> &#8230;4}
    <span class=sf-dump-index>1578</span> => {<a class=sf-dump-ref>#3340</a> &#8230;4}
    <span class=sf-dump-index>1579</span> => {<a class=sf-dump-ref>#3341</a> &#8230;4}
    <span class=sf-dump-index>1580</span> => {<a class=sf-dump-ref>#3342</a> &#8230;4}
    <span class=sf-dump-index>1581</span> => {<a class=sf-dump-ref>#3343</a> &#8230;4}
    <span class=sf-dump-index>1582</span> => {<a class=sf-dump-ref>#3344</a> &#8230;4}
    <span class=sf-dump-index>1583</span> => {<a class=sf-dump-ref>#3345</a> &#8230;4}
    <span class=sf-dump-index>1584</span> => {<a class=sf-dump-ref>#3346</a> &#8230;4}
    <span class=sf-dump-index>1585</span> => {<a class=sf-dump-ref>#3347</a> &#8230;4}
    <span class=sf-dump-index>1586</span> => {<a class=sf-dump-ref>#3348</a> &#8230;4}
    <span class=sf-dump-index>1587</span> => {<a class=sf-dump-ref>#3349</a> &#8230;4}
    <span class=sf-dump-index>1588</span> => {<a class=sf-dump-ref>#3350</a> &#8230;4}
    <span class=sf-dump-index>1589</span> => {<a class=sf-dump-ref>#3351</a> &#8230;4}
    <span class=sf-dump-index>1590</span> => {<a class=sf-dump-ref>#3352</a> &#8230;4}
    <span class=sf-dump-index>1591</span> => {<a class=sf-dump-ref>#3353</a> &#8230;4}
    <span class=sf-dump-index>1592</span> => {<a class=sf-dump-ref>#3354</a> &#8230;4}
    <span class=sf-dump-index>1593</span> => {<a class=sf-dump-ref>#3355</a> &#8230;4}
    <span class=sf-dump-index>1594</span> => {<a class=sf-dump-ref>#3356</a> &#8230;4}
    <span class=sf-dump-index>1595</span> => {<a class=sf-dump-ref>#3357</a> &#8230;4}
    <span class=sf-dump-index>1596</span> => {<a class=sf-dump-ref>#3358</a> &#8230;4}
    <span class=sf-dump-index>1597</span> => {<a class=sf-dump-ref>#3359</a> &#8230;4}
    <span class=sf-dump-index>1598</span> => {<a class=sf-dump-ref>#3360</a> &#8230;4}
    <span class=sf-dump-index>1599</span> => {<a class=sf-dump-ref>#3361</a> &#8230;4}
    <span class=sf-dump-index>1600</span> => {<a class=sf-dump-ref>#3362</a> &#8230;4}
    <span class=sf-dump-index>1601</span> => {<a class=sf-dump-ref>#3363</a> &#8230;4}
    <span class=sf-dump-index>1602</span> => {<a class=sf-dump-ref>#3364</a> &#8230;4}
    <span class=sf-dump-index>1603</span> => {<a class=sf-dump-ref>#3365</a> &#8230;4}
    <span class=sf-dump-index>1604</span> => {<a class=sf-dump-ref>#3366</a> &#8230;4}
    <span class=sf-dump-index>1605</span> => {<a class=sf-dump-ref>#3367</a> &#8230;4}
    <span class=sf-dump-index>1606</span> => {<a class=sf-dump-ref>#3368</a> &#8230;4}
    <span class=sf-dump-index>1607</span> => {<a class=sf-dump-ref>#3369</a> &#8230;4}
    <span class=sf-dump-index>1608</span> => {<a class=sf-dump-ref>#3370</a> &#8230;4}
    <span class=sf-dump-index>1609</span> => {<a class=sf-dump-ref>#3371</a> &#8230;4}
    <span class=sf-dump-index>1610</span> => {<a class=sf-dump-ref>#3372</a> &#8230;4}
    <span class=sf-dump-index>1611</span> => {<a class=sf-dump-ref>#3373</a> &#8230;4}
    <span class=sf-dump-index>1612</span> => {<a class=sf-dump-ref>#3374</a> &#8230;4}
    <span class=sf-dump-index>1613</span> => {<a class=sf-dump-ref>#3375</a> &#8230;4}
    <span class=sf-dump-index>1614</span> => {<a class=sf-dump-ref>#3376</a> &#8230;4}
    <span class=sf-dump-index>1615</span> => {<a class=sf-dump-ref>#3377</a> &#8230;4}
    <span class=sf-dump-index>1616</span> => {<a class=sf-dump-ref>#3378</a> &#8230;4}
    <span class=sf-dump-index>1617</span> => {<a class=sf-dump-ref>#3379</a> &#8230;4}
    <span class=sf-dump-index>1618</span> => {<a class=sf-dump-ref>#3380</a> &#8230;4}
    <span class=sf-dump-index>1619</span> => {<a class=sf-dump-ref>#3381</a> &#8230;4}
    <span class=sf-dump-index>1620</span> => {<a class=sf-dump-ref>#3382</a> &#8230;4}
    <span class=sf-dump-index>1621</span> => {<a class=sf-dump-ref>#3383</a> &#8230;4}
    <span class=sf-dump-index>1622</span> => {<a class=sf-dump-ref>#3384</a> &#8230;4}
    <span class=sf-dump-index>1623</span> => {<a class=sf-dump-ref>#3385</a> &#8230;4}
    <span class=sf-dump-index>1624</span> => {<a class=sf-dump-ref>#3386</a> &#8230;4}
    <span class=sf-dump-index>1625</span> => {<a class=sf-dump-ref>#3387</a> &#8230;4}
    <span class=sf-dump-index>1626</span> => {<a class=sf-dump-ref>#3388</a> &#8230;4}
    <span class=sf-dump-index>1627</span> => {<a class=sf-dump-ref>#3389</a> &#8230;4}
    <span class=sf-dump-index>1628</span> => {<a class=sf-dump-ref>#3390</a> &#8230;4}
    <span class=sf-dump-index>1629</span> => {<a class=sf-dump-ref>#3391</a> &#8230;4}
    <span class=sf-dump-index>1630</span> => {<a class=sf-dump-ref>#3392</a> &#8230;4}
    <span class=sf-dump-index>1631</span> => {<a class=sf-dump-ref>#3393</a> &#8230;4}
    <span class=sf-dump-index>1632</span> => {<a class=sf-dump-ref>#3394</a> &#8230;4}
    <span class=sf-dump-index>1633</span> => {<a class=sf-dump-ref>#3395</a> &#8230;4}
    <span class=sf-dump-index>1634</span> => {<a class=sf-dump-ref>#3396</a> &#8230;4}
    <span class=sf-dump-index>1635</span> => {<a class=sf-dump-ref>#3397</a> &#8230;4}
    <span class=sf-dump-index>1636</span> => {<a class=sf-dump-ref>#3398</a> &#8230;4}
    <span class=sf-dump-index>1637</span> => {<a class=sf-dump-ref>#3399</a> &#8230;4}
    <span class=sf-dump-index>1638</span> => {<a class=sf-dump-ref>#3400</a> &#8230;4}
    <span class=sf-dump-index>1639</span> => {<a class=sf-dump-ref>#3401</a> &#8230;4}
    <span class=sf-dump-index>1640</span> => {<a class=sf-dump-ref>#3402</a> &#8230;4}
    <span class=sf-dump-index>1641</span> => {<a class=sf-dump-ref>#3403</a> &#8230;4}
    <span class=sf-dump-index>1642</span> => {<a class=sf-dump-ref>#3404</a> &#8230;4}
    <span class=sf-dump-index>1643</span> => {<a class=sf-dump-ref>#3405</a> &#8230;4}
    <span class=sf-dump-index>1644</span> => {<a class=sf-dump-ref>#3406</a> &#8230;4}
    <span class=sf-dump-index>1645</span> => {<a class=sf-dump-ref>#3407</a> &#8230;4}
    <span class=sf-dump-index>1646</span> => {<a class=sf-dump-ref>#3408</a> &#8230;4}
    <span class=sf-dump-index>1647</span> => {<a class=sf-dump-ref>#3409</a> &#8230;4}
    <span class=sf-dump-index>1648</span> => {<a class=sf-dump-ref>#3410</a> &#8230;4}
    <span class=sf-dump-index>1649</span> => {<a class=sf-dump-ref>#3411</a> &#8230;4}
    <span class=sf-dump-index>1650</span> => {<a class=sf-dump-ref>#3412</a> &#8230;4}
    <span class=sf-dump-index>1651</span> => {<a class=sf-dump-ref>#3413</a> &#8230;4}
    <span class=sf-dump-index>1652</span> => {<a class=sf-dump-ref>#3414</a> &#8230;4}
    <span class=sf-dump-index>1653</span> => {<a class=sf-dump-ref>#3415</a> &#8230;4}
    <span class=sf-dump-index>1654</span> => {<a class=sf-dump-ref>#3416</a> &#8230;4}
    <span class=sf-dump-index>1655</span> => {<a class=sf-dump-ref>#3417</a> &#8230;4}
    <span class=sf-dump-index>1656</span> => {<a class=sf-dump-ref>#3418</a> &#8230;4}
    <span class=sf-dump-index>1657</span> => {<a class=sf-dump-ref>#3419</a> &#8230;4}
    <span class=sf-dump-index>1658</span> => {<a class=sf-dump-ref>#3420</a> &#8230;4}
    <span class=sf-dump-index>1659</span> => {<a class=sf-dump-ref>#3421</a> &#8230;4}
    <span class=sf-dump-index>1660</span> => {<a class=sf-dump-ref>#3422</a> &#8230;4}
    <span class=sf-dump-index>1661</span> => {<a class=sf-dump-ref>#3423</a> &#8230;4}
    <span class=sf-dump-index>1662</span> => {<a class=sf-dump-ref>#3424</a> &#8230;4}
    <span class=sf-dump-index>1663</span> => {<a class=sf-dump-ref>#3425</a> &#8230;4}
    <span class=sf-dump-index>1664</span> => {<a class=sf-dump-ref>#3426</a> &#8230;4}
    <span class=sf-dump-index>1665</span> => {<a class=sf-dump-ref>#3427</a> &#8230;4}
    <span class=sf-dump-index>1666</span> => {<a class=sf-dump-ref>#3428</a> &#8230;4}
    <span class=sf-dump-index>1667</span> => {<a class=sf-dump-ref>#3429</a> &#8230;4}
    <span class=sf-dump-index>1668</span> => {<a class=sf-dump-ref>#3430</a> &#8230;4}
    <span class=sf-dump-index>1669</span> => {<a class=sf-dump-ref>#3431</a> &#8230;4}
    <span class=sf-dump-index>1670</span> => {<a class=sf-dump-ref>#3432</a> &#8230;4}
    <span class=sf-dump-index>1671</span> => {<a class=sf-dump-ref>#3433</a> &#8230;4}
    <span class=sf-dump-index>1672</span> => {<a class=sf-dump-ref>#3434</a> &#8230;4}
    <span class=sf-dump-index>1673</span> => {<a class=sf-dump-ref>#3435</a> &#8230;4}
    <span class=sf-dump-index>1674</span> => {<a class=sf-dump-ref>#3436</a> &#8230;4}
    <span class=sf-dump-index>1675</span> => {<a class=sf-dump-ref>#3437</a> &#8230;4}
    <span class=sf-dump-index>1676</span> => {<a class=sf-dump-ref>#3438</a> &#8230;4}
    <span class=sf-dump-index>1677</span> => {<a class=sf-dump-ref>#3439</a> &#8230;4}
    <span class=sf-dump-index>1678</span> => {<a class=sf-dump-ref>#3440</a> &#8230;4}
    <span class=sf-dump-index>1679</span> => {<a class=sf-dump-ref>#3441</a> &#8230;4}
    <span class=sf-dump-index>1680</span> => {<a class=sf-dump-ref>#3442</a> &#8230;4}
    <span class=sf-dump-index>1681</span> => {<a class=sf-dump-ref>#3443</a> &#8230;4}
    <span class=sf-dump-index>1682</span> => {<a class=sf-dump-ref>#3444</a> &#8230;4}
    <span class=sf-dump-index>1683</span> => {<a class=sf-dump-ref>#3445</a> &#8230;4}
    <span class=sf-dump-index>1684</span> => {<a class=sf-dump-ref>#3446</a> &#8230;4}
    <span class=sf-dump-index>1685</span> => {<a class=sf-dump-ref>#3447</a> &#8230;4}
    <span class=sf-dump-index>1686</span> => {<a class=sf-dump-ref>#3448</a> &#8230;4}
    <span class=sf-dump-index>1687</span> => {<a class=sf-dump-ref>#3449</a> &#8230;4}
    <span class=sf-dump-index>1688</span> => {<a class=sf-dump-ref>#3450</a> &#8230;4}
    <span class=sf-dump-index>1689</span> => {<a class=sf-dump-ref>#3451</a> &#8230;4}
    <span class=sf-dump-index>1690</span> => {<a class=sf-dump-ref>#3452</a> &#8230;4}
    <span class=sf-dump-index>1691</span> => {<a class=sf-dump-ref>#3453</a> &#8230;4}
    <span class=sf-dump-index>1692</span> => {<a class=sf-dump-ref>#3454</a> &#8230;4}
    <span class=sf-dump-index>1693</span> => {<a class=sf-dump-ref>#3455</a> &#8230;4}
    <span class=sf-dump-index>1694</span> => {<a class=sf-dump-ref>#3456</a> &#8230;4}
    <span class=sf-dump-index>1695</span> => {<a class=sf-dump-ref>#3457</a> &#8230;4}
    <span class=sf-dump-index>1696</span> => {<a class=sf-dump-ref>#3458</a> &#8230;4}
    <span class=sf-dump-index>1697</span> => {<a class=sf-dump-ref>#3459</a> &#8230;4}
    <span class=sf-dump-index>1698</span> => {<a class=sf-dump-ref>#3460</a> &#8230;4}
    <span class=sf-dump-index>1699</span> => {<a class=sf-dump-ref>#3461</a> &#8230;4}
    <span class=sf-dump-index>1700</span> => {<a class=sf-dump-ref>#3462</a> &#8230;4}
    <span class=sf-dump-index>1701</span> => {<a class=sf-dump-ref>#3463</a> &#8230;4}
    <span class=sf-dump-index>1702</span> => {<a class=sf-dump-ref>#3464</a> &#8230;4}
    <span class=sf-dump-index>1703</span> => {<a class=sf-dump-ref>#3465</a> &#8230;4}
    <span class=sf-dump-index>1704</span> => {<a class=sf-dump-ref>#3466</a> &#8230;4}
    <span class=sf-dump-index>1705</span> => {<a class=sf-dump-ref>#3467</a> &#8230;4}
    <span class=sf-dump-index>1706</span> => {<a class=sf-dump-ref>#3468</a> &#8230;4}
    <span class=sf-dump-index>1707</span> => {<a class=sf-dump-ref>#3469</a> &#8230;4}
    <span class=sf-dump-index>1708</span> => {<a class=sf-dump-ref>#3470</a> &#8230;4}
    <span class=sf-dump-index>1709</span> => {<a class=sf-dump-ref>#3471</a> &#8230;4}
    <span class=sf-dump-index>1710</span> => {<a class=sf-dump-ref>#3472</a> &#8230;4}
    <span class=sf-dump-index>1711</span> => {<a class=sf-dump-ref>#3473</a> &#8230;4}
    <span class=sf-dump-index>1712</span> => {<a class=sf-dump-ref>#3474</a> &#8230;4}
    <span class=sf-dump-index>1713</span> => {<a class=sf-dump-ref>#3475</a> &#8230;4}
    <span class=sf-dump-index>1714</span> => {<a class=sf-dump-ref>#3476</a> &#8230;4}
    <span class=sf-dump-index>1715</span> => {<a class=sf-dump-ref>#3477</a> &#8230;4}
    <span class=sf-dump-index>1716</span> => {<a class=sf-dump-ref>#3478</a> &#8230;4}
    <span class=sf-dump-index>1717</span> => {<a class=sf-dump-ref>#3479</a> &#8230;4}
    <span class=sf-dump-index>1718</span> => {<a class=sf-dump-ref>#3480</a> &#8230;4}
    <span class=sf-dump-index>1719</span> => {<a class=sf-dump-ref>#3481</a> &#8230;4}
    <span class=sf-dump-index>1720</span> => {<a class=sf-dump-ref>#3482</a> &#8230;4}
    <span class=sf-dump-index>1721</span> => {<a class=sf-dump-ref>#3483</a> &#8230;4}
    <span class=sf-dump-index>1722</span> => {<a class=sf-dump-ref>#3484</a> &#8230;4}
    <span class=sf-dump-index>1723</span> => {<a class=sf-dump-ref>#3485</a> &#8230;4}
    <span class=sf-dump-index>1724</span> => {<a class=sf-dump-ref>#3486</a> &#8230;4}
    <span class=sf-dump-index>1725</span> => {<a class=sf-dump-ref>#3487</a> &#8230;4}
    <span class=sf-dump-index>1726</span> => {<a class=sf-dump-ref>#3488</a> &#8230;4}
    <span class=sf-dump-index>1727</span> => {<a class=sf-dump-ref>#3489</a> &#8230;4}
    <span class=sf-dump-index>1728</span> => {<a class=sf-dump-ref>#3490</a> &#8230;4}
    <span class=sf-dump-index>1729</span> => {<a class=sf-dump-ref>#3491</a> &#8230;4}
    <span class=sf-dump-index>1730</span> => {<a class=sf-dump-ref>#3492</a> &#8230;4}
    <span class=sf-dump-index>1731</span> => {<a class=sf-dump-ref>#3493</a> &#8230;4}
    <span class=sf-dump-index>1732</span> => {<a class=sf-dump-ref>#3494</a> &#8230;4}
    <span class=sf-dump-index>1733</span> => {<a class=sf-dump-ref>#3495</a> &#8230;4}
    <span class=sf-dump-index>1734</span> => {<a class=sf-dump-ref>#3496</a> &#8230;4}
    <span class=sf-dump-index>1735</span> => {<a class=sf-dump-ref>#3497</a> &#8230;4}
    <span class=sf-dump-index>1736</span> => {<a class=sf-dump-ref>#3498</a> &#8230;4}
    <span class=sf-dump-index>1737</span> => {<a class=sf-dump-ref>#3499</a> &#8230;4}
    <span class=sf-dump-index>1738</span> => {<a class=sf-dump-ref>#3500</a> &#8230;4}
    <span class=sf-dump-index>1739</span> => {<a class=sf-dump-ref>#3501</a> &#8230;4}
    <span class=sf-dump-index>1740</span> => {<a class=sf-dump-ref>#3502</a> &#8230;4}
    <span class=sf-dump-index>1741</span> => {<a class=sf-dump-ref>#3503</a> &#8230;4}
    <span class=sf-dump-index>1742</span> => {<a class=sf-dump-ref>#3504</a> &#8230;4}
    <span class=sf-dump-index>1743</span> => {<a class=sf-dump-ref>#3505</a> &#8230;4}
    <span class=sf-dump-index>1744</span> => {<a class=sf-dump-ref>#3506</a> &#8230;4}
    <span class=sf-dump-index>1745</span> => {<a class=sf-dump-ref>#3507</a> &#8230;4}
    <span class=sf-dump-index>1746</span> => {<a class=sf-dump-ref>#3508</a> &#8230;4}
    <span class=sf-dump-index>1747</span> => {<a class=sf-dump-ref>#3509</a> &#8230;4}
    <span class=sf-dump-index>1748</span> => {<a class=sf-dump-ref>#3510</a> &#8230;4}
    <span class=sf-dump-index>1749</span> => {<a class=sf-dump-ref>#3511</a> &#8230;4}
    <span class=sf-dump-index>1750</span> => {<a class=sf-dump-ref>#3512</a> &#8230;4}
    <span class=sf-dump-index>1751</span> => {<a class=sf-dump-ref>#3513</a> &#8230;4}
    <span class=sf-dump-index>1752</span> => {<a class=sf-dump-ref>#3514</a> &#8230;4}
    <span class=sf-dump-index>1753</span> => {<a class=sf-dump-ref>#3515</a> &#8230;4}
    <span class=sf-dump-index>1754</span> => {<a class=sf-dump-ref>#3516</a> &#8230;4}
    <span class=sf-dump-index>1755</span> => {<a class=sf-dump-ref>#3517</a> &#8230;4}
    <span class=sf-dump-index>1756</span> => {<a class=sf-dump-ref>#3518</a> &#8230;4}
    <span class=sf-dump-index>1757</span> => {<a class=sf-dump-ref>#3519</a> &#8230;4}
    <span class=sf-dump-index>1758</span> => {<a class=sf-dump-ref>#3520</a> &#8230;4}
    <span class=sf-dump-index>1759</span> => {<a class=sf-dump-ref>#3521</a> &#8230;4}
    <span class=sf-dump-index>1760</span> => {<a class=sf-dump-ref>#3522</a> &#8230;4}
    <span class=sf-dump-index>1761</span> => {<a class=sf-dump-ref>#3523</a> &#8230;4}
    <span class=sf-dump-index>1762</span> => {<a class=sf-dump-ref>#3524</a> &#8230;4}
    <span class=sf-dump-index>1763</span> => {<a class=sf-dump-ref>#3525</a> &#8230;4}
    <span class=sf-dump-index>1764</span> => {<a class=sf-dump-ref>#3526</a> &#8230;4}
    <span class=sf-dump-index>1765</span> => {<a class=sf-dump-ref>#3527</a> &#8230;4}
    <span class=sf-dump-index>1766</span> => {<a class=sf-dump-ref>#3528</a> &#8230;4}
    <span class=sf-dump-index>1767</span> => {<a class=sf-dump-ref>#3529</a> &#8230;4}
    <span class=sf-dump-index>1768</span> => {<a class=sf-dump-ref>#3530</a> &#8230;4}
    <span class=sf-dump-index>1769</span> => {<a class=sf-dump-ref>#3531</a> &#8230;4}
    <span class=sf-dump-index>1770</span> => {<a class=sf-dump-ref>#3532</a> &#8230;4}
    <span class=sf-dump-index>1771</span> => {<a class=sf-dump-ref>#3533</a> &#8230;4}
    <span class=sf-dump-index>1772</span> => {<a class=sf-dump-ref>#3534</a> &#8230;4}
    <span class=sf-dump-index>1773</span> => {<a class=sf-dump-ref>#3535</a> &#8230;4}
    <span class=sf-dump-index>1774</span> => {<a class=sf-dump-ref>#3536</a> &#8230;4}
    <span class=sf-dump-index>1775</span> => {<a class=sf-dump-ref>#3537</a> &#8230;4}
    <span class=sf-dump-index>1776</span> => {<a class=sf-dump-ref>#3538</a> &#8230;4}
    <span class=sf-dump-index>1777</span> => {<a class=sf-dump-ref>#3539</a> &#8230;4}
    <span class=sf-dump-index>1778</span> => {<a class=sf-dump-ref>#3540</a> &#8230;4}
    <span class=sf-dump-index>1779</span> => {<a class=sf-dump-ref>#3541</a> &#8230;4}
    <span class=sf-dump-index>1780</span> => {<a class=sf-dump-ref>#3542</a> &#8230;4}
    <span class=sf-dump-index>1781</span> => {<a class=sf-dump-ref>#3543</a> &#8230;4}
    <span class=sf-dump-index>1782</span> => {<a class=sf-dump-ref>#3544</a> &#8230;4}
    <span class=sf-dump-index>1783</span> => {<a class=sf-dump-ref>#3545</a> &#8230;4}
    <span class=sf-dump-index>1784</span> => {<a class=sf-dump-ref>#3546</a> &#8230;4}
    <span class=sf-dump-index>1785</span> => {<a class=sf-dump-ref>#3547</a> &#8230;4}
    <span class=sf-dump-index>1786</span> => {<a class=sf-dump-ref>#3548</a> &#8230;4}
    <span class=sf-dump-index>1787</span> => {<a class=sf-dump-ref>#3549</a> &#8230;4}
    <span class=sf-dump-index>1788</span> => {<a class=sf-dump-ref>#3550</a> &#8230;4}
    <span class=sf-dump-index>1789</span> => {<a class=sf-dump-ref>#3551</a> &#8230;4}
    <span class=sf-dump-index>1790</span> => {<a class=sf-dump-ref>#3552</a> &#8230;4}
    <span class=sf-dump-index>1791</span> => {<a class=sf-dump-ref>#3553</a> &#8230;4}
    <span class=sf-dump-index>1792</span> => {<a class=sf-dump-ref>#3554</a> &#8230;4}
    <span class=sf-dump-index>1793</span> => {<a class=sf-dump-ref>#3555</a> &#8230;4}
    <span class=sf-dump-index>1794</span> => {<a class=sf-dump-ref>#3556</a> &#8230;4}
    <span class=sf-dump-index>1795</span> => {<a class=sf-dump-ref>#3557</a> &#8230;4}
    <span class=sf-dump-index>1796</span> => {<a class=sf-dump-ref>#3558</a> &#8230;4}
    <span class=sf-dump-index>1797</span> => {<a class=sf-dump-ref>#3559</a> &#8230;4}
    <span class=sf-dump-index>1798</span> => {<a class=sf-dump-ref>#3560</a> &#8230;4}
    <span class=sf-dump-index>1799</span> => {<a class=sf-dump-ref>#3561</a> &#8230;4}
    <span class=sf-dump-index>1800</span> => {<a class=sf-dump-ref>#3562</a> &#8230;4}
    <span class=sf-dump-index>1801</span> => {<a class=sf-dump-ref>#3563</a> &#8230;4}
    <span class=sf-dump-index>1802</span> => {<a class=sf-dump-ref>#3564</a> &#8230;4}
    <span class=sf-dump-index>1803</span> => {<a class=sf-dump-ref>#3565</a> &#8230;4}
    <span class=sf-dump-index>1804</span> => {<a class=sf-dump-ref>#3566</a> &#8230;4}
    <span class=sf-dump-index>1805</span> => {<a class=sf-dump-ref>#3567</a> &#8230;4}
    <span class=sf-dump-index>1806</span> => {<a class=sf-dump-ref>#3568</a> &#8230;4}
    <span class=sf-dump-index>1807</span> => {<a class=sf-dump-ref>#3569</a> &#8230;4}
    <span class=sf-dump-index>1808</span> => {<a class=sf-dump-ref>#3570</a> &#8230;4}
    <span class=sf-dump-index>1809</span> => {<a class=sf-dump-ref>#3571</a> &#8230;4}
    <span class=sf-dump-index>1810</span> => {<a class=sf-dump-ref>#3572</a> &#8230;4}
    <span class=sf-dump-index>1811</span> => {<a class=sf-dump-ref>#3573</a> &#8230;4}
    <span class=sf-dump-index>1812</span> => {<a class=sf-dump-ref>#3574</a> &#8230;4}
    <span class=sf-dump-index>1813</span> => {<a class=sf-dump-ref>#3575</a> &#8230;4}
    <span class=sf-dump-index>1814</span> => {<a class=sf-dump-ref>#3576</a> &#8230;4}
    <span class=sf-dump-index>1815</span> => {<a class=sf-dump-ref>#3577</a> &#8230;4}
    <span class=sf-dump-index>1816</span> => {<a class=sf-dump-ref>#3578</a> &#8230;4}
    <span class=sf-dump-index>1817</span> => {<a class=sf-dump-ref>#3579</a> &#8230;4}
    <span class=sf-dump-index>1818</span> => {<a class=sf-dump-ref>#3580</a> &#8230;4}
    <span class=sf-dump-index>1819</span> => {<a class=sf-dump-ref>#3581</a> &#8230;4}
    <span class=sf-dump-index>1820</span> => {<a class=sf-dump-ref>#3582</a> &#8230;4}
    <span class=sf-dump-index>1821</span> => {<a class=sf-dump-ref>#3583</a> &#8230;4}
    <span class=sf-dump-index>1822</span> => {<a class=sf-dump-ref>#3584</a> &#8230;4}
    <span class=sf-dump-index>1823</span> => {<a class=sf-dump-ref>#3585</a> &#8230;4}
    <span class=sf-dump-index>1824</span> => {<a class=sf-dump-ref>#3586</a> &#8230;4}
    <span class=sf-dump-index>1825</span> => {<a class=sf-dump-ref>#3587</a> &#8230;4}
    <span class=sf-dump-index>1826</span> => {<a class=sf-dump-ref>#3588</a> &#8230;4}
    <span class=sf-dump-index>1827</span> => {<a class=sf-dump-ref>#3589</a> &#8230;4}
    <span class=sf-dump-index>1828</span> => {<a class=sf-dump-ref>#3590</a> &#8230;4}
    <span class=sf-dump-index>1829</span> => {<a class=sf-dump-ref>#3591</a> &#8230;4}
    <span class=sf-dump-index>1830</span> => {<a class=sf-dump-ref>#3592</a> &#8230;4}
    <span class=sf-dump-index>1831</span> => {<a class=sf-dump-ref>#3593</a> &#8230;4}
    <span class=sf-dump-index>1832</span> => {<a class=sf-dump-ref>#3594</a> &#8230;4}
    <span class=sf-dump-index>1833</span> => {<a class=sf-dump-ref>#3595</a> &#8230;4}
    <span class=sf-dump-index>1834</span> => {<a class=sf-dump-ref>#3596</a> &#8230;4}
    <span class=sf-dump-index>1835</span> => {<a class=sf-dump-ref>#3597</a> &#8230;4}
    <span class=sf-dump-index>1836</span> => {<a class=sf-dump-ref>#3598</a> &#8230;4}
    <span class=sf-dump-index>1837</span> => {<a class=sf-dump-ref>#3599</a> &#8230;4}
    <span class=sf-dump-index>1838</span> => {<a class=sf-dump-ref>#3600</a> &#8230;4}
    <span class=sf-dump-index>1839</span> => {<a class=sf-dump-ref>#3601</a> &#8230;4}
    <span class=sf-dump-index>1840</span> => {<a class=sf-dump-ref>#3602</a> &#8230;4}
    <span class=sf-dump-index>1841</span> => {<a class=sf-dump-ref>#3603</a> &#8230;4}
    <span class=sf-dump-index>1842</span> => {<a class=sf-dump-ref>#3604</a> &#8230;4}
    <span class=sf-dump-index>1843</span> => {<a class=sf-dump-ref>#3605</a> &#8230;4}
    <span class=sf-dump-index>1844</span> => {<a class=sf-dump-ref>#3606</a> &#8230;4}
    <span class=sf-dump-index>1845</span> => {<a class=sf-dump-ref>#3607</a> &#8230;4}
    <span class=sf-dump-index>1846</span> => {<a class=sf-dump-ref>#3608</a> &#8230;4}
    <span class=sf-dump-index>1847</span> => {<a class=sf-dump-ref>#3609</a> &#8230;4}
    <span class=sf-dump-index>1848</span> => {<a class=sf-dump-ref>#3610</a> &#8230;4}
    <span class=sf-dump-index>1849</span> => {<a class=sf-dump-ref>#3611</a> &#8230;4}
    <span class=sf-dump-index>1850</span> => {<a class=sf-dump-ref>#3612</a> &#8230;4}
    <span class=sf-dump-index>1851</span> => {<a class=sf-dump-ref>#3613</a> &#8230;4}
    <span class=sf-dump-index>1852</span> => {<a class=sf-dump-ref>#3614</a> &#8230;4}
    <span class=sf-dump-index>1853</span> => {<a class=sf-dump-ref>#3615</a> &#8230;4}
    <span class=sf-dump-index>1854</span> => {<a class=sf-dump-ref>#3616</a> &#8230;4}
    <span class=sf-dump-index>1855</span> => {<a class=sf-dump-ref>#3617</a> &#8230;4}
    <span class=sf-dump-index>1856</span> => {<a class=sf-dump-ref>#3618</a> &#8230;4}
    <span class=sf-dump-index>1857</span> => {<a class=sf-dump-ref>#3619</a> &#8230;4}
    <span class=sf-dump-index>1858</span> => {<a class=sf-dump-ref>#3620</a> &#8230;4}
    <span class=sf-dump-index>1859</span> => {<a class=sf-dump-ref>#3621</a> &#8230;4}
    <span class=sf-dump-index>1860</span> => {<a class=sf-dump-ref>#3622</a> &#8230;4}
    <span class=sf-dump-index>1861</span> => {<a class=sf-dump-ref>#3623</a> &#8230;4}
    <span class=sf-dump-index>1862</span> => {<a class=sf-dump-ref>#3624</a> &#8230;4}
    <span class=sf-dump-index>1863</span> => {<a class=sf-dump-ref>#3625</a> &#8230;4}
    <span class=sf-dump-index>1864</span> => {<a class=sf-dump-ref>#3626</a> &#8230;4}
    <span class=sf-dump-index>1865</span> => {<a class=sf-dump-ref>#3627</a> &#8230;4}
    <span class=sf-dump-index>1866</span> => {<a class=sf-dump-ref>#3628</a> &#8230;4}
    <span class=sf-dump-index>1867</span> => {<a class=sf-dump-ref>#3629</a> &#8230;4}
    <span class=sf-dump-index>1868</span> => {<a class=sf-dump-ref>#3630</a> &#8230;4}
    <span class=sf-dump-index>1869</span> => {<a class=sf-dump-ref>#3631</a> &#8230;4}
    <span class=sf-dump-index>1870</span> => {<a class=sf-dump-ref>#3632</a> &#8230;4}
    <span class=sf-dump-index>1871</span> => {<a class=sf-dump-ref>#3633</a> &#8230;4}
    <span class=sf-dump-index>1872</span> => {<a class=sf-dump-ref>#3634</a> &#8230;4}
    <span class=sf-dump-index>1873</span> => {<a class=sf-dump-ref>#3635</a> &#8230;4}
    <span class=sf-dump-index>1874</span> => {<a class=sf-dump-ref>#3636</a> &#8230;4}
    <span class=sf-dump-index>1875</span> => {<a class=sf-dump-ref>#3637</a> &#8230;4}
    <span class=sf-dump-index>1876</span> => {<a class=sf-dump-ref>#3638</a> &#8230;4}
    <span class=sf-dump-index>1877</span> => {<a class=sf-dump-ref>#3639</a> &#8230;4}
    <span class=sf-dump-index>1878</span> => {<a class=sf-dump-ref>#3640</a> &#8230;4}
    <span class=sf-dump-index>1879</span> => {<a class=sf-dump-ref>#3641</a> &#8230;4}
    <span class=sf-dump-index>1880</span> => {<a class=sf-dump-ref>#3642</a> &#8230;4}
    <span class=sf-dump-index>1881</span> => {<a class=sf-dump-ref>#3643</a> &#8230;4}
    <span class=sf-dump-index>1882</span> => {<a class=sf-dump-ref>#3644</a> &#8230;4}
    <span class=sf-dump-index>1883</span> => {<a class=sf-dump-ref>#3645</a> &#8230;4}
    <span class=sf-dump-index>1884</span> => {<a class=sf-dump-ref>#3646</a> &#8230;4}
    <span class=sf-dump-index>1885</span> => {<a class=sf-dump-ref>#3647</a> &#8230;4}
    <span class=sf-dump-index>1886</span> => {<a class=sf-dump-ref>#3648</a> &#8230;4}
    <span class=sf-dump-index>1887</span> => {<a class=sf-dump-ref>#3649</a> &#8230;4}
    <span class=sf-dump-index>1888</span> => {<a class=sf-dump-ref>#3650</a> &#8230;4}
    <span class=sf-dump-index>1889</span> => {<a class=sf-dump-ref>#3651</a> &#8230;4}
    <span class=sf-dump-index>1890</span> => {<a class=sf-dump-ref>#3652</a> &#8230;4}
    <span class=sf-dump-index>1891</span> => {<a class=sf-dump-ref>#3653</a> &#8230;4}
    <span class=sf-dump-index>1892</span> => {<a class=sf-dump-ref>#3654</a> &#8230;4}
    <span class=sf-dump-index>1893</span> => {<a class=sf-dump-ref>#3655</a> &#8230;4}
    <span class=sf-dump-index>1894</span> => {<a class=sf-dump-ref>#3656</a> &#8230;4}
    <span class=sf-dump-index>1895</span> => {<a class=sf-dump-ref>#3657</a> &#8230;4}
    <span class=sf-dump-index>1896</span> => {<a class=sf-dump-ref>#3658</a> &#8230;4}
    <span class=sf-dump-index>1897</span> => {<a class=sf-dump-ref>#3659</a> &#8230;4}
    <span class=sf-dump-index>1898</span> => {<a class=sf-dump-ref>#3660</a> &#8230;4}
    <span class=sf-dump-index>1899</span> => {<a class=sf-dump-ref>#3661</a> &#8230;4}
    <span class=sf-dump-index>1900</span> => {<a class=sf-dump-ref>#3662</a> &#8230;4}
    <span class=sf-dump-index>1901</span> => {<a class=sf-dump-ref>#3663</a> &#8230;4}
    <span class=sf-dump-index>1902</span> => {<a class=sf-dump-ref>#3664</a> &#8230;4}
    <span class=sf-dump-index>1903</span> => {<a class=sf-dump-ref>#3665</a> &#8230;4}
    <span class=sf-dump-index>1904</span> => {<a class=sf-dump-ref>#3666</a> &#8230;4}
    <span class=sf-dump-index>1905</span> => {<a class=sf-dump-ref>#3667</a> &#8230;4}
    <span class=sf-dump-index>1906</span> => {<a class=sf-dump-ref>#3668</a> &#8230;4}
    <span class=sf-dump-index>1907</span> => {<a class=sf-dump-ref>#3669</a> &#8230;4}
    <span class=sf-dump-index>1908</span> => {<a class=sf-dump-ref>#3670</a> &#8230;4}
    <span class=sf-dump-index>1909</span> => {<a class=sf-dump-ref>#3671</a> &#8230;4}
    <span class=sf-dump-index>1910</span> => {<a class=sf-dump-ref>#3672</a> &#8230;4}
    <span class=sf-dump-index>1911</span> => {<a class=sf-dump-ref>#3673</a> &#8230;4}
    <span class=sf-dump-index>1912</span> => {<a class=sf-dump-ref>#3674</a> &#8230;4}
    <span class=sf-dump-index>1913</span> => {<a class=sf-dump-ref>#3675</a> &#8230;4}
    <span class=sf-dump-index>1914</span> => {<a class=sf-dump-ref>#3676</a> &#8230;4}
    <span class=sf-dump-index>1915</span> => {<a class=sf-dump-ref>#3677</a> &#8230;4}
    <span class=sf-dump-index>1916</span> => {<a class=sf-dump-ref>#3678</a> &#8230;4}
    <span class=sf-dump-index>1917</span> => {<a class=sf-dump-ref>#3679</a> &#8230;4}
    <span class=sf-dump-index>1918</span> => {<a class=sf-dump-ref>#3680</a> &#8230;4}
    <span class=sf-dump-index>1919</span> => {<a class=sf-dump-ref>#3681</a> &#8230;4}
    <span class=sf-dump-index>1920</span> => {<a class=sf-dump-ref>#3682</a> &#8230;4}
    <span class=sf-dump-index>1921</span> => {<a class=sf-dump-ref>#3683</a> &#8230;4}
    <span class=sf-dump-index>1922</span> => {<a class=sf-dump-ref>#3684</a> &#8230;4}
    <span class=sf-dump-index>1923</span> => {<a class=sf-dump-ref>#3685</a> &#8230;4}
    <span class=sf-dump-index>1924</span> => {<a class=sf-dump-ref>#3686</a> &#8230;4}
    <span class=sf-dump-index>1925</span> => {<a class=sf-dump-ref>#3687</a> &#8230;4}
    <span class=sf-dump-index>1926</span> => {<a class=sf-dump-ref>#3688</a> &#8230;4}
    <span class=sf-dump-index>1927</span> => {<a class=sf-dump-ref>#3689</a> &#8230;4}
    <span class=sf-dump-index>1928</span> => {<a class=sf-dump-ref>#3690</a> &#8230;4}
    <span class=sf-dump-index>1929</span> => {<a class=sf-dump-ref>#3691</a> &#8230;4}
    <span class=sf-dump-index>1930</span> => {<a class=sf-dump-ref>#3692</a> &#8230;4}
    <span class=sf-dump-index>1931</span> => {<a class=sf-dump-ref>#3693</a> &#8230;4}
    <span class=sf-dump-index>1932</span> => {<a class=sf-dump-ref>#3694</a> &#8230;4}
    <span class=sf-dump-index>1933</span> => {<a class=sf-dump-ref>#3695</a> &#8230;4}
    <span class=sf-dump-index>1934</span> => {<a class=sf-dump-ref>#3696</a> &#8230;4}
    <span class=sf-dump-index>1935</span> => {<a class=sf-dump-ref>#3697</a> &#8230;4}
    <span class=sf-dump-index>1936</span> => {<a class=sf-dump-ref>#3698</a> &#8230;4}
    <span class=sf-dump-index>1937</span> => {<a class=sf-dump-ref>#3699</a> &#8230;4}
    <span class=sf-dump-index>1938</span> => {<a class=sf-dump-ref>#3700</a> &#8230;4}
    <span class=sf-dump-index>1939</span> => {<a class=sf-dump-ref>#3701</a> &#8230;4}
    <span class=sf-dump-index>1940</span> => {<a class=sf-dump-ref>#3702</a> &#8230;4}
    <span class=sf-dump-index>1941</span> => {<a class=sf-dump-ref>#3703</a> &#8230;4}
    <span class=sf-dump-index>1942</span> => {<a class=sf-dump-ref>#3704</a> &#8230;4}
    <span class=sf-dump-index>1943</span> => {<a class=sf-dump-ref>#3705</a> &#8230;4}
    <span class=sf-dump-index>1944</span> => {<a class=sf-dump-ref>#3706</a> &#8230;4}
    <span class=sf-dump-index>1945</span> => {<a class=sf-dump-ref>#3707</a> &#8230;4}
    <span class=sf-dump-index>1946</span> => {<a class=sf-dump-ref>#3708</a> &#8230;4}
    <span class=sf-dump-index>1947</span> => {<a class=sf-dump-ref>#3709</a> &#8230;4}
    <span class=sf-dump-index>1948</span> => {<a class=sf-dump-ref>#3710</a> &#8230;4}
    <span class=sf-dump-index>1949</span> => {<a class=sf-dump-ref>#3711</a> &#8230;4}
    <span class=sf-dump-index>1950</span> => {<a class=sf-dump-ref>#3712</a> &#8230;4}
    <span class=sf-dump-index>1951</span> => {<a class=sf-dump-ref>#3713</a> &#8230;4}
    <span class=sf-dump-index>1952</span> => {<a class=sf-dump-ref>#3714</a> &#8230;4}
    <span class=sf-dump-index>1953</span> => {<a class=sf-dump-ref>#3715</a> &#8230;4}
    <span class=sf-dump-index>1954</span> => {<a class=sf-dump-ref>#3716</a> &#8230;4}
    <span class=sf-dump-index>1955</span> => {<a class=sf-dump-ref>#3717</a> &#8230;4}
    <span class=sf-dump-index>1956</span> => {<a class=sf-dump-ref>#3718</a> &#8230;4}
    <span class=sf-dump-index>1957</span> => {<a class=sf-dump-ref>#3719</a> &#8230;4}
    <span class=sf-dump-index>1958</span> => {<a class=sf-dump-ref>#3720</a> &#8230;4}
    <span class=sf-dump-index>1959</span> => {<a class=sf-dump-ref>#3721</a> &#8230;4}
    <span class=sf-dump-index>1960</span> => {<a class=sf-dump-ref>#3722</a> &#8230;4}
    <span class=sf-dump-index>1961</span> => {<a class=sf-dump-ref>#3723</a> &#8230;4}
    <span class=sf-dump-index>1962</span> => {<a class=sf-dump-ref>#3724</a> &#8230;4}
    <span class=sf-dump-index>1963</span> => {<a class=sf-dump-ref>#3725</a> &#8230;4}
    <span class=sf-dump-index>1964</span> => {<a class=sf-dump-ref>#3726</a> &#8230;4}
    <span class=sf-dump-index>1965</span> => {<a class=sf-dump-ref>#3727</a> &#8230;4}
    <span class=sf-dump-index>1966</span> => {<a class=sf-dump-ref>#3728</a> &#8230;4}
    <span class=sf-dump-index>1967</span> => {<a class=sf-dump-ref>#3729</a> &#8230;4}
    <span class=sf-dump-index>1968</span> => {<a class=sf-dump-ref>#3730</a> &#8230;4}
    <span class=sf-dump-index>1969</span> => {<a class=sf-dump-ref>#3731</a> &#8230;4}
    <span class=sf-dump-index>1970</span> => {<a class=sf-dump-ref>#3732</a> &#8230;4}
    <span class=sf-dump-index>1971</span> => {<a class=sf-dump-ref>#3733</a> &#8230;4}
    <span class=sf-dump-index>1972</span> => {<a class=sf-dump-ref>#3734</a> &#8230;4}
    <span class=sf-dump-index>1973</span> => {<a class=sf-dump-ref>#3735</a> &#8230;4}
    <span class=sf-dump-index>1974</span> => {<a class=sf-dump-ref>#3736</a> &#8230;4}
    <span class=sf-dump-index>1975</span> => {<a class=sf-dump-ref>#3737</a> &#8230;4}
    <span class=sf-dump-index>1976</span> => {<a class=sf-dump-ref>#3738</a> &#8230;4}
    <span class=sf-dump-index>1977</span> => {<a class=sf-dump-ref>#3739</a> &#8230;4}
    <span class=sf-dump-index>1978</span> => {<a class=sf-dump-ref>#3740</a> &#8230;4}
    <span class=sf-dump-index>1979</span> => {<a class=sf-dump-ref>#3741</a> &#8230;4}
    <span class=sf-dump-index>1980</span> => {<a class=sf-dump-ref>#3742</a> &#8230;4}
    <span class=sf-dump-index>1981</span> => {<a class=sf-dump-ref>#3743</a> &#8230;4}
    <span class=sf-dump-index>1982</span> => {<a class=sf-dump-ref>#3744</a> &#8230;4}
    <span class=sf-dump-index>1983</span> => {<a class=sf-dump-ref>#3745</a> &#8230;4}
    <span class=sf-dump-index>1984</span> => {<a class=sf-dump-ref>#3746</a> &#8230;4}
    <span class=sf-dump-index>1985</span> => {<a class=sf-dump-ref>#3747</a> &#8230;4}
    <span class=sf-dump-index>1986</span> => {<a class=sf-dump-ref>#3748</a> &#8230;4}
    <span class=sf-dump-index>1987</span> => {<a class=sf-dump-ref>#3749</a> &#8230;4}
    <span class=sf-dump-index>1988</span> => {<a class=sf-dump-ref>#3750</a> &#8230;4}
    <span class=sf-dump-index>1989</span> => {<a class=sf-dump-ref>#3751</a> &#8230;4}
    <span class=sf-dump-index>1990</span> => {<a class=sf-dump-ref>#3752</a> &#8230;4}
    <span class=sf-dump-index>1991</span> => {<a class=sf-dump-ref>#3753</a> &#8230;4}
    <span class=sf-dump-index>1992</span> => {<a class=sf-dump-ref>#3754</a> &#8230;4}
    <span class=sf-dump-index>1993</span> => {<a class=sf-dump-ref>#3755</a> &#8230;4}
    <span class=sf-dump-index>1994</span> => {<a class=sf-dump-ref>#3756</a> &#8230;4}
    <span class=sf-dump-index>1995</span> => {<a class=sf-dump-ref>#3757</a> &#8230;4}
    <span class=sf-dump-index>1996</span> => {<a class=sf-dump-ref>#3758</a> &#8230;4}
    <span class=sf-dump-index>1997</span> => {<a class=sf-dump-ref>#3759</a> &#8230;4}
    <span class=sf-dump-index>1998</span> => {<a class=sf-dump-ref>#3760</a> &#8230;4}
    <span class=sf-dump-index>1999</span> => {<a class=sf-dump-ref>#3761</a> &#8230;4}
    <span class=sf-dump-index>2000</span> => {<a class=sf-dump-ref>#3762</a> &#8230;4}
    <span class=sf-dump-index>2001</span> => {<a class=sf-dump-ref>#3763</a> &#8230;4}
    <span class=sf-dump-index>2002</span> => {<a class=sf-dump-ref>#3764</a> &#8230;4}
    <span class=sf-dump-index>2003</span> => {<a class=sf-dump-ref>#3765</a> &#8230;4}
    <span class=sf-dump-index>2004</span> => {<a class=sf-dump-ref>#3766</a> &#8230;4}
    <span class=sf-dump-index>2005</span> => {<a class=sf-dump-ref>#3767</a> &#8230;4}
    <span class=sf-dump-index>2006</span> => {<a class=sf-dump-ref>#3768</a> &#8230;4}
    <span class=sf-dump-index>2007</span> => {<a class=sf-dump-ref>#3769</a> &#8230;4}
    <span class=sf-dump-index>2008</span> => {<a class=sf-dump-ref>#3770</a> &#8230;4}
    <span class=sf-dump-index>2009</span> => {<a class=sf-dump-ref>#3771</a> &#8230;4}
    <span class=sf-dump-index>2010</span> => {<a class=sf-dump-ref>#3772</a> &#8230;4}
    <span class=sf-dump-index>2011</span> => {<a class=sf-dump-ref>#3773</a> &#8230;4}
    <span class=sf-dump-index>2012</span> => {<a class=sf-dump-ref>#3774</a> &#8230;4}
    <span class=sf-dump-index>2013</span> => {<a class=sf-dump-ref>#3775</a> &#8230;4}
    <span class=sf-dump-index>2014</span> => {<a class=sf-dump-ref>#3776</a> &#8230;4}
    <span class=sf-dump-index>2015</span> => {<a class=sf-dump-ref>#3777</a> &#8230;4}
    <span class=sf-dump-index>2016</span> => {<a class=sf-dump-ref>#3778</a> &#8230;4}
    <span class=sf-dump-index>2017</span> => {<a class=sf-dump-ref>#3779</a> &#8230;4}
    <span class=sf-dump-index>2018</span> => {<a class=sf-dump-ref>#3780</a> &#8230;4}
    <span class=sf-dump-index>2019</span> => {<a class=sf-dump-ref>#3781</a> &#8230;4}
    <span class=sf-dump-index>2020</span> => {<a class=sf-dump-ref>#3782</a> &#8230;4}
    <span class=sf-dump-index>2021</span> => {<a class=sf-dump-ref>#3783</a> &#8230;4}
    <span class=sf-dump-index>2022</span> => {<a class=sf-dump-ref>#3784</a> &#8230;4}
    <span class=sf-dump-index>2023</span> => {<a class=sf-dump-ref>#3785</a> &#8230;4}
    <span class=sf-dump-index>2024</span> => {<a class=sf-dump-ref>#3786</a> &#8230;4}
    <span class=sf-dump-index>2025</span> => {<a class=sf-dump-ref>#3787</a> &#8230;4}
    <span class=sf-dump-index>2026</span> => {<a class=sf-dump-ref>#3788</a> &#8230;4}
    <span class=sf-dump-index>2027</span> => {<a class=sf-dump-ref>#3789</a> &#8230;4}
    <span class=sf-dump-index>2028</span> => {<a class=sf-dump-ref>#3790</a> &#8230;4}
    <span class=sf-dump-index>2029</span> => {<a class=sf-dump-ref>#3791</a> &#8230;4}
    <span class=sf-dump-index>2030</span> => {<a class=sf-dump-ref>#3792</a> &#8230;4}
    <span class=sf-dump-index>2031</span> => {<a class=sf-dump-ref>#3793</a> &#8230;4}
    <span class=sf-dump-index>2032</span> => {<a class=sf-dump-ref>#3794</a> &#8230;4}
    <span class=sf-dump-index>2033</span> => {<a class=sf-dump-ref>#3795</a> &#8230;4}
    <span class=sf-dump-index>2034</span> => {<a class=sf-dump-ref>#3796</a> &#8230;4}
    <span class=sf-dump-index>2035</span> => {<a class=sf-dump-ref>#3797</a> &#8230;4}
    <span class=sf-dump-index>2036</span> => {<a class=sf-dump-ref>#3798</a> &#8230;4}
    <span class=sf-dump-index>2037</span> => {<a class=sf-dump-ref>#3799</a> &#8230;4}
    <span class=sf-dump-index>2038</span> => {<a class=sf-dump-ref>#3800</a> &#8230;4}
    <span class=sf-dump-index>2039</span> => {<a class=sf-dump-ref>#3801</a> &#8230;4}
    <span class=sf-dump-index>2040</span> => {<a class=sf-dump-ref>#3802</a> &#8230;4}
    <span class=sf-dump-index>2041</span> => {<a class=sf-dump-ref>#3803</a> &#8230;4}
    <span class=sf-dump-index>2042</span> => {<a class=sf-dump-ref>#3804</a> &#8230;4}
    <span class=sf-dump-index>2043</span> => {<a class=sf-dump-ref>#3805</a> &#8230;4}
    <span class=sf-dump-index>2044</span> => {<a class=sf-dump-ref>#3806</a> &#8230;4}
    <span class=sf-dump-index>2045</span> => {<a class=sf-dump-ref>#3807</a> &#8230;4}
    <span class=sf-dump-index>2046</span> => {<a class=sf-dump-ref>#3808</a> &#8230;4}
    <span class=sf-dump-index>2047</span> => {<a class=sf-dump-ref>#3809</a> &#8230;4}
    <span class=sf-dump-index>2048</span> => {<a class=sf-dump-ref>#3810</a> &#8230;4}
    <span class=sf-dump-index>2049</span> => {<a class=sf-dump-ref>#3811</a> &#8230;4}
    <span class=sf-dump-index>2050</span> => {<a class=sf-dump-ref>#3812</a> &#8230;4}
    <span class=sf-dump-index>2051</span> => {<a class=sf-dump-ref>#3813</a> &#8230;4}
    <span class=sf-dump-index>2052</span> => {<a class=sf-dump-ref>#3814</a> &#8230;4}
    <span class=sf-dump-index>2053</span> => {<a class=sf-dump-ref>#3815</a> &#8230;4}
    <span class=sf-dump-index>2054</span> => {<a class=sf-dump-ref>#3816</a> &#8230;4}
    <span class=sf-dump-index>2055</span> => {<a class=sf-dump-ref>#3817</a> &#8230;4}
    <span class=sf-dump-index>2056</span> => {<a class=sf-dump-ref>#3818</a> &#8230;4}
    <span class=sf-dump-index>2057</span> => {<a class=sf-dump-ref>#3819</a> &#8230;4}
    <span class=sf-dump-index>2058</span> => {<a class=sf-dump-ref>#3820</a> &#8230;4}
    <span class=sf-dump-index>2059</span> => {<a class=sf-dump-ref>#3821</a> &#8230;4}
    <span class=sf-dump-index>2060</span> => {<a class=sf-dump-ref>#3822</a> &#8230;4}
    <span class=sf-dump-index>2061</span> => {<a class=sf-dump-ref>#3823</a> &#8230;4}
    <span class=sf-dump-index>2062</span> => {<a class=sf-dump-ref>#3824</a> &#8230;4}
    <span class=sf-dump-index>2063</span> => {<a class=sf-dump-ref>#3825</a> &#8230;4}
    <span class=sf-dump-index>2064</span> => {<a class=sf-dump-ref>#3826</a> &#8230;4}
    <span class=sf-dump-index>2065</span> => {<a class=sf-dump-ref>#3827</a> &#8230;4}
    <span class=sf-dump-index>2066</span> => {<a class=sf-dump-ref>#3828</a> &#8230;4}
    <span class=sf-dump-index>2067</span> => {<a class=sf-dump-ref>#3829</a> &#8230;4}
    <span class=sf-dump-index>2068</span> => {<a class=sf-dump-ref>#3830</a> &#8230;4}
    <span class=sf-dump-index>2069</span> => {<a class=sf-dump-ref>#3831</a> &#8230;4}
    <span class=sf-dump-index>2070</span> => {<a class=sf-dump-ref>#3832</a> &#8230;4}
    <span class=sf-dump-index>2071</span> => {<a class=sf-dump-ref>#3833</a> &#8230;4}
    <span class=sf-dump-index>2072</span> => {<a class=sf-dump-ref>#3834</a> &#8230;4}
    <span class=sf-dump-index>2073</span> => {<a class=sf-dump-ref>#3835</a> &#8230;4}
    <span class=sf-dump-index>2074</span> => {<a class=sf-dump-ref>#3836</a> &#8230;4}
    <span class=sf-dump-index>2075</span> => {<a class=sf-dump-ref>#3837</a> &#8230;4}
    <span class=sf-dump-index>2076</span> => {<a class=sf-dump-ref>#3838</a> &#8230;4}
    <span class=sf-dump-index>2077</span> => {<a class=sf-dump-ref>#3839</a> &#8230;4}
    <span class=sf-dump-index>2078</span> => {<a class=sf-dump-ref>#3840</a> &#8230;4}
    <span class=sf-dump-index>2079</span> => {<a class=sf-dump-ref>#3841</a> &#8230;4}
    <span class=sf-dump-index>2080</span> => {<a class=sf-dump-ref>#3842</a> &#8230;4}
    <span class=sf-dump-index>2081</span> => {<a class=sf-dump-ref>#3843</a> &#8230;4}
    <span class=sf-dump-index>2082</span> => {<a class=sf-dump-ref>#3844</a> &#8230;4}
    <span class=sf-dump-index>2083</span> => {<a class=sf-dump-ref>#3845</a> &#8230;4}
    <span class=sf-dump-index>2084</span> => {<a class=sf-dump-ref>#3846</a> &#8230;4}
    <span class=sf-dump-index>2085</span> => {<a class=sf-dump-ref>#3847</a> &#8230;4}
    <span class=sf-dump-index>2086</span> => {<a class=sf-dump-ref>#3848</a> &#8230;4}
    <span class=sf-dump-index>2087</span> => {<a class=sf-dump-ref>#3849</a> &#8230;4}
    <span class=sf-dump-index>2088</span> => {<a class=sf-dump-ref>#3850</a> &#8230;4}
    <span class=sf-dump-index>2089</span> => {<a class=sf-dump-ref>#3851</a> &#8230;4}
    <span class=sf-dump-index>2090</span> => {<a class=sf-dump-ref>#3852</a> &#8230;4}
    <span class=sf-dump-index>2091</span> => {<a class=sf-dump-ref>#3853</a> &#8230;4}
    <span class=sf-dump-index>2092</span> => {<a class=sf-dump-ref>#3854</a> &#8230;4}
    <span class=sf-dump-index>2093</span> => {<a class=sf-dump-ref>#3855</a> &#8230;4}
    <span class=sf-dump-index>2094</span> => {<a class=sf-dump-ref>#3856</a> &#8230;4}
    <span class=sf-dump-index>2095</span> => {<a class=sf-dump-ref>#3857</a> &#8230;4}
    <span class=sf-dump-index>2096</span> => {<a class=sf-dump-ref>#3858</a> &#8230;4}
    <span class=sf-dump-index>2097</span> => {<a class=sf-dump-ref>#3859</a> &#8230;4}
    <span class=sf-dump-index>2098</span> => {<a class=sf-dump-ref>#3860</a> &#8230;4}
    <span class=sf-dump-index>2099</span> => {<a class=sf-dump-ref>#3861</a> &#8230;4}
    <span class=sf-dump-index>2100</span> => {<a class=sf-dump-ref>#3862</a> &#8230;4}
    <span class=sf-dump-index>2101</span> => {<a class=sf-dump-ref>#3863</a> &#8230;4}
    <span class=sf-dump-index>2102</span> => {<a class=sf-dump-ref>#3864</a> &#8230;4}
    <span class=sf-dump-index>2103</span> => {<a class=sf-dump-ref>#3865</a> &#8230;4}
    <span class=sf-dump-index>2104</span> => {<a class=sf-dump-ref>#3866</a> &#8230;4}
    <span class=sf-dump-index>2105</span> => {<a class=sf-dump-ref>#3867</a> &#8230;4}
    <span class=sf-dump-index>2106</span> => {<a class=sf-dump-ref>#3868</a> &#8230;4}
    <span class=sf-dump-index>2107</span> => {<a class=sf-dump-ref>#3869</a> &#8230;4}
    <span class=sf-dump-index>2108</span> => {<a class=sf-dump-ref>#3870</a> &#8230;4}
    <span class=sf-dump-index>2109</span> => {<a class=sf-dump-ref>#3871</a> &#8230;4}
    <span class=sf-dump-index>2110</span> => {<a class=sf-dump-ref>#3872</a> &#8230;4}
    <span class=sf-dump-index>2111</span> => {<a class=sf-dump-ref>#3873</a> &#8230;4}
    <span class=sf-dump-index>2112</span> => {<a class=sf-dump-ref>#3874</a> &#8230;4}
    <span class=sf-dump-index>2113</span> => {<a class=sf-dump-ref>#3875</a> &#8230;4}
    <span class=sf-dump-index>2114</span> => {<a class=sf-dump-ref>#3876</a> &#8230;4}
    <span class=sf-dump-index>2115</span> => {<a class=sf-dump-ref>#3877</a> &#8230;4}
    <span class=sf-dump-index>2116</span> => {<a class=sf-dump-ref>#3878</a> &#8230;4}
    <span class=sf-dump-index>2117</span> => {<a class=sf-dump-ref>#3879</a> &#8230;4}
    <span class=sf-dump-index>2118</span> => {<a class=sf-dump-ref>#3880</a> &#8230;4}
    <span class=sf-dump-index>2119</span> => {<a class=sf-dump-ref>#3881</a> &#8230;4}
    <span class=sf-dump-index>2120</span> => {<a class=sf-dump-ref>#3882</a> &#8230;4}
    <span class=sf-dump-index>2121</span> => {<a class=sf-dump-ref>#3883</a> &#8230;4}
    <span class=sf-dump-index>2122</span> => {<a class=sf-dump-ref>#3884</a> &#8230;4}
    <span class=sf-dump-index>2123</span> => {<a class=sf-dump-ref>#3885</a> &#8230;4}
    <span class=sf-dump-index>2124</span> => {<a class=sf-dump-ref>#3886</a> &#8230;4}
    <span class=sf-dump-index>2125</span> => {<a class=sf-dump-ref>#3887</a> &#8230;4}
    <span class=sf-dump-index>2126</span> => {<a class=sf-dump-ref>#3888</a> &#8230;4}
    <span class=sf-dump-index>2127</span> => {<a class=sf-dump-ref>#3889</a> &#8230;4}
    <span class=sf-dump-index>2128</span> => {<a class=sf-dump-ref>#3890</a> &#8230;4}
    <span class=sf-dump-index>2129</span> => {<a class=sf-dump-ref>#3891</a> &#8230;4}
    <span class=sf-dump-index>2130</span> => {<a class=sf-dump-ref>#3892</a> &#8230;4}
    <span class=sf-dump-index>2131</span> => {<a class=sf-dump-ref>#3893</a> &#8230;4}
    <span class=sf-dump-index>2132</span> => {<a class=sf-dump-ref>#3894</a> &#8230;4}
    <span class=sf-dump-index>2133</span> => {<a class=sf-dump-ref>#3895</a> &#8230;4}
    <span class=sf-dump-index>2134</span> => {<a class=sf-dump-ref>#3896</a> &#8230;4}
    <span class=sf-dump-index>2135</span> => {<a class=sf-dump-ref>#3897</a> &#8230;4}
    <span class=sf-dump-index>2136</span> => {<a class=sf-dump-ref>#3898</a> &#8230;4}
    <span class=sf-dump-index>2137</span> => {<a class=sf-dump-ref>#3899</a> &#8230;4}
    <span class=sf-dump-index>2138</span> => {<a class=sf-dump-ref>#3900</a> &#8230;4}
    <span class=sf-dump-index>2139</span> => {<a class=sf-dump-ref>#3901</a> &#8230;4}
    <span class=sf-dump-index>2140</span> => {<a class=sf-dump-ref>#3902</a> &#8230;4}
    <span class=sf-dump-index>2141</span> => {<a class=sf-dump-ref>#3903</a> &#8230;4}
    <span class=sf-dump-index>2142</span> => {<a class=sf-dump-ref>#3904</a> &#8230;4}
    <span class=sf-dump-index>2143</span> => {<a class=sf-dump-ref>#3905</a> &#8230;4}
    <span class=sf-dump-index>2144</span> => {<a class=sf-dump-ref>#3906</a> &#8230;4}
    <span class=sf-dump-index>2145</span> => {<a class=sf-dump-ref>#3907</a> &#8230;4}
    <span class=sf-dump-index>2146</span> => {<a class=sf-dump-ref>#3908</a> &#8230;4}
    <span class=sf-dump-index>2147</span> => {<a class=sf-dump-ref>#3909</a> &#8230;4}
    <span class=sf-dump-index>2148</span> => {<a class=sf-dump-ref>#3910</a> &#8230;4}
    <span class=sf-dump-index>2149</span> => {<a class=sf-dump-ref>#3911</a> &#8230;4}
    <span class=sf-dump-index>2150</span> => {<a class=sf-dump-ref>#3912</a> &#8230;4}
    <span class=sf-dump-index>2151</span> => {<a class=sf-dump-ref>#3913</a> &#8230;4}
    <span class=sf-dump-index>2152</span> => {<a class=sf-dump-ref>#3914</a> &#8230;4}
    <span class=sf-dump-index>2153</span> => {<a class=sf-dump-ref>#3915</a> &#8230;4}
    <span class=sf-dump-index>2154</span> => {<a class=sf-dump-ref>#3916</a> &#8230;4}
    <span class=sf-dump-index>2155</span> => {<a class=sf-dump-ref>#3917</a> &#8230;4}
    <span class=sf-dump-index>2156</span> => {<a class=sf-dump-ref>#3918</a> &#8230;4}
    <span class=sf-dump-index>2157</span> => {<a class=sf-dump-ref>#3919</a> &#8230;4}
    <span class=sf-dump-index>2158</span> => {<a class=sf-dump-ref>#3920</a> &#8230;4}
    <span class=sf-dump-index>2159</span> => {<a class=sf-dump-ref>#3921</a> &#8230;4}
    <span class=sf-dump-index>2160</span> => {<a class=sf-dump-ref>#3922</a> &#8230;4}
    <span class=sf-dump-index>2161</span> => {<a class=sf-dump-ref>#3923</a> &#8230;4}
    <span class=sf-dump-index>2162</span> => {<a class=sf-dump-ref>#3924</a> &#8230;4}
    <span class=sf-dump-index>2163</span> => {<a class=sf-dump-ref>#3925</a> &#8230;4}
    <span class=sf-dump-index>2164</span> => {<a class=sf-dump-ref>#3926</a> &#8230;4}
    <span class=sf-dump-index>2165</span> => {<a class=sf-dump-ref>#3927</a> &#8230;4}
    <span class=sf-dump-index>2166</span> => {<a class=sf-dump-ref>#3928</a> &#8230;4}
    <span class=sf-dump-index>2167</span> => {<a class=sf-dump-ref>#3929</a> &#8230;4}
    <span class=sf-dump-index>2168</span> => {<a class=sf-dump-ref>#3930</a> &#8230;4}
    <span class=sf-dump-index>2169</span> => {<a class=sf-dump-ref>#3931</a> &#8230;4}
    <span class=sf-dump-index>2170</span> => {<a class=sf-dump-ref>#3932</a> &#8230;4}
    <span class=sf-dump-index>2171</span> => {<a class=sf-dump-ref>#3933</a> &#8230;4}
    <span class=sf-dump-index>2172</span> => {<a class=sf-dump-ref>#3934</a> &#8230;4}
    <span class=sf-dump-index>2173</span> => {<a class=sf-dump-ref>#3935</a> &#8230;4}
    <span class=sf-dump-index>2174</span> => {<a class=sf-dump-ref>#3936</a> &#8230;4}
    <span class=sf-dump-index>2175</span> => {<a class=sf-dump-ref>#3937</a> &#8230;4}
    <span class=sf-dump-index>2176</span> => {<a class=sf-dump-ref>#3938</a> &#8230;4}
    <span class=sf-dump-index>2177</span> => {<a class=sf-dump-ref>#3939</a> &#8230;4}
    <span class=sf-dump-index>2178</span> => {<a class=sf-dump-ref>#3940</a> &#8230;4}
    <span class=sf-dump-index>2179</span> => {<a class=sf-dump-ref>#3941</a> &#8230;4}
    <span class=sf-dump-index>2180</span> => {<a class=sf-dump-ref>#3942</a> &#8230;4}
    <span class=sf-dump-index>2181</span> => {<a class=sf-dump-ref>#3943</a> &#8230;4}
    <span class=sf-dump-index>2182</span> => {<a class=sf-dump-ref>#3944</a> &#8230;4}
    <span class=sf-dump-index>2183</span> => {<a class=sf-dump-ref>#3945</a> &#8230;4}
    <span class=sf-dump-index>2184</span> => {<a class=sf-dump-ref>#3946</a> &#8230;4}
    <span class=sf-dump-index>2185</span> => {<a class=sf-dump-ref>#3947</a> &#8230;4}
    <span class=sf-dump-index>2186</span> => {<a class=sf-dump-ref>#3948</a> &#8230;4}
    <span class=sf-dump-index>2187</span> => {<a class=sf-dump-ref>#3949</a> &#8230;4}
    <span class=sf-dump-index>2188</span> => {<a class=sf-dump-ref>#3950</a> &#8230;4}
    <span class=sf-dump-index>2189</span> => {<a class=sf-dump-ref>#3951</a> &#8230;4}
    <span class=sf-dump-index>2190</span> => {<a class=sf-dump-ref>#3952</a> &#8230;4}
    <span class=sf-dump-index>2191</span> => {<a class=sf-dump-ref>#3953</a> &#8230;4}
    <span class=sf-dump-index>2192</span> => {<a class=sf-dump-ref>#3954</a> &#8230;4}
    <span class=sf-dump-index>2193</span> => {<a class=sf-dump-ref>#3955</a> &#8230;4}
    <span class=sf-dump-index>2194</span> => {<a class=sf-dump-ref>#3956</a> &#8230;4}
    <span class=sf-dump-index>2195</span> => {<a class=sf-dump-ref>#3957</a> &#8230;4}
    <span class=sf-dump-index>2196</span> => {<a class=sf-dump-ref>#3958</a> &#8230;4}
    <span class=sf-dump-index>2197</span> => {<a class=sf-dump-ref>#3959</a> &#8230;4}
    <span class=sf-dump-index>2198</span> => {<a class=sf-dump-ref>#3960</a> &#8230;4}
    <span class=sf-dump-index>2199</span> => {<a class=sf-dump-ref>#3961</a> &#8230;4}
    <span class=sf-dump-index>2200</span> => {<a class=sf-dump-ref>#3962</a> &#8230;4}
    <span class=sf-dump-index>2201</span> => {<a class=sf-dump-ref>#3963</a> &#8230;4}
    <span class=sf-dump-index>2202</span> => {<a class=sf-dump-ref>#3964</a> &#8230;4}
    <span class=sf-dump-index>2203</span> => {<a class=sf-dump-ref>#3965</a> &#8230;4}
    <span class=sf-dump-index>2204</span> => {<a class=sf-dump-ref>#3966</a> &#8230;4}
    <span class=sf-dump-index>2205</span> => {<a class=sf-dump-ref>#3967</a> &#8230;4}
    <span class=sf-dump-index>2206</span> => {<a class=sf-dump-ref>#3968</a> &#8230;4}
    <span class=sf-dump-index>2207</span> => {<a class=sf-dump-ref>#3969</a> &#8230;4}
    <span class=sf-dump-index>2208</span> => {<a class=sf-dump-ref>#3970</a> &#8230;4}
    <span class=sf-dump-index>2209</span> => {<a class=sf-dump-ref>#3971</a> &#8230;4}
    <span class=sf-dump-index>2210</span> => {<a class=sf-dump-ref>#3972</a> &#8230;4}
    <span class=sf-dump-index>2211</span> => {<a class=sf-dump-ref>#3973</a> &#8230;4}
    <span class=sf-dump-index>2212</span> => {<a class=sf-dump-ref>#3974</a> &#8230;4}
    <span class=sf-dump-index>2213</span> => {<a class=sf-dump-ref>#3975</a> &#8230;4}
    <span class=sf-dump-index>2214</span> => {<a class=sf-dump-ref>#3976</a> &#8230;4}
    <span class=sf-dump-index>2215</span> => {<a class=sf-dump-ref>#3977</a> &#8230;4}
    <span class=sf-dump-index>2216</span> => {<a class=sf-dump-ref>#3978</a> &#8230;4}
    <span class=sf-dump-index>2217</span> => {<a class=sf-dump-ref>#3979</a> &#8230;4}
    <span class=sf-dump-index>2218</span> => {<a class=sf-dump-ref>#3980</a> &#8230;4}
    <span class=sf-dump-index>2219</span> => {<a class=sf-dump-ref>#3981</a> &#8230;4}
    <span class=sf-dump-index>2220</span> => {<a class=sf-dump-ref>#3982</a> &#8230;4}
    <span class=sf-dump-index>2221</span> => {<a class=sf-dump-ref>#3983</a> &#8230;4}
    <span class=sf-dump-index>2222</span> => {<a class=sf-dump-ref>#3984</a> &#8230;4}
    <span class=sf-dump-index>2223</span> => {<a class=sf-dump-ref>#3985</a> &#8230;4}
    <span class=sf-dump-index>2224</span> => {<a class=sf-dump-ref>#3986</a> &#8230;4}
    <span class=sf-dump-index>2225</span> => {<a class=sf-dump-ref>#3987</a> &#8230;4}
    <span class=sf-dump-index>2226</span> => {<a class=sf-dump-ref>#3988</a> &#8230;4}
    <span class=sf-dump-index>2227</span> => {<a class=sf-dump-ref>#3989</a> &#8230;4}
    <span class=sf-dump-index>2228</span> => {<a class=sf-dump-ref>#3990</a> &#8230;4}
    <span class=sf-dump-index>2229</span> => {<a class=sf-dump-ref>#3991</a> &#8230;4}
    <span class=sf-dump-index>2230</span> => {<a class=sf-dump-ref>#3992</a> &#8230;4}
    <span class=sf-dump-index>2231</span> => {<a class=sf-dump-ref>#3993</a> &#8230;4}
    <span class=sf-dump-index>2232</span> => {<a class=sf-dump-ref>#3994</a> &#8230;4}
    <span class=sf-dump-index>2233</span> => {<a class=sf-dump-ref>#3995</a> &#8230;4}
    <span class=sf-dump-index>2234</span> => {<a class=sf-dump-ref>#3996</a> &#8230;4}
    <span class=sf-dump-index>2235</span> => {<a class=sf-dump-ref>#3997</a> &#8230;4}
    <span class=sf-dump-index>2236</span> => {<a class=sf-dump-ref>#3998</a> &#8230;4}
    <span class=sf-dump-index>2237</span> => {<a class=sf-dump-ref>#3999</a> &#8230;4}
    <span class=sf-dump-index>2238</span> => {<a class=sf-dump-ref>#4000</a> &#8230;4}
    <span class=sf-dump-index>2239</span> => {<a class=sf-dump-ref>#4001</a> &#8230;4}
    <span class=sf-dump-index>2240</span> => {<a class=sf-dump-ref>#4002</a> &#8230;4}
    <span class=sf-dump-index>2241</span> => {<a class=sf-dump-ref>#4003</a> &#8230;4}
    <span class=sf-dump-index>2242</span> => {<a class=sf-dump-ref>#4004</a> &#8230;4}
    <span class=sf-dump-index>2243</span> => {<a class=sf-dump-ref>#4005</a> &#8230;4}
    <span class=sf-dump-index>2244</span> => {<a class=sf-dump-ref>#4006</a> &#8230;4}
    <span class=sf-dump-index>2245</span> => {<a class=sf-dump-ref>#4007</a> &#8230;4}
    <span class=sf-dump-index>2246</span> => {<a class=sf-dump-ref>#4008</a> &#8230;4}
    <span class=sf-dump-index>2247</span> => {<a class=sf-dump-ref>#4009</a> &#8230;4}
    <span class=sf-dump-index>2248</span> => {<a class=sf-dump-ref>#4010</a> &#8230;4}
    <span class=sf-dump-index>2249</span> => {<a class=sf-dump-ref>#4011</a> &#8230;4}
    <span class=sf-dump-index>2250</span> => {<a class=sf-dump-ref>#4012</a> &#8230;4}
    <span class=sf-dump-index>2251</span> => {<a class=sf-dump-ref>#4013</a> &#8230;4}
    <span class=sf-dump-index>2252</span> => {<a class=sf-dump-ref>#4014</a> &#8230;4}
    <span class=sf-dump-index>2253</span> => {<a class=sf-dump-ref>#4015</a> &#8230;4}
    <span class=sf-dump-index>2254</span> => {<a class=sf-dump-ref>#4016</a> &#8230;4}
    <span class=sf-dump-index>2255</span> => {<a class=sf-dump-ref>#4017</a> &#8230;4}
    <span class=sf-dump-index>2256</span> => {<a class=sf-dump-ref>#4018</a> &#8230;4}
    <span class=sf-dump-index>2257</span> => {<a class=sf-dump-ref>#4019</a> &#8230;4}
    <span class=sf-dump-index>2258</span> => {<a class=sf-dump-ref>#4020</a> &#8230;4}
    <span class=sf-dump-index>2259</span> => {<a class=sf-dump-ref>#4021</a> &#8230;4}
    <span class=sf-dump-index>2260</span> => {<a class=sf-dump-ref>#4022</a> &#8230;4}
    <span class=sf-dump-index>2261</span> => {<a class=sf-dump-ref>#4023</a> &#8230;4}
    <span class=sf-dump-index>2262</span> => {<a class=sf-dump-ref>#4024</a> &#8230;4}
    <span class=sf-dump-index>2263</span> => {<a class=sf-dump-ref>#4025</a> &#8230;4}
    <span class=sf-dump-index>2264</span> => {<a class=sf-dump-ref>#4026</a> &#8230;4}
    <span class=sf-dump-index>2265</span> => {<a class=sf-dump-ref>#4027</a> &#8230;4}
    <span class=sf-dump-index>2266</span> => {<a class=sf-dump-ref>#4028</a> &#8230;4}
    <span class=sf-dump-index>2267</span> => {<a class=sf-dump-ref>#4029</a> &#8230;4}
    <span class=sf-dump-index>2268</span> => {<a class=sf-dump-ref>#4030</a> &#8230;4}
    <span class=sf-dump-index>2269</span> => {<a class=sf-dump-ref>#4031</a> &#8230;4}
    <span class=sf-dump-index>2270</span> => {<a class=sf-dump-ref>#4032</a> &#8230;4}
    <span class=sf-dump-index>2271</span> => {<a class=sf-dump-ref>#4033</a> &#8230;4}
    <span class=sf-dump-index>2272</span> => {<a class=sf-dump-ref>#4034</a> &#8230;4}
    <span class=sf-dump-index>2273</span> => {<a class=sf-dump-ref>#4035</a> &#8230;4}
    <span class=sf-dump-index>2274</span> => {<a class=sf-dump-ref>#4036</a> &#8230;4}
    <span class=sf-dump-index>2275</span> => {<a class=sf-dump-ref>#4037</a> &#8230;4}
    <span class=sf-dump-index>2276</span> => {<a class=sf-dump-ref>#4038</a> &#8230;4}
    <span class=sf-dump-index>2277</span> => {<a class=sf-dump-ref>#4039</a> &#8230;4}
    <span class=sf-dump-index>2278</span> => {<a class=sf-dump-ref>#4040</a> &#8230;4}
    <span class=sf-dump-index>2279</span> => {<a class=sf-dump-ref>#4041</a> &#8230;4}
    <span class=sf-dump-index>2280</span> => {<a class=sf-dump-ref>#4042</a> &#8230;4}
    <span class=sf-dump-index>2281</span> => {<a class=sf-dump-ref>#4043</a> &#8230;4}
    <span class=sf-dump-index>2282</span> => {<a class=sf-dump-ref>#4044</a> &#8230;4}
    <span class=sf-dump-index>2283</span> => {<a class=sf-dump-ref>#4045</a> &#8230;4}
    <span class=sf-dump-index>2284</span> => {<a class=sf-dump-ref>#4046</a> &#8230;4}
    <span class=sf-dump-index>2285</span> => {<a class=sf-dump-ref>#4047</a> &#8230;4}
    <span class=sf-dump-index>2286</span> => {<a class=sf-dump-ref>#4048</a> &#8230;4}
    <span class=sf-dump-index>2287</span> => {<a class=sf-dump-ref>#4049</a> &#8230;4}
    <span class=sf-dump-index>2288</span> => {<a class=sf-dump-ref>#4050</a> &#8230;4}
    <span class=sf-dump-index>2289</span> => {<a class=sf-dump-ref>#4051</a> &#8230;4}
    <span class=sf-dump-index>2290</span> => {<a class=sf-dump-ref>#4052</a> &#8230;4}
    <span class=sf-dump-index>2291</span> => {<a class=sf-dump-ref>#4053</a> &#8230;4}
    <span class=sf-dump-index>2292</span> => {<a class=sf-dump-ref>#4054</a> &#8230;4}
    <span class=sf-dump-index>2293</span> => {<a class=sf-dump-ref>#4055</a> &#8230;4}
    <span class=sf-dump-index>2294</span> => {<a class=sf-dump-ref>#4056</a> &#8230;4}
    <span class=sf-dump-index>2295</span> => {<a class=sf-dump-ref>#4057</a> &#8230;4}
    <span class=sf-dump-index>2296</span> => {<a class=sf-dump-ref>#4058</a> &#8230;4}
    <span class=sf-dump-index>2297</span> => {<a class=sf-dump-ref>#4059</a> &#8230;4}
    <span class=sf-dump-index>2298</span> => {<a class=sf-dump-ref>#4060</a> &#8230;4}
    <span class=sf-dump-index>2299</span> => {<a class=sf-dump-ref>#4061</a> &#8230;4}
    <span class=sf-dump-index>2300</span> => {<a class=sf-dump-ref>#4062</a> &#8230;4}
    <span class=sf-dump-index>2301</span> => {<a class=sf-dump-ref>#4063</a> &#8230;4}
    <span class=sf-dump-index>2302</span> => {<a class=sf-dump-ref>#4064</a> &#8230;4}
    <span class=sf-dump-index>2303</span> => {<a class=sf-dump-ref>#4065</a> &#8230;4}
    <span class=sf-dump-index>2304</span> => {<a class=sf-dump-ref>#4066</a> &#8230;4}
    <span class=sf-dump-index>2305</span> => {<a class=sf-dump-ref>#4067</a> &#8230;4}
    <span class=sf-dump-index>2306</span> => {<a class=sf-dump-ref>#4068</a> &#8230;4}
    <span class=sf-dump-index>2307</span> => {<a class=sf-dump-ref>#4069</a> &#8230;4}
    <span class=sf-dump-index>2308</span> => {<a class=sf-dump-ref>#4070</a> &#8230;4}
    <span class=sf-dump-index>2309</span> => {<a class=sf-dump-ref>#4071</a> &#8230;4}
    <span class=sf-dump-index>2310</span> => {<a class=sf-dump-ref>#4072</a> &#8230;4}
    <span class=sf-dump-index>2311</span> => {<a class=sf-dump-ref>#4073</a> &#8230;4}
    <span class=sf-dump-index>2312</span> => {<a class=sf-dump-ref>#4074</a> &#8230;4}
    <span class=sf-dump-index>2313</span> => {<a class=sf-dump-ref>#4075</a> &#8230;4}
    <span class=sf-dump-index>2314</span> => {<a class=sf-dump-ref>#4076</a> &#8230;4}
    <span class=sf-dump-index>2315</span> => {<a class=sf-dump-ref>#4077</a> &#8230;4}
    <span class=sf-dump-index>2316</span> => {<a class=sf-dump-ref>#4078</a> &#8230;4}
    <span class=sf-dump-index>2317</span> => {<a class=sf-dump-ref>#4079</a> &#8230;4}
    <span class=sf-dump-index>2318</span> => {<a class=sf-dump-ref>#4080</a> &#8230;4}
    <span class=sf-dump-index>2319</span> => {<a class=sf-dump-ref>#4081</a> &#8230;4}
    <span class=sf-dump-index>2320</span> => {<a class=sf-dump-ref>#4082</a> &#8230;4}
    <span class=sf-dump-index>2321</span> => {<a class=sf-dump-ref>#4083</a> &#8230;4}
    <span class=sf-dump-index>2322</span> => {<a class=sf-dump-ref>#4084</a> &#8230;4}
    <span class=sf-dump-index>2323</span> => {<a class=sf-dump-ref>#4085</a> &#8230;4}
    <span class=sf-dump-index>2324</span> => {<a class=sf-dump-ref>#4086</a> &#8230;4}
    <span class=sf-dump-index>2325</span> => {<a class=sf-dump-ref>#4087</a> &#8230;4}
    <span class=sf-dump-index>2326</span> => {<a class=sf-dump-ref>#4088</a> &#8230;4}
    <span class=sf-dump-index>2327</span> => {<a class=sf-dump-ref>#4089</a> &#8230;4}
    <span class=sf-dump-index>2328</span> => {<a class=sf-dump-ref>#4090</a> &#8230;4}
    <span class=sf-dump-index>2329</span> => {<a class=sf-dump-ref>#4091</a> &#8230;4}
    <span class=sf-dump-index>2330</span> => {<a class=sf-dump-ref>#4092</a> &#8230;4}
    <span class=sf-dump-index>2331</span> => {<a class=sf-dump-ref>#4093</a> &#8230;4}
    <span class=sf-dump-index>2332</span> => {<a class=sf-dump-ref>#4094</a> &#8230;4}
    <span class=sf-dump-index>2333</span> => {<a class=sf-dump-ref>#4095</a> &#8230;4}
    <span class=sf-dump-index>2334</span> => {<a class=sf-dump-ref>#4096</a> &#8230;4}
    <span class=sf-dump-index>2335</span> => {<a class=sf-dump-ref>#4097</a> &#8230;4}
    <span class=sf-dump-index>2336</span> => {<a class=sf-dump-ref>#4098</a> &#8230;4}
    <span class=sf-dump-index>2337</span> => {<a class=sf-dump-ref>#4099</a> &#8230;4}
    <span class=sf-dump-index>2338</span> => {<a class=sf-dump-ref>#4100</a> &#8230;4}
    <span class=sf-dump-index>2339</span> => {<a class=sf-dump-ref>#4101</a> &#8230;4}
    <span class=sf-dump-index>2340</span> => {<a class=sf-dump-ref>#4102</a> &#8230;4}
    <span class=sf-dump-index>2341</span> => {<a class=sf-dump-ref>#4103</a> &#8230;4}
    <span class=sf-dump-index>2342</span> => {<a class=sf-dump-ref>#4104</a> &#8230;4}
    <span class=sf-dump-index>2343</span> => {<a class=sf-dump-ref>#4105</a> &#8230;4}
    <span class=sf-dump-index>2344</span> => {<a class=sf-dump-ref>#4106</a> &#8230;4}
    <span class=sf-dump-index>2345</span> => {<a class=sf-dump-ref>#4107</a> &#8230;4}
    <span class=sf-dump-index>2346</span> => {<a class=sf-dump-ref>#4108</a> &#8230;4}
    <span class=sf-dump-index>2347</span> => {<a class=sf-dump-ref>#4109</a> &#8230;4}
    <span class=sf-dump-index>2348</span> => {<a class=sf-dump-ref>#4110</a> &#8230;4}
    <span class=sf-dump-index>2349</span> => {<a class=sf-dump-ref>#4111</a> &#8230;4}
    <span class=sf-dump-index>2350</span> => {<a class=sf-dump-ref>#4112</a> &#8230;4}
    <span class=sf-dump-index>2351</span> => {<a class=sf-dump-ref>#4113</a> &#8230;4}
    <span class=sf-dump-index>2352</span> => {<a class=sf-dump-ref>#4114</a> &#8230;4}
    <span class=sf-dump-index>2353</span> => {<a class=sf-dump-ref>#4115</a> &#8230;4}
    <span class=sf-dump-index>2354</span> => {<a class=sf-dump-ref>#4116</a> &#8230;4}
    <span class=sf-dump-index>2355</span> => {<a class=sf-dump-ref>#4117</a> &#8230;4}
    <span class=sf-dump-index>2356</span> => {<a class=sf-dump-ref>#4118</a> &#8230;4}
    <span class=sf-dump-index>2357</span> => {<a class=sf-dump-ref>#4119</a> &#8230;4}
    <span class=sf-dump-index>2358</span> => {<a class=sf-dump-ref>#4120</a> &#8230;4}
    <span class=sf-dump-index>2359</span> => {<a class=sf-dump-ref>#4121</a> &#8230;4}
    <span class=sf-dump-index>2360</span> => {<a class=sf-dump-ref>#4122</a> &#8230;4}
    <span class=sf-dump-index>2361</span> => {<a class=sf-dump-ref>#4123</a> &#8230;4}
    <span class=sf-dump-index>2362</span> => {<a class=sf-dump-ref>#4124</a> &#8230;4}
    <span class=sf-dump-index>2363</span> => {<a class=sf-dump-ref>#4125</a> &#8230;4}
    <span class=sf-dump-index>2364</span> => {<a class=sf-dump-ref>#4126</a> &#8230;4}
    <span class=sf-dump-index>2365</span> => {<a class=sf-dump-ref>#4127</a> &#8230;4}
    <span class=sf-dump-index>2366</span> => {<a class=sf-dump-ref>#4128</a> &#8230;4}
    <span class=sf-dump-index>2367</span> => {<a class=sf-dump-ref>#4129</a> &#8230;4}
    <span class=sf-dump-index>2368</span> => {<a class=sf-dump-ref>#4130</a> &#8230;4}
    <span class=sf-dump-index>2369</span> => {<a class=sf-dump-ref>#4131</a> &#8230;4}
    <span class=sf-dump-index>2370</span> => {<a class=sf-dump-ref>#4132</a> &#8230;4}
    <span class=sf-dump-index>2371</span> => {<a class=sf-dump-ref>#4133</a> &#8230;4}
    <span class=sf-dump-index>2372</span> => {<a class=sf-dump-ref>#4134</a> &#8230;4}
    <span class=sf-dump-index>2373</span> => {<a class=sf-dump-ref>#4135</a> &#8230;4}
    <span class=sf-dump-index>2374</span> => {<a class=sf-dump-ref>#4136</a> &#8230;4}
    <span class=sf-dump-index>2375</span> => {<a class=sf-dump-ref>#4137</a> &#8230;4}
    <span class=sf-dump-index>2376</span> => {<a class=sf-dump-ref>#4138</a> &#8230;4}
    <span class=sf-dump-index>2377</span> => {<a class=sf-dump-ref>#4139</a> &#8230;4}
    <span class=sf-dump-index>2378</span> => {<a class=sf-dump-ref>#4140</a> &#8230;4}
    <span class=sf-dump-index>2379</span> => {<a class=sf-dump-ref>#4141</a> &#8230;4}
    <span class=sf-dump-index>2380</span> => {<a class=sf-dump-ref>#4142</a> &#8230;4}
    <span class=sf-dump-index>2381</span> => {<a class=sf-dump-ref>#4143</a> &#8230;4}
    <span class=sf-dump-index>2382</span> => {<a class=sf-dump-ref>#4144</a> &#8230;4}
    <span class=sf-dump-index>2383</span> => {<a class=sf-dump-ref>#4145</a> &#8230;4}
    <span class=sf-dump-index>2384</span> => {<a class=sf-dump-ref>#4146</a> &#8230;4}
    <span class=sf-dump-index>2385</span> => {<a class=sf-dump-ref>#4147</a> &#8230;4}
    <span class=sf-dump-index>2386</span> => {<a class=sf-dump-ref>#4148</a> &#8230;4}
    <span class=sf-dump-index>2387</span> => {<a class=sf-dump-ref>#4149</a> &#8230;4}
    <span class=sf-dump-index>2388</span> => {<a class=sf-dump-ref>#4150</a> &#8230;4}
    <span class=sf-dump-index>2389</span> => {<a class=sf-dump-ref>#4151</a> &#8230;4}
    <span class=sf-dump-index>2390</span> => {<a class=sf-dump-ref>#4152</a> &#8230;4}
    <span class=sf-dump-index>2391</span> => {<a class=sf-dump-ref>#4153</a> &#8230;4}
    <span class=sf-dump-index>2392</span> => {<a class=sf-dump-ref>#4154</a> &#8230;4}
    <span class=sf-dump-index>2393</span> => {<a class=sf-dump-ref>#4155</a> &#8230;4}
    <span class=sf-dump-index>2394</span> => {<a class=sf-dump-ref>#4156</a> &#8230;4}
    <span class=sf-dump-index>2395</span> => {<a class=sf-dump-ref>#4157</a> &#8230;4}
    <span class=sf-dump-index>2396</span> => {<a class=sf-dump-ref>#4158</a> &#8230;4}
    <span class=sf-dump-index>2397</span> => {<a class=sf-dump-ref>#4159</a> &#8230;4}
    <span class=sf-dump-index>2398</span> => {<a class=sf-dump-ref>#4160</a> &#8230;4}
    <span class=sf-dump-index>2399</span> => {<a class=sf-dump-ref>#4161</a> &#8230;4}
    <span class=sf-dump-index>2400</span> => {<a class=sf-dump-ref>#4162</a> &#8230;4}
    <span class=sf-dump-index>2401</span> => {<a class=sf-dump-ref>#4163</a> &#8230;4}
    <span class=sf-dump-index>2402</span> => {<a class=sf-dump-ref>#4164</a> &#8230;4}
    <span class=sf-dump-index>2403</span> => {<a class=sf-dump-ref>#4165</a> &#8230;4}
    <span class=sf-dump-index>2404</span> => {<a class=sf-dump-ref>#4166</a> &#8230;4}
    <span class=sf-dump-index>2405</span> => {<a class=sf-dump-ref>#4167</a> &#8230;4}
    <span class=sf-dump-index>2406</span> => {<a class=sf-dump-ref>#4168</a> &#8230;4}
    <span class=sf-dump-index>2407</span> => {<a class=sf-dump-ref>#4169</a> &#8230;4}
    <span class=sf-dump-index>2408</span> => {<a class=sf-dump-ref>#4170</a> &#8230;4}
    <span class=sf-dump-index>2409</span> => {<a class=sf-dump-ref>#4171</a> &#8230;4}
    <span class=sf-dump-index>2410</span> => {<a class=sf-dump-ref>#4172</a> &#8230;4}
    <span class=sf-dump-index>2411</span> => {<a class=sf-dump-ref>#4173</a> &#8230;4}
    <span class=sf-dump-index>2412</span> => {<a class=sf-dump-ref>#4174</a> &#8230;4}
    <span class=sf-dump-index>2413</span> => {<a class=sf-dump-ref>#4175</a> &#8230;4}
    <span class=sf-dump-index>2414</span> => {<a class=sf-dump-ref>#4176</a> &#8230;4}
    <span class=sf-dump-index>2415</span> => {<a class=sf-dump-ref>#4177</a> &#8230;4}
    <span class=sf-dump-index>2416</span> => {<a class=sf-dump-ref>#4178</a> &#8230;4}
    <span class=sf-dump-index>2417</span> => {<a class=sf-dump-ref>#4179</a> &#8230;4}
    <span class=sf-dump-index>2418</span> => {<a class=sf-dump-ref>#4180</a> &#8230;4}
    <span class=sf-dump-index>2419</span> => {<a class=sf-dump-ref>#4181</a> &#8230;4}
    <span class=sf-dump-index>2420</span> => {<a class=sf-dump-ref>#4182</a> &#8230;4}
    <span class=sf-dump-index>2421</span> => {<a class=sf-dump-ref>#4183</a> &#8230;4}
    <span class=sf-dump-index>2422</span> => {<a class=sf-dump-ref>#4184</a> &#8230;4}
    <span class=sf-dump-index>2423</span> => {<a class=sf-dump-ref>#4185</a> &#8230;4}
    <span class=sf-dump-index>2424</span> => {<a class=sf-dump-ref>#4186</a> &#8230;4}
    <span class=sf-dump-index>2425</span> => {<a class=sf-dump-ref>#4187</a> &#8230;4}
    <span class=sf-dump-index>2426</span> => {<a class=sf-dump-ref>#4188</a> &#8230;4}
    <span class=sf-dump-index>2427</span> => {<a class=sf-dump-ref>#4189</a> &#8230;4}
    <span class=sf-dump-index>2428</span> => {<a class=sf-dump-ref>#4190</a> &#8230;4}
    <span class=sf-dump-index>2429</span> => {<a class=sf-dump-ref>#4191</a> &#8230;4}
    <span class=sf-dump-index>2430</span> => {<a class=sf-dump-ref>#4192</a> &#8230;4}
    <span class=sf-dump-index>2431</span> => {<a class=sf-dump-ref>#4193</a> &#8230;4}
    <span class=sf-dump-index>2432</span> => {<a class=sf-dump-ref>#4194</a> &#8230;4}
    <span class=sf-dump-index>2433</span> => {<a class=sf-dump-ref>#4195</a> &#8230;4}
    <span class=sf-dump-index>2434</span> => {<a class=sf-dump-ref>#4196</a> &#8230;4}
    <span class=sf-dump-index>2435</span> => {<a class=sf-dump-ref>#4197</a> &#8230;4}
    <span class=sf-dump-index>2436</span> => {<a class=sf-dump-ref>#4198</a> &#8230;4}
    <span class=sf-dump-index>2437</span> => {<a class=sf-dump-ref>#4199</a> &#8230;4}
    <span class=sf-dump-index>2438</span> => {<a class=sf-dump-ref>#4200</a> &#8230;4}
    <span class=sf-dump-index>2439</span> => {<a class=sf-dump-ref>#4201</a> &#8230;4}
    <span class=sf-dump-index>2440</span> => {<a class=sf-dump-ref>#4202</a> &#8230;4}
    <span class=sf-dump-index>2441</span> => {<a class=sf-dump-ref>#4203</a> &#8230;4}
    <span class=sf-dump-index>2442</span> => {<a class=sf-dump-ref>#4204</a> &#8230;4}
    <span class=sf-dump-index>2443</span> => {<a class=sf-dump-ref>#4205</a> &#8230;4}
    <span class=sf-dump-index>2444</span> => {<a class=sf-dump-ref>#4206</a> &#8230;4}
    <span class=sf-dump-index>2445</span> => {<a class=sf-dump-ref>#4207</a> &#8230;4}
    <span class=sf-dump-index>2446</span> => {<a class=sf-dump-ref>#4208</a> &#8230;4}
    <span class=sf-dump-index>2447</span> => {<a class=sf-dump-ref>#4209</a> &#8230;4}
    <span class=sf-dump-index>2448</span> => {<a class=sf-dump-ref>#4210</a> &#8230;4}
    <span class=sf-dump-index>2449</span> => {<a class=sf-dump-ref>#4211</a> &#8230;4}
    <span class=sf-dump-index>2450</span> => {<a class=sf-dump-ref>#4212</a> &#8230;4}
    <span class=sf-dump-index>2451</span> => {<a class=sf-dump-ref>#4213</a> &#8230;4}
    <span class=sf-dump-index>2452</span> => {<a class=sf-dump-ref>#4214</a> &#8230;4}
    <span class=sf-dump-index>2453</span> => {<a class=sf-dump-ref>#4215</a> &#8230;4}
    <span class=sf-dump-index>2454</span> => {<a class=sf-dump-ref>#4216</a> &#8230;4}
    <span class=sf-dump-index>2455</span> => {<a class=sf-dump-ref>#4217</a> &#8230;4}
    <span class=sf-dump-index>2456</span> => {<a class=sf-dump-ref>#4218</a> &#8230;4}
    <span class=sf-dump-index>2457</span> => {<a class=sf-dump-ref>#4219</a> &#8230;4}
    <span class=sf-dump-index>2458</span> => {<a class=sf-dump-ref>#4220</a> &#8230;4}
    <span class=sf-dump-index>2459</span> => {<a class=sf-dump-ref>#4221</a> &#8230;4}
    <span class=sf-dump-index>2460</span> => {<a class=sf-dump-ref>#4222</a> &#8230;4}
    <span class=sf-dump-index>2461</span> => {<a class=sf-dump-ref>#4223</a> &#8230;4}
    <span class=sf-dump-index>2462</span> => {<a class=sf-dump-ref>#4224</a> &#8230;4}
    <span class=sf-dump-index>2463</span> => {<a class=sf-dump-ref>#4225</a> &#8230;4}
    <span class=sf-dump-index>2464</span> => {<a class=sf-dump-ref>#4226</a> &#8230;4}
    <span class=sf-dump-index>2465</span> => {<a class=sf-dump-ref>#4227</a> &#8230;4}
    <span class=sf-dump-index>2466</span> => {<a class=sf-dump-ref>#4228</a> &#8230;4}
    <span class=sf-dump-index>2467</span> => {<a class=sf-dump-ref>#4229</a> &#8230;4}
    <span class=sf-dump-index>2468</span> => {<a class=sf-dump-ref>#4230</a> &#8230;4}
    <span class=sf-dump-index>2469</span> => {<a class=sf-dump-ref>#4231</a> &#8230;4}
    <span class=sf-dump-index>2470</span> => {<a class=sf-dump-ref>#4232</a> &#8230;4}
    <span class=sf-dump-index>2471</span> => {<a class=sf-dump-ref>#4233</a> &#8230;4}
    <span class=sf-dump-index>2472</span> => {<a class=sf-dump-ref>#4234</a> &#8230;4}
    <span class=sf-dump-index>2473</span> => {<a class=sf-dump-ref>#4235</a> &#8230;4}
    <span class=sf-dump-index>2474</span> => {<a class=sf-dump-ref>#4236</a> &#8230;4}
    <span class=sf-dump-index>2475</span> => {<a class=sf-dump-ref>#4237</a> &#8230;4}
    <span class=sf-dump-index>2476</span> => {<a class=sf-dump-ref>#4238</a> &#8230;4}
    <span class=sf-dump-index>2477</span> => {<a class=sf-dump-ref>#4239</a> &#8230;4}
    <span class=sf-dump-index>2478</span> => {<a class=sf-dump-ref>#4240</a> &#8230;4}
    <span class=sf-dump-index>2479</span> => {<a class=sf-dump-ref>#4241</a> &#8230;4}
    <span class=sf-dump-index>2480</span> => {<a class=sf-dump-ref>#4242</a> &#8230;4}
    <span class=sf-dump-index>2481</span> => {<a class=sf-dump-ref>#4243</a> &#8230;4}
    <span class=sf-dump-index>2482</span> => {<a class=sf-dump-ref>#4244</a> &#8230;4}
    <span class=sf-dump-index>2483</span> => {<a class=sf-dump-ref>#4245</a> &#8230;4}
    <span class=sf-dump-index>2484</span> => {<a class=sf-dump-ref>#4246</a> &#8230;4}
    <span class=sf-dump-index>2485</span> => {<a class=sf-dump-ref>#4247</a> &#8230;4}
    <span class=sf-dump-index>2486</span> => {<a class=sf-dump-ref>#4248</a> &#8230;4}
    <span class=sf-dump-index>2487</span> => {<a class=sf-dump-ref>#4249</a> &#8230;4}
    <span class=sf-dump-index>2488</span> => {<a class=sf-dump-ref>#4250</a> &#8230;4}
    <span class=sf-dump-index>2489</span> => {<a class=sf-dump-ref>#4251</a> &#8230;4}
    <span class=sf-dump-index>2490</span> => {<a class=sf-dump-ref>#4252</a> &#8230;4}
    <span class=sf-dump-index>2491</span> => {<a class=sf-dump-ref>#4253</a> &#8230;4}
    <span class=sf-dump-index>2492</span> => {<a class=sf-dump-ref>#4254</a> &#8230;4}
    <span class=sf-dump-index>2493</span> => {<a class=sf-dump-ref>#4255</a> &#8230;4}
    <span class=sf-dump-index>2494</span> => {<a class=sf-dump-ref>#4256</a> &#8230;4}
    <span class=sf-dump-index>2495</span> => {<a class=sf-dump-ref>#4257</a> &#8230;4}
    <span class=sf-dump-index>2496</span> => {<a class=sf-dump-ref>#4258</a> &#8230;4}
    <span class=sf-dump-index>2497</span> => {<a class=sf-dump-ref>#4259</a> &#8230;4}
    <span class=sf-dump-index>2498</span> => {<a class=sf-dump-ref>#4260</a> &#8230;4}
    <span class=sf-dump-index>2499</span> => {<a class=sf-dump-ref>#4261</a> &#8230;4}
     &#8230;18762
  </samp>]
  #<span class=sf-dump-protected title=\"Protected property\">escapeWhenCastingToString</span>: <span class=sf-dump-const>false</span>
</samp>}
</pre><script>Sfdump(\"sf-dump-265110130\", {\"maxDepth\":3,\"maxStringLength\":160})</script>
"}},"userId":37,"exception":"[object] (Spatie\\LaravelIgnition\\Exceptions\\ViewException(code: 0): Method Illuminate\\Support\\Collection::total does not exist. at C:/xampp/htdocs/edhartiMain/vendor/laravel/framework/src/Illuminate/Macroable/Traits/Macroable.php:112)
[stacktrace]
#0 C:/xampp/htdocs/edhartiMain/resources/views/report/lease-hold-demand-report.blade.php(205): Illuminate/Support/Collection->__call('total', Array)
#1 C:/xampp/htdocs/edhartiMain/vendor/laravel/framework/src/Illuminate/Filesystem/Filesystem.php(123): require('C://xampp//htdocs...')
#2 C:/xampp/htdocs/edhartiMain/vendor/laravel/framework/src/Illuminate/Filesystem/Filesystem.php(124): Illuminate/Filesystem/Filesystem::Illuminate/Filesystem/{closure}()
#3 C:/xampp/htdocs/edhartiMain/vendor/laravel/framework/src/Illuminate/View/Engines/PhpEngine.php(58): Illuminate/Filesystem/Filesystem->getRequire('C://xampp//htdocs...', Array)
#4 C:/xampp/htdocs/edhartiMain/vendor/laravel/framework/src/Illuminate/View/Engines/CompilerEngine.php(72): Illuminate/View/Engines/PhpEngine->evaluatePath('C://xampp//htdocs...', Array)
#5 C:/xampp/htdocs/edhartiMain/vendor/laravel/framework/src/Illuminate/View/View.php(207): Illuminate/View/Engines/CompilerEngine->get('C://xampp//htdocs...', Array)
#6 C:/xampp/htdocs/edhartiMain/vendor/laravel/framework/src/Illuminate/View/View.php(190): Illuminate/View/View->getContents()
#7 C:/xampp/htdocs/edhartiMain/vendor/laravel/framework/src/Illuminate/View/View.php(159): Illuminate/View/View->renderContents()
#8 C:/xampp/htdocs/edhartiMain/vendor/laravel/framework/src/Illuminate/Http/Response.php(69): Illuminate/View/View->render()
#9 C:/xampp/htdocs/edhartiMain/vendor/laravel/framework/src/Illuminate/Http/Response.php(35): Illuminate/Http/Response->setContent(Object(Illuminate/View/View))
#10 C:/xampp/htdocs/edhartiMain/vendor/laravel/framework/src/Illuminate/Routing/Router.php(918): Illuminate/Http/Response->__construct(Object(Illuminate/View/View), 200, Array)
#11 C:/xampp/htdocs/edhartiMain/vendor/laravel/framework/src/Illuminate/Routing/Router.php(885): Illuminate/Routing/Router::toResponse(Object(Illuminate/Http/Request), Object(Illuminate/View/View))
#12 C:/xampp/htdocs/edhartiMain/vendor/laravel/framework/src/Illuminate/Routing/Router.php(805): Illuminate/Routing/Router->prepareResponse(Object(Illuminate/Http/Request), Object(Illuminate/View/View))
#13 C:/xampp/htdocs/edhartiMain/vendor/laravel/framework/src/Illuminate/Pipeline/Pipeline.php(144): Illuminate/Routing/Router->Illuminate/Routing/{closure}(Object(Illuminate/Http/Request))
#14 C:/xampp/htdocs/edhartiMain/app/Http/Middleware/OldRegistrationsMiddleware.php(140): Illuminate/Pipeline/Pipeline->Illuminate/Pipeline/{closure}(Object(Illuminate/Http/Request))
#15 C:/xampp/htdocs/edhartiMain/vendor/laravel/framework/src/Illuminate/Pipeline/Pipeline.php(183): App/Http/Middleware/OldRegistrationsMiddleware->handle(Object(Illuminate/Http/Request), Object(Closure))
#16 C:/xampp/htdocs/edhartiMain/app/Http/Middleware/VerifySessionIntegrity.php(43): Illuminate/Pipeline/Pipeline->Illuminate/Pipeline/{closure}(Object(Illuminate/Http/Request))
#17 C:/xampp/htdocs/edhartiMain/vendor/laravel/framework/src/Illuminate/Pipeline/Pipeline.php(183): App/Http/Middleware/VerifySessionIntegrity->handle(Object(Illuminate/Http/Request), Object(Closure))
#18 C:/xampp/htdocs/edhartiMain/app/Http/Middleware/SanitizeInput.php(32): Illuminate/Pipeline/Pipeline->Illuminate/Pipeline/{closure}(Object(Illuminate/Http/Request))
#19 C:/xampp/htdocs/edhartiMain/vendor/laravel/framework/src/Illuminate/Pipeline/Pipeline.php(183): App/Http/Middleware/SanitizeInput->handle(Object(Illuminate/Http/Request), Object(Closure))
#20 C:/xampp/htdocs/edhartiMain/vendor/laravel/framework/src/Illuminate/Routing/Middleware/SubstituteBindings.php(50): Illuminate/Pipeline/Pipeline->Illuminate/Pipeline/{closure}(Object(Illuminate/Http/Request))
#21 C:/xampp/htdocs/edhartiMain/vendor/laravel/framework/src/Illuminate/Pipeline/Pipeline.php(183): Illuminate/Routing/Middleware/SubstituteBindings->handle(Object(Illuminate/Http/Request), Object(Closure))
#22 C:/xampp/htdocs/edhartiMain/vendor/laravel/framework/src/Illuminate/Auth/Middleware/Authenticate.php(57): Illuminate/Pipeline/Pipeline->Illuminate/Pipeline/{closure}(Object(Illuminate/Http/Request))
#23 C:/xampp/htdocs/edhartiMain/vendor/laravel/framework/src/Illuminate/Pipeline/Pipeline.php(183): Illuminate/Auth/Middleware/Authenticate->handle(Object(Illuminate/Http/Request), Object(Closure))
#24 C:/xampp/htdocs/edhartiMain/vendor/laravel/framework/src/Illuminate/Foundation/Http/Middleware/VerifyCsrfToken.php(78): Illuminate/Pipeline/Pipeline->Illuminate/Pipeline/{closure}(Object(Illuminate/Http/Request))
#25 C:/xampp/htdocs/edhartiMain/vendor/laravel/framework/src/Illuminate/Pipeline/Pipeline.php(183): Illuminate/Foundation/Http/Middleware/VerifyCsrfToken->handle(Object(Illuminate/Http/Request), Object(Closure))
#26 C:/xampp/htdocs/edhartiMain/vendor/laravel/framework/src/Illuminate/View/Middleware/ShareErrorsFromSession.php(49): Illuminate/Pipeline/Pipeline->Illuminate/Pipeline/{closure}(Object(Illuminate/Http/Request))
#27 C:/xampp/htdocs/edhartiMain/vendor/laravel/framework/src/Illuminate/Pipeline/Pipeline.php(183): Illuminate/View/Middleware/ShareErrorsFromSession->handle(Object(Illuminate/Http/Request), Object(Closure))
#28 C:/xampp/htdocs/edhartiMain/vendor/laravel/framework/src/Illuminate/Session/Middleware/StartSession.php(121): Illuminate/Pipeline/Pipeline->Illuminate/Pipeline/{closure}(Object(Illuminate/Http/Request))
#29 C:/xampp/htdocs/edhartiMain/vendor/laravel/framework/src/Illuminate/Session/Middleware/StartSession.php(64): Illuminate/Session/Middleware/StartSession->handleStatefulRequest(Object(Illuminate/Http/Request), Object(Illuminate/Session/Store), Object(Closure))
#30 C:/xampp/htdocs/edhartiMain/vendor/laravel/framework/src/Illuminate/Pipeline/Pipeline.php(183): Illuminate/Session/Middleware/StartSession->handle(Object(Illuminate/Http/Request), Object(Closure))
#31 C:/xampp/htdocs/edhartiMain/vendor/laravel/framework/src/Illuminate/Cookie/Middleware/AddQueuedCookiesToResponse.php(37): Illuminate/Pipeline/Pipeline->Illuminate/Pipeline/{closure}(Object(Illuminate/Http/Request))
#32 C:/xampp/htdocs/edhartiMain/vendor/laravel/framework/src/Illuminate/Pipeline/Pipeline.php(183): Illuminate/Cookie/Middleware/AddQueuedCookiesToResponse->handle(Object(Illuminate/Http/Request), Object(Closure))
#33 C:/xampp/htdocs/edhartiMain/vendor/laravel/framework/src/Illuminate/Cookie/Middleware/EncryptCookies.php(67): Illuminate/Pipeline/Pipeline->Illuminate/Pipeline/{closure}(Object(Illuminate/Http/Request))
#34 C:/xampp/htdocs/edhartiMain/vendor/laravel/framework/src/Illuminate/Pipeline/Pipeline.php(183): Illuminate/Cookie/Middleware/EncryptCookies->handle(Object(Illuminate/Http/Request), Object(Closure))
#35 C:/xampp/htdocs/edhartiMain/vendor/laravel/framework/src/Illuminate/Pipeline/Pipeline.php(119): Illuminate/Pipeline/Pipeline->Illuminate/Pipeline/{closure}(Object(Illuminate/Http/Request))
#36 C:/xampp/htdocs/edhartiMain/vendor/laravel/framework/src/Illuminate/Routing/Router.php(805): Illuminate/Pipeline/Pipeline->then(Object(Closure))
#37 C:/xampp/htdocs/edhartiMain/vendor/laravel/framework/src/Illuminate/Routing/Router.php(784): Illuminate/Routing/Router->runRouteWithinStack(Object(Illuminate/Routing/Route), Object(Illuminate/Http/Request))
#38 C:/xampp/htdocs/edhartiMain/vendor/laravel/framework/src/Illuminate/Routing/Router.php(748): Illuminate/Routing/Router->runRoute(Object(Illuminate/Http/Request), Object(Illuminate/Routing/Route))
#39 C:/xampp/htdocs/edhartiMain/vendor/laravel/framework/src/Illuminate/Routing/Router.php(737): Illuminate/Routing/Router->dispatchToRoute(Object(Illuminate/Http/Request))
#40 C:/xampp/htdocs/edhartiMain/vendor/laravel/framework/src/Illuminate/Foundation/Http/Kernel.php(200): Illuminate/Routing/Router->dispatch(Object(Illuminate/Http/Request))
#41 C:/xampp/htdocs/edhartiMain/vendor/laravel/framework/src/Illuminate/Pipeline/Pipeline.php(144): Illuminate/Foundation/Http/Kernel->Illuminate/Foundation/Http/{closure}(Object(Illuminate/Http/Request))
#42 C:/xampp/htdocs/edhartiMain/app/Http/Middleware/PreventClickjacking.php(18): Illuminate/Pipeline/Pipeline->Illuminate/Pipeline/{closure}(Object(Illuminate/Http/Request))
#43 C:/xampp/htdocs/edhartiMain/vendor/laravel/framework/src/Illuminate/Pipeline/Pipeline.php(183): App/Http/Middleware/PreventClickjacking->handle(Object(Illuminate/Http/Request), Object(Closure))
#44 C:/xampp/htdocs/edhartiMain/vendor/laravel/framework/src/Illuminate/Foundation/Http/Middleware/TransformsRequest.php(21): Illuminate/Pipeline/Pipeline->Illuminate/Pipeline/{closure}(Object(Illuminate/Http/Request))
#45 C:/xampp/htdocs/edhartiMain/vendor/laravel/framework/src/Illuminate/Foundation/Http/Middleware/ConvertEmptyStringsToNull.php(31): Illuminate/Foundation/Http/Middleware/TransformsRequest->handle(Object(Illuminate/Http/Request), Object(Closure))
#46 C:/xampp/htdocs/edhartiMain/vendor/laravel/framework/src/Illuminate/Pipeline/Pipeline.php(183): Illuminate/Foundation/Http/Middleware/ConvertEmptyStringsToNull->handle(Object(Illuminate/Http/Request), Object(Closure))
#47 C:/xampp/htdocs/edhartiMain/vendor/laravel/framework/src/Illuminate/Foundation/Http/Middleware/TransformsRequest.php(21): Illuminate/Pipeline/Pipeline->Illuminate/Pipeline/{closure}(Object(Illuminate/Http/Request))
#48 C:/xampp/htdocs/edhartiMain/vendor/laravel/framework/src/Illuminate/Foundation/Http/Middleware/TrimStrings.php(40): Illuminate/Foundation/Http/Middleware/TransformsRequest->handle(Object(Illuminate/Http/Request), Object(Closure))
#49 C:/xampp/htdocs/edhartiMain/vendor/laravel/framework/src/Illuminate/Pipeline/Pipeline.php(183): Illuminate/Foundation/Http/Middleware/TrimStrings->handle(Object(Illuminate/Http/Request), Object(Closure))
#50 C:/xampp/htdocs/edhartiMain/vendor/laravel/framework/src/Illuminate/Foundation/Http/Middleware/ValidatePostSize.php(27): Illuminate/Pipeline/Pipeline->Illuminate/Pipeline/{closure}(Object(Illuminate/Http/Request))
#51 C:/xampp/htdocs/edhartiMain/vendor/laravel/framework/src/Illuminate/Pipeline/Pipeline.php(183): Illuminate/Foundation/Http/Middleware/ValidatePostSize->handle(Object(Illuminate/Http/Request), Object(Closure))
#52 C:/xampp/htdocs/edhartiMain/vendor/laravel/framework/src/Illuminate/Foundation/Http/Middleware/PreventRequestsDuringMaintenance.php(99): Illuminate/Pipeline/Pipeline->Illuminate/Pipeline/{closure}(Object(Illuminate/Http/Request))
#53 C:/xampp/htdocs/edhartiMain/vendor/laravel/framework/src/Illuminate/Pipeline/Pipeline.php(183): Illuminate/Foundation/Http/Middleware/PreventRequestsDuringMaintenance->handle(Object(Illuminate/Http/Request), Object(Closure))
#54 C:/xampp/htdocs/edhartiMain/vendor/laravel/framework/src/Illuminate/Http/Middleware/HandleCors.php(49): Illuminate/Pipeline/Pipeline->Illuminate/Pipeline/{closure}(Object(Illuminate/Http/Request))
#55 C:/xampp/htdocs/edhartiMain/vendor/laravel/framework/src/Illuminate/Pipeline/Pipeline.php(183): Illuminate/Http/Middleware/HandleCors->handle(Object(Illuminate/Http/Request), Object(Closure))
#56 C:/xampp/htdocs/edhartiMain/vendor/laravel/framework/src/Illuminate/Http/Middleware/TrustProxies.php(39): Illuminate/Pipeline/Pipeline->Illuminate/Pipeline/{closure}(Object(Illuminate/Http/Request))
#57 C:/xampp/htdocs/edhartiMain/vendor/laravel/framework/src/Illuminate/Pipeline/Pipeline.php(183): Illuminate/Http/Middleware/TrustProxies->handle(Object(Illuminate/Http/Request), Object(Closure))
#58 C:/xampp/htdocs/edhartiMain/vendor/laravel/framework/src/Illuminate/Pipeline/Pipeline.php(119): Illuminate/Pipeline/Pipeline->Illuminate/Pipeline/{closure}(Object(Illuminate/Http/Request))
#59 C:/xampp/htdocs/edhartiMain/vendor/laravel/framework/src/Illuminate/Foundation/Http/Kernel.php(175): Illuminate/Pipeline/Pipeline->then(Object(Closure))
#60 C:/xampp/htdocs/edhartiMain/vendor/laravel/framework/src/Illuminate/Foundation/Http/Kernel.php(144): Illuminate/Foundation/Http/Kernel->sendRequestThroughRouter(Object(Illuminate/Http/Request))
#61 C:/xampp/htdocs/edhartiMain/public/index.php(51): Illuminate/Foundation/Http/Kernel->handle(Object(Illuminate/Http/Request))
#62 C:/xampp/htdocs/edhartiMain/vendor/laravel/framework/src/Illuminate/Foundation/resources/server.php(16): require_once('C://xampp//htdocs...')
#63 {main}

[previous exception] [object] (BadMethodCallException(code: 0): Method Illuminate\\Support\\Collection::total does not exist. at C:/xampp/htdocs/edhartiMain/vendor/laravel/framework/src/Illuminate/Macroable/Traits/Macroable.php:112)
[stacktrace]
#0 C:/xampp/htdocs/edhartiMain/storage/framework/views/be5c64011d6c6d62229518fedc1663c4.php(82): Illuminate/Support/Collection->__call('total', Array)
#1 C:/xampp/htdocs/edhartiMain/vendor/laravel/framework/src/Illuminate/Filesystem/Filesystem.php(123): require('C://xampp//htdocs...')
#2 C:/xampp/htdocs/edhartiMain/vendor/laravel/framework/src/Illuminate/Filesystem/Filesystem.php(124): Illuminate/Filesystem/Filesystem::Illuminate/Filesystem/{closure}()
#3 C:/xampp/htdocs/edhartiMain/vendor/laravel/framework/src/Illuminate/View/Engines/PhpEngine.php(58): Illuminate/Filesystem/Filesystem->getRequire('C://xampp//htdocs...', Array)
#4 C:/xampp/htdocs/edhartiMain/vendor/laravel/framework/src/Illuminate/View/Engines/CompilerEngine.php(72): Illuminate/View/Engines/PhpEngine->evaluatePath('C://xampp//htdocs...', Array)
#5 C:/xampp/htdocs/edhartiMain/vendor/laravel/framework/src/Illuminate/View/View.php(207): Illuminate/View/Engines/CompilerEngine->get('C://xampp//htdocs...', Array)
#6 C:/xampp/htdocs/edhartiMain/vendor/laravel/framework/src/Illuminate/View/View.php(190): Illuminate/View/View->getContents()
#7 C:/xampp/htdocs/edhartiMain/vendor/laravel/framework/src/Illuminate/View/View.php(159): Illuminate/View/View->renderContents()
#8 C:/xampp/htdocs/edhartiMain/vendor/laravel/framework/src/Illuminate/Http/Response.php(69): Illuminate/View/View->render()
#9 C:/xampp/htdocs/edhartiMain/vendor/laravel/framework/src/Illuminate/Http/Response.php(35): Illuminate/Http/Response->setContent(Object(Illuminate/View/View))
#10 C:/xampp/htdocs/edhartiMain/vendor/laravel/framework/src/Illuminate/Routing/Router.php(918): Illuminate/Http/Response->__construct(Object(Illuminate/View/View), 200, Array)
#11 C:/xampp/htdocs/edhartiMain/vendor/laravel/framework/src/Illuminate/Routing/Router.php(885): Illuminate/Routing/Router::toResponse(Object(Illuminate/Http/Request), Object(Illuminate/View/View))
#12 C:/xampp/htdocs/edhartiMain/vendor/laravel/framework/src/Illuminate/Routing/Router.php(805): Illuminate/Routing/Router->prepareResponse(Object(Illuminate/Http/Request), Object(Illuminate/View/View))
#13 C:/xampp/htdocs/edhartiMain/vendor/laravel/framework/src/Illuminate/Pipeline/Pipeline.php(144): Illuminate/Routing/Router->Illuminate/Routing/{closure}(Object(Illuminate/Http/Request))
#14 C:/xampp/htdocs/edhartiMain/app/Http/Middleware/OldRegistrationsMiddleware.php(140): Illuminate/Pipeline/Pipeline->Illuminate/Pipeline/{closure}(Object(Illuminate/Http/Request))
#15 C:/xampp/htdocs/edhartiMain/vendor/laravel/framework/src/Illuminate/Pipeline/Pipeline.php(183): App/Http/Middleware/OldRegistrationsMiddleware->handle(Object(Illuminate/Http/Request), Object(Closure))
#16 C:/xampp/htdocs/edhartiMain/app/Http/Middleware/VerifySessionIntegrity.php(43): Illuminate/Pipeline/Pipeline->Illuminate/Pipeline/{closure}(Object(Illuminate/Http/Request))
#17 C:/xampp/htdocs/edhartiMain/vendor/laravel/framework/src/Illuminate/Pipeline/Pipeline.php(183): App/Http/Middleware/VerifySessionIntegrity->handle(Object(Illuminate/Http/Request), Object(Closure))
#18 C:/xampp/htdocs/edhartiMain/app/Http/Middleware/SanitizeInput.php(32): Illuminate/Pipeline/Pipeline->Illuminate/Pipeline/{closure}(Object(Illuminate/Http/Request))
#19 C:/xampp/htdocs/edhartiMain/vendor/laravel/framework/src/Illuminate/Pipeline/Pipeline.php(183): App/Http/Middleware/SanitizeInput->handle(Object(Illuminate/Http/Request), Object(Closure))
#20 C:/xampp/htdocs/edhartiMain/vendor/laravel/framework/src/Illuminate/Routing/Middleware/SubstituteBindings.php(50): Illuminate/Pipeline/Pipeline->Illuminate/Pipeline/{closure}(Object(Illuminate/Http/Request))
#21 C:/xampp/htdocs/edhartiMain/vendor/laravel/framework/src/Illuminate/Pipeline/Pipeline.php(183): Illuminate/Routing/Middleware/SubstituteBindings->handle(Object(Illuminate/Http/Request), Object(Closure))
#22 C:/xampp/htdocs/edhartiMain/vendor/laravel/framework/src/Illuminate/Auth/Middleware/Authenticate.php(57): Illuminate/Pipeline/Pipeline->Illuminate/Pipeline/{closure}(Object(Illuminate/Http/Request))
#23 C:/xampp/htdocs/edhartiMain/vendor/laravel/framework/src/Illuminate/Pipeline/Pipeline.php(183): Illuminate/Auth/Middleware/Authenticate->handle(Object(Illuminate/Http/Request), Object(Closure))
#24 C:/xampp/htdocs/edhartiMain/vendor/laravel/framework/src/Illuminate/Foundation/Http/Middleware/VerifyCsrfToken.php(78): Illuminate/Pipeline/Pipeline->Illuminate/Pipeline/{closure}(Object(Illuminate/Http/Request))
#25 C:/xampp/htdocs/edhartiMain/vendor/laravel/framework/src/Illuminate/Pipeline/Pipeline.php(183): Illuminate/Foundation/Http/Middleware/VerifyCsrfToken->handle(Object(Illuminate/Http/Request), Object(Closure))
#26 C:/xampp/htdocs/edhartiMain/vendor/laravel/framework/src/Illuminate/View/Middleware/ShareErrorsFromSession.php(49): Illuminate/Pipeline/Pipeline->Illuminate/Pipeline/{closure}(Object(Illuminate/Http/Request))
#27 C:/xampp/htdocs/edhartiMain/vendor/laravel/framework/src/Illuminate/Pipeline/Pipeline.php(183): Illuminate/View/Middleware/ShareErrorsFromSession->handle(Object(Illuminate/Http/Request), Object(Closure))
#28 C:/xampp/htdocs/edhartiMain/vendor/laravel/framework/src/Illuminate/Session/Middleware/StartSession.php(121): Illuminate/Pipeline/Pipeline->Illuminate/Pipeline/{closure}(Object(Illuminate/Http/Request))
#29 C:/xampp/htdocs/edhartiMain/vendor/laravel/framework/src/Illuminate/Session/Middleware/StartSession.php(64): Illuminate/Session/Middleware/StartSession->handleStatefulRequest(Object(Illuminate/Http/Request), Object(Illuminate/Session/Store), Object(Closure))
#30 C:/xampp/htdocs/edhartiMain/vendor/laravel/framework/src/Illuminate/Pipeline/Pipeline.php(183): Illuminate/Session/Middleware/StartSession->handle(Object(Illuminate/Http/Request), Object(Closure))
#31 C:/xampp/htdocs/edhartiMain/vendor/laravel/framework/src/Illuminate/Cookie/Middleware/AddQueuedCookiesToResponse.php(37): Illuminate/Pipeline/Pipeline->Illuminate/Pipeline/{closure}(Object(Illuminate/Http/Request))
#32 C:/xampp/htdocs/edhartiMain/vendor/laravel/framework/src/Illuminate/Pipeline/Pipeline.php(183): Illuminate/Cookie/Middleware/AddQueuedCookiesToResponse->handle(Object(Illuminate/Http/Request), Object(Closure))
#33 C:/xampp/htdocs/edhartiMain/vendor/laravel/framework/src/Illuminate/Cookie/Middleware/EncryptCookies.php(67): Illuminate/Pipeline/Pipeline->Illuminate/Pipeline/{closure}(Object(Illuminate/Http/Request))
#34 C:/xampp/htdocs/edhartiMain/vendor/laravel/framework/src/Illuminate/Pipeline/Pipeline.php(183): Illuminate/Cookie/Middleware/EncryptCookies->handle(Object(Illuminate/Http/Request), Object(Closure))
#35 C:/xampp/htdocs/edhartiMain/vendor/laravel/framework/src/Illuminate/Pipeline/Pipeline.php(119): Illuminate/Pipeline/Pipeline->Illuminate/Pipeline/{closure}(Object(Illuminate/Http/Request))
#36 C:/xampp/htdocs/edhartiMain/vendor/laravel/framework/src/Illuminate/Routing/Router.php(805): Illuminate/Pipeline/Pipeline->then(Object(Closure))
#37 C:/xampp/htdocs/edhartiMain/vendor/laravel/framework/src/Illuminate/Routing/Router.php(784): Illuminate/Routing/Router->runRouteWithinStack(Object(Illuminate/Routing/Route), Object(Illuminate/Http/Request))
#38 C:/xampp/htdocs/edhartiMain/vendor/laravel/framework/src/Illuminate/Routing/Router.php(748): Illuminate/Routing/Router->runRoute(Object(Illuminate/Http/Request), Object(Illuminate/Routing/Route))
#39 C:/xampp/htdocs/edhartiMain/vendor/laravel/framework/src/Illuminate/Routing/Router.php(737): Illuminate/Routing/Router->dispatchToRoute(Object(Illuminate/Http/Request))
#40 C:/xampp/htdocs/edhartiMain/vendor/laravel/framework/src/Illuminate/Foundation/Http/Kernel.php(200): Illuminate/Routing/Router->dispatch(Object(Illuminate/Http/Request))
#41 C:/xampp/htdocs/edhartiMain/vendor/laravel/framework/src/Illuminate/Pipeline/Pipeline.php(144): Illuminate/Foundation/Http/Kernel->Illuminate/Foundation/Http/{closure}(Object(Illuminate/Http/Request))
#42 C:/xampp/htdocs/edhartiMain/app/Http/Middleware/PreventClickjacking.php(18): Illuminate/Pipeline/Pipeline->Illuminate/Pipeline/{closure}(Object(Illuminate/Http/Request))
#43 C:/xampp/htdocs/edhartiMain/vendor/laravel/framework/src/Illuminate/Pipeline/Pipeline.php(183): App/Http/Middleware/PreventClickjacking->handle(Object(Illuminate/Http/Request), Object(Closure))
#44 C:/xampp/htdocs/edhartiMain/vendor/laravel/framework/src/Illuminate/Foundation/Http/Middleware/TransformsRequest.php(21): Illuminate/Pipeline/Pipeline->Illuminate/Pipeline/{closure}(Object(Illuminate/Http/Request))
#45 C:/xampp/htdocs/edhartiMain/vendor/laravel/framework/src/Illuminate/Foundation/Http/Middleware/ConvertEmptyStringsToNull.php(31): Illuminate/Foundation/Http/Middleware/TransformsRequest->handle(Object(Illuminate/Http/Request), Object(Closure))
#46 C:/xampp/htdocs/edhartiMain/vendor/laravel/framework/src/Illuminate/Pipeline/Pipeline.php(183): Illuminate/Foundation/Http/Middleware/ConvertEmptyStringsToNull->handle(Object(Illuminate/Http/Request), Object(Closure))
#47 C:/xampp/htdocs/edhartiMain/vendor/laravel/framework/src/Illuminate/Foundation/Http/Middleware/TransformsRequest.php(21): Illuminate/Pipeline/Pipeline->Illuminate/Pipeline/{closure}(Object(Illuminate/Http/Request))
#48 C:/xampp/htdocs/edhartiMain/vendor/laravel/framework/src/Illuminate/Foundation/Http/Middleware/TrimStrings.php(40): Illuminate/Foundation/Http/Middleware/TransformsRequest->handle(Object(Illuminate/Http/Request), Object(Closure))
#49 C:/xampp/htdocs/edhartiMain/vendor/laravel/framework/src/Illuminate/Pipeline/Pipeline.php(183): Illuminate/Foundation/Http/Middleware/TrimStrings->handle(Object(Illuminate/Http/Request), Object(Closure))
#50 C:/xampp/htdocs/edhartiMain/vendor/laravel/framework/src/Illuminate/Foundation/Http/Middleware/ValidatePostSize.php(27): Illuminate/Pipeline/Pipeline->Illuminate/Pipeline/{closure}(Object(Illuminate/Http/Request))
#51 C:/xampp/htdocs/edhartiMain/vendor/laravel/framework/src/Illuminate/Pipeline/Pipeline.php(183): Illuminate/Foundation/Http/Middleware/ValidatePostSize->handle(Object(Illuminate/Http/Request), Object(Closure))
#52 C:/xampp/htdocs/edhartiMain/vendor/laravel/framework/src/Illuminate/Foundation/Http/Middleware/PreventRequestsDuringMaintenance.php(99): Illuminate/Pipeline/Pipeline->Illuminate/Pipeline/{closure}(Object(Illuminate/Http/Request))
#53 C:/xampp/htdocs/edhartiMain/vendor/laravel/framework/src/Illuminate/Pipeline/Pipeline.php(183): Illuminate/Foundation/Http/Middleware/PreventRequestsDuringMaintenance->handle(Object(Illuminate/Http/Request), Object(Closure))
#54 C:/xampp/htdocs/edhartiMain/vendor/laravel/framework/src/Illuminate/Http/Middleware/HandleCors.php(49): Illuminate/Pipeline/Pipeline->Illuminate/Pipeline/{closure}(Object(Illuminate/Http/Request))
#55 C:/xampp/htdocs/edhartiMain/vendor/laravel/framework/src/Illuminate/Pipeline/Pipeline.php(183): Illuminate/Http/Middleware/HandleCors->handle(Object(Illuminate/Http/Request), Object(Closure))
#56 C:/xampp/htdocs/edhartiMain/vendor/laravel/framework/src/Illuminate/Http/Middleware/TrustProxies.php(39): Illuminate/Pipeline/Pipeline->Illuminate/Pipeline/{closure}(Object(Illuminate/Http/Request))
#57 C:/xampp/htdocs/edhartiMain/vendor/laravel/framework/src/Illuminate/Pipeline/Pipeline.php(183): Illuminate/Http/Middleware/TrustProxies->handle(Object(Illuminate/Http/Request), Object(Closure))
#58 C:/xampp/htdocs/edhartiMain/vendor/laravel/framework/src/Illuminate/Pipeline/Pipeline.php(119): Illuminate/Pipeline/Pipeline->Illuminate/Pipeline/{closure}(Object(Illuminate/Http/Request))
#59 C:/xampp/htdocs/edhartiMain/vendor/laravel/framework/src/Illuminate/Foundation/Http/Kernel.php(175): Illuminate/Pipeline/Pipeline->then(Object(Closure))
#60 C:/xampp/htdocs/edhartiMain/vendor/laravel/framework/src/Illuminate/Foundation/Http/Kernel.php(144): Illuminate/Foundation/Http/Kernel->sendRequestThroughRouter(Object(Illuminate/Http/Request))
#61 C:/xampp/htdocs/edhartiMain/public/index.php(51): Illuminate/Foundation/Http/Kernel->handle(Object(Illuminate/Http/Request))
#62 C:/xampp/htdocs/edhartiMain/vendor/laravel/framework/src/Illuminate/Foundation/resources/server.php(16): require_once('C://xampp//htdocs...')
#63 {main}
"} 
